experiment,model_name,rank,likelihood,outcome,viability,sparcity,similarity,dllh,ollh,source_outcome,target_outcome,cf,fa,run.mask,run.duration,run.duration_sec,run.short_name,run.full_name,run.no,wrapper.type,gen.vocab_len,gen.max_len,gen.feature_len,gen.ft_mode,gen.model,gen.max_iter,gen.num_survivors,gen.sample_size,gen.evo.num_survivors,gen.initiator.type,gen.selector.type,gen.crosser.type,gen.crosser.crossover_rate,gen.mutator.type,gen.mutator.p_delete,gen.mutator.p_insert,gen.mutator.p_change,gen.mutator.p_transp,gen.mutator.p_none,gen.recombiner.type,gen.recombiner.recombination_rate,viab.data_distribution,viab.vocab_len,viab.max_len,viab.measure_mask,viab.type,instance.no,iteration.no,row.no
1,EvolutionaryStrategy,50,0.9992638230323792,1,1.8946645729914546,0.6547619047619048,0.7371538254643073,0.003052081395537485,0.4996967613697052,0,1,33 > 01 > 02 > 03 > 04 > 05 > 07 > 08 > 09 > 10 > 11 > 12 > 06 > 13 > 14 > 13 > 14 > 33 > 17 > 26,33 > 01 > 02 > 03 > 04 > 05 > 06 > 05 > 07 > 09 > 08 > 10 > 11 > 12 > 06 > 13 > 14 > 13 > 14 > 13 > 25 > 24 > 14,1111,0:00:00.042000,0.04200029373168945,EGW_ES_EGW_CBI_RWS_OPC_DDM_FIR_IM,EvoGeneratorWrapper_EvolutionaryStrategy_EvoGeneratorWrapper_CaseBasedInitiator_RouletteWheelSelector_OnePointCrosser_DataDistributionMutator_FittestIndividualRecombiner_ImprovementMeasure,1,EvoGeneratorWrapper,34,27,21,1,EvolutionaryStrategy,30,500,100,500,CaseBasedInitiator,RouletteWheelSelector,OnePointCrosser,,DataDistributionMutator,0.10890295863507793,0.005427757687411152,0.7739560485559633,0.09920581672514749,0.01250741839640008,FittestIndividualRecombiner,,486,34,27,1111,ImprovementMeasure,1,1,1
1,EvolutionaryStrategy,37,0.9992227554321289,1,1.8951497164231466,0.6346153846153846,0.7608580846335765,1.9604605598408633e-08,0.4996762275695801,0,1,01 > 04 > 00 > 06 > 00 > 00 > 08 > 00 > 10 > 00 > 00 > 00 > 00 > 13 > 14 > 24 > 00 > 28,33 > 01 > 02 > 03 > 04 > 05 > 06 > 05 > 07 > 09 > 08 > 10 > 11 > 12 > 06 > 13 > 14 > 13 > 14 > 13 > 25 > 24 > 14,1111,0:00:00.042000,0.04200029373168945,EGW_ES_EGW_CBI_RWS_OPC_DDM_FIR_IM,EvoGeneratorWrapper_EvolutionaryStrategy_EvoGeneratorWrapper_CaseBasedInitiator_RouletteWheelSelector_OnePointCrosser_DataDistributionMutator_FittestIndividualRecombiner_ImprovementMeasure,1,EvoGeneratorWrapper,34,27,21,1,EvolutionaryStrategy,30,500,100,500,CaseBasedInitiator,RouletteWheelSelector,OnePointCrosser,,DataDistributionMutator,0.10890295863507793,0.005427757687411152,0.7739560485559633,0.09920581672514749,0.01250741839640008,FittestIndividualRecombiner,,486,34,27,1111,ImprovementMeasure,1,1,2
1,EvolutionaryStrategy,27,0.9991912245750427,1,1.9011991287512293,0.6373626373626374,0.764150523610137,2.5505637417911107e-05,0.499660462141037,0,1,03 > 04 > 05 > 08 > 09 > 10 > 11 > 12 > 13 > 06 > 13 > 00 > 00 > 14 > 27,33 > 01 > 02 > 03 > 04 > 05 > 06 > 05 > 07 > 09 > 08 > 10 > 11 > 12 > 06 > 13 > 14 > 13 > 14 > 13 > 25 > 24 > 14,1111,0:00:00.042000,0.04200029373168945,EGW_ES_EGW_CBI_RWS_OPC_DDM_FIR_IM,EvoGeneratorWrapper_EvolutionaryStrategy_EvoGeneratorWrapper_CaseBasedInitiator_RouletteWheelSelector_OnePointCrosser_DataDistributionMutator_FittestIndividualRecombiner_ImprovementMeasure,1,EvoGeneratorWrapper,34,27,21,1,EvolutionaryStrategy,30,500,100,500,CaseBasedInitiator,RouletteWheelSelector,OnePointCrosser,,DataDistributionMutator,0.10890295863507793,0.005427757687411152,0.7739560485559633,0.09920581672514749,0.01250741839640008,FittestIndividualRecombiner,,486,34,27,1111,ImprovementMeasure,1,1,3
1,EvolutionaryStrategy,28,0.9992786049842834,1,1.9024110495031519,0.6510989010989011,0.7516015222126363,6.473845957056942e-06,0.49970415234565735,0,1,33 > 01 > 02 > 05 > 07 > 09 > 10 > 08 > 12 > 06 > 14 > 00 > 00 > 14 > 13 > 00 > 27,33 > 01 > 02 > 03 > 04 > 05 > 06 > 05 > 07 > 09 > 08 > 10 > 11 > 12 > 06 > 13 > 14 > 13 > 14 > 13 > 25 > 24 > 14,1111,0:00:00.042000,0.04200029373168945,EGW_ES_EGW_CBI_RWS_OPC_DDM_FIR_IM,EvoGeneratorWrapper_EvolutionaryStrategy_EvoGeneratorWrapper_CaseBasedInitiator_RouletteWheelSelector_OnePointCrosser_DataDistributionMutator_FittestIndividualRecombiner_ImprovementMeasure,1,EvoGeneratorWrapper,34,27,21,1,EvolutionaryStrategy,30,500,100,500,CaseBasedInitiator,RouletteWheelSelector,OnePointCrosser,,DataDistributionMutator,0.10890295863507793,0.005427757687411152,0.7739560485559633,0.09920581672514749,0.01250741839640008,FittestIndividualRecombiner,,486,34,27,1111,ImprovementMeasure,1,1,4
1,EvolutionaryStrategy,29,0.9993209838867188,1,1.9055786973776945,0.6575091575091575,0.747512445326532,0.000831752745129993,0.499725341796875,0,1,33 > 01 > 02 > 03 > 04 > 05 > 07 > 09 > 10 > 11 > 12 > 06 > 14 > 13 > 00 > 14 > 13 > 29 > 27,33 > 01 > 02 > 03 > 04 > 05 > 06 > 05 > 07 > 09 > 08 > 10 > 11 > 12 > 06 > 13 > 14 > 13 > 14 > 13 > 25 > 24 > 14,1111,0:00:00.042000,0.04200029373168945,EGW_ES_EGW_CBI_RWS_OPC_DDM_FIR_IM,EvoGeneratorWrapper_EvolutionaryStrategy_EvoGeneratorWrapper_CaseBasedInitiator_RouletteWheelSelector_OnePointCrosser_DataDistributionMutator_FittestIndividualRecombiner_ImprovementMeasure,1,EvoGeneratorWrapper,34,27,21,1,EvolutionaryStrategy,30,500,100,500,CaseBasedInitiator,RouletteWheelSelector,OnePointCrosser,,DataDistributionMutator,0.10890295863507793,0.005427757687411152,0.7739560485559633,0.09920581672514749,0.01250741839640008,FittestIndividualRecombiner,,486,34,27,1111,ImprovementMeasure,1,1,5
1,EvolutionaryStrategy,30,0.9992735981941223,1,1.9063020710455962,0.6446886446886446,0.7619107715397556,1.0058666192987205e-06,0.4997016489505768,0,1,33 > 01 > 02 > 06 > 00 > 10 > 00 > 12 > 06 > 13 > 00 > 14 > 13 > 00 > 27,33 > 01 > 02 > 03 > 04 > 05 > 06 > 05 > 07 > 09 > 08 > 10 > 11 > 12 > 06 > 13 > 14 > 13 > 14 > 13 > 25 > 24 > 14,1111,0:00:00.042000,0.04200029373168945,EGW_ES_EGW_CBI_RWS_OPC_DDM_FIR_IM,EvoGeneratorWrapper_EvolutionaryStrategy_EvoGeneratorWrapper_CaseBasedInitiator_RouletteWheelSelector_OnePointCrosser_DataDistributionMutator_FittestIndividualRecombiner_ImprovementMeasure,1,EvoGeneratorWrapper,34,27,21,1,EvolutionaryStrategy,30,500,100,500,CaseBasedInitiator,RouletteWheelSelector,OnePointCrosser,,DataDistributionMutator,0.10890295863507793,0.005427757687411152,0.7739560485559633,0.09920581672514749,0.01250741839640008,FittestIndividualRecombiner,,486,34,27,1111,ImprovementMeasure,1,1,6
1,EvolutionaryStrategy,31,0.9992735981941223,1,1.9063020710455962,0.6446886446886446,0.7619107715397556,1.0058666192987205e-06,0.4997016489505768,0,1,33 > 01 > 02 > 06 > 00 > 10 > 00 > 12 > 06 > 13 > 00 > 14 > 13 > 00 > 27,33 > 01 > 02 > 03 > 04 > 05 > 06 > 05 > 07 > 09 > 08 > 10 > 11 > 12 > 06 > 13 > 14 > 13 > 14 > 13 > 25 > 24 > 14,1111,0:00:00.042000,0.04200029373168945,EGW_ES_EGW_CBI_RWS_OPC_DDM_FIR_IM,EvoGeneratorWrapper_EvolutionaryStrategy_EvoGeneratorWrapper_CaseBasedInitiator_RouletteWheelSelector_OnePointCrosser_DataDistributionMutator_FittestIndividualRecombiner_ImprovementMeasure,1,EvoGeneratorWrapper,34,27,21,1,EvolutionaryStrategy,30,500,100,500,CaseBasedInitiator,RouletteWheelSelector,OnePointCrosser,,DataDistributionMutator,0.10890295863507793,0.005427757687411152,0.7739560485559633,0.09920581672514749,0.01250741839640008,FittestIndividualRecombiner,,486,34,27,1111,ImprovementMeasure,1,1,7
1,EvolutionaryStrategy,32,0.9992616772651672,1,1.910449799308804,0.5576923076923077,0.7156178525856631,0.13744395054473407,0.49969568848609924,0,1,20 > 17 > 29,33 > 01 > 02 > 03 > 04 > 05 > 06 > 05 > 07 > 09 > 08 > 10 > 11 > 12 > 06 > 13 > 14 > 13 > 14 > 13 > 25 > 24 > 14,1111,0:00:00.042000,0.04200029373168945,EGW_ES_EGW_CBI_RWS_OPC_DDM_FIR_IM,EvoGeneratorWrapper_EvolutionaryStrategy_EvoGeneratorWrapper_CaseBasedInitiator_RouletteWheelSelector_OnePointCrosser_DataDistributionMutator_FittestIndividualRecombiner_ImprovementMeasure,1,EvoGeneratorWrapper,34,27,21,1,EvolutionaryStrategy,30,500,100,500,CaseBasedInitiator,RouletteWheelSelector,OnePointCrosser,,DataDistributionMutator,0.10890295863507793,0.005427757687411152,0.7739560485559633,0.09920581672514749,0.01250741839640008,FittestIndividualRecombiner,,486,34,27,1111,ImprovementMeasure,1,1,8
1,EvolutionaryStrategy,33,0.9992616772651672,1,1.910449799308804,0.5576923076923077,0.7156178525856631,0.13744395054473407,0.49969568848609924,0,1,20 > 17 > 29,33 > 01 > 02 > 03 > 04 > 05 > 06 > 05 > 07 > 09 > 08 > 10 > 11 > 12 > 06 > 13 > 14 > 13 > 14 > 13 > 25 > 24 > 14,1111,0:00:00.042000,0.04200029373168945,EGW_ES_EGW_CBI_RWS_OPC_DDM_FIR_IM,EvoGeneratorWrapper_EvolutionaryStrategy_EvoGeneratorWrapper_CaseBasedInitiator_RouletteWheelSelector_OnePointCrosser_DataDistributionMutator_FittestIndividualRecombiner_ImprovementMeasure,1,EvoGeneratorWrapper,34,27,21,1,EvolutionaryStrategy,30,500,100,500,CaseBasedInitiator,RouletteWheelSelector,OnePointCrosser,,DataDistributionMutator,0.10890295863507793,0.005427757687411152,0.7739560485559633,0.09920581672514749,0.01250741839640008,FittestIndividualRecombiner,,486,34,27,1111,ImprovementMeasure,1,1,9
1,EvolutionaryStrategy,34,0.9992616772651672,1,1.910449799308804,0.5576923076923077,0.7156178525856631,0.13744395054473407,0.49969568848609924,0,1,20 > 17 > 29,33 > 01 > 02 > 03 > 04 > 05 > 06 > 05 > 07 > 09 > 08 > 10 > 11 > 12 > 06 > 13 > 14 > 13 > 14 > 13 > 25 > 24 > 14,1111,0:00:00.042000,0.04200029373168945,EGW_ES_EGW_CBI_RWS_OPC_DDM_FIR_IM,EvoGeneratorWrapper_EvolutionaryStrategy_EvoGeneratorWrapper_CaseBasedInitiator_RouletteWheelSelector_OnePointCrosser_DataDistributionMutator_FittestIndividualRecombiner_ImprovementMeasure,1,EvoGeneratorWrapper,34,27,21,1,EvolutionaryStrategy,30,500,100,500,CaseBasedInitiator,RouletteWheelSelector,OnePointCrosser,,DataDistributionMutator,0.10890295863507793,0.005427757687411152,0.7739560485559633,0.09920581672514749,0.01250741839640008,FittestIndividualRecombiner,,486,34,27,1111,ImprovementMeasure,1,1,10
1,EvolutionaryStrategy,35,0.9992616772651672,1,1.910449799308804,0.5576923076923077,0.7156178525856631,0.13744395054473407,0.49969568848609924,0,1,20 > 17 > 29,33 > 01 > 02 > 03 > 04 > 05 > 06 > 05 > 07 > 09 > 08 > 10 > 11 > 12 > 06 > 13 > 14 > 13 > 14 > 13 > 25 > 24 > 14,1111,0:00:00.042000,0.04200029373168945,EGW_ES_EGW_CBI_RWS_OPC_DDM_FIR_IM,EvoGeneratorWrapper_EvolutionaryStrategy_EvoGeneratorWrapper_CaseBasedInitiator_RouletteWheelSelector_OnePointCrosser_DataDistributionMutator_FittestIndividualRecombiner_ImprovementMeasure,1,EvoGeneratorWrapper,34,27,21,1,EvolutionaryStrategy,30,500,100,500,CaseBasedInitiator,RouletteWheelSelector,OnePointCrosser,,DataDistributionMutator,0.10890295863507793,0.005427757687411152,0.7739560485559633,0.09920581672514749,0.01250741839640008,FittestIndividualRecombiner,,486,34,27,1111,ImprovementMeasure,1,1,11
1,EvolutionaryStrategy,36,0.9992616772651672,1,1.910449799308804,0.5576923076923077,0.7156178525856631,0.13744395054473407,0.49969568848609924,0,1,20 > 17 > 29,33 > 01 > 02 > 03 > 04 > 05 > 06 > 05 > 07 > 09 > 08 > 10 > 11 > 12 > 06 > 13 > 14 > 13 > 14 > 13 > 25 > 24 > 14,1111,0:00:00.042000,0.04200029373168945,EGW_ES_EGW_CBI_RWS_OPC_DDM_FIR_IM,EvoGeneratorWrapper_EvolutionaryStrategy_EvoGeneratorWrapper_CaseBasedInitiator_RouletteWheelSelector_OnePointCrosser_DataDistributionMutator_FittestIndividualRecombiner_ImprovementMeasure,1,EvoGeneratorWrapper,34,27,21,1,EvolutionaryStrategy,30,500,100,500,CaseBasedInitiator,RouletteWheelSelector,OnePointCrosser,,DataDistributionMutator,0.10890295863507793,0.005427757687411152,0.7739560485559633,0.09920581672514749,0.01250741839640008,FittestIndividualRecombiner,,486,34,27,1111,ImprovementMeasure,1,1,12
1,EvolutionaryStrategy,38,0.9992616772651672,1,1.910449799308804,0.5576923076923077,0.7156178525856631,0.13744395054473407,0.49969568848609924,0,1,20 > 17 > 29,33 > 01 > 02 > 03 > 04 > 05 > 06 > 05 > 07 > 09 > 08 > 10 > 11 > 12 > 06 > 13 > 14 > 13 > 14 > 13 > 25 > 24 > 14,1111,0:00:00.042000,0.04200029373168945,EGW_ES_EGW_CBI_RWS_OPC_DDM_FIR_IM,EvoGeneratorWrapper_EvolutionaryStrategy_EvoGeneratorWrapper_CaseBasedInitiator_RouletteWheelSelector_OnePointCrosser_DataDistributionMutator_FittestIndividualRecombiner_ImprovementMeasure,1,EvoGeneratorWrapper,34,27,21,1,EvolutionaryStrategy,30,500,100,500,CaseBasedInitiator,RouletteWheelSelector,OnePointCrosser,,DataDistributionMutator,0.10890295863507793,0.005427757687411152,0.7739560485559633,0.09920581672514749,0.01250741839640008,FittestIndividualRecombiner,,486,34,27,1111,ImprovementMeasure,1,1,13
1,EvolutionaryStrategy,49,0.9992616772651672,1,1.910449799308804,0.5576923076923077,0.7156178525856631,0.13744395054473407,0.49969568848609924,0,1,20 > 17 > 29,33 > 01 > 02 > 03 > 04 > 05 > 06 > 05 > 07 > 09 > 08 > 10 > 11 > 12 > 06 > 13 > 14 > 13 > 14 > 13 > 25 > 24 > 14,1111,0:00:00.042000,0.04200029373168945,EGW_ES_EGW_CBI_RWS_OPC_DDM_FIR_IM,EvoGeneratorWrapper_EvolutionaryStrategy_EvoGeneratorWrapper_CaseBasedInitiator_RouletteWheelSelector_OnePointCrosser_DataDistributionMutator_FittestIndividualRecombiner_ImprovementMeasure,1,EvoGeneratorWrapper,34,27,21,1,EvolutionaryStrategy,30,500,100,500,CaseBasedInitiator,RouletteWheelSelector,OnePointCrosser,,DataDistributionMutator,0.10890295863507793,0.005427757687411152,0.7739560485559633,0.09920581672514749,0.01250741839640008,FittestIndividualRecombiner,,486,34,27,1111,ImprovementMeasure,1,1,14
1,EvolutionaryStrategy,39,0.9993207454681396,1,1.9152410280324337,0.6391941391941391,0.7379924688318272,0.0383291974188817,0.49972522258758545,0,1,33 > 01 > 02 > 03 > 04 > 05 > 07 > 08 > 09 > 10 > 11 > 12 > 06 > 13 > 14 > 13 > 14 > 17 > 26 > 27,33 > 01 > 02 > 03 > 04 > 05 > 06 > 05 > 07 > 09 > 08 > 10 > 11 > 12 > 06 > 13 > 14 > 13 > 14 > 13 > 25 > 24 > 14,1111,0:00:00.042000,0.04200029373168945,EGW_ES_EGW_CBI_RWS_OPC_DDM_FIR_IM,EvoGeneratorWrapper_EvolutionaryStrategy_EvoGeneratorWrapper_CaseBasedInitiator_RouletteWheelSelector_OnePointCrosser_DataDistributionMutator_FittestIndividualRecombiner_ImprovementMeasure,1,EvoGeneratorWrapper,34,27,21,1,EvolutionaryStrategy,30,500,100,500,CaseBasedInitiator,RouletteWheelSelector,OnePointCrosser,,DataDistributionMutator,0.10890295863507793,0.005427757687411152,0.7739560485559633,0.09920581672514749,0.01250741839640008,FittestIndividualRecombiner,,486,34,27,1111,ImprovementMeasure,1,1,15
1,EvolutionaryStrategy,40,0.9991825222969055,1,1.9212911594844897,0.6602564102564102,0.7613786377963083,4.298029327392932e-10,0.4996561110019684,0,1,01 > 00 > 33 > 02 > 03 > 05 > 04 > 07 > 09 > 08 > 00 > 10 > 11 > 00 > 06 > 14 > 00 > 13 > 14 > 13 > 00 > 27,33 > 01 > 02 > 03 > 04 > 05 > 06 > 05 > 07 > 09 > 08 > 10 > 11 > 12 > 06 > 13 > 14 > 13 > 14 > 13 > 25 > 24 > 14,1111,0:00:00.042000,0.04200029373168945,EGW_ES_EGW_CBI_RWS_OPC_DDM_FIR_IM,EvoGeneratorWrapper_EvolutionaryStrategy_EvoGeneratorWrapper_CaseBasedInitiator_RouletteWheelSelector_OnePointCrosser_DataDistributionMutator_FittestIndividualRecombiner_ImprovementMeasure,1,EvoGeneratorWrapper,34,27,21,1,EvolutionaryStrategy,30,500,100,500,CaseBasedInitiator,RouletteWheelSelector,OnePointCrosser,,DataDistributionMutator,0.10890295863507793,0.005427757687411152,0.7739560485559633,0.09920581672514749,0.01250741839640008,FittestIndividualRecombiner,,486,34,27,1111,ImprovementMeasure,1,1,16
1,EvolutionaryStrategy,41,0.9991864562034607,1,1.927491137482299,0.6556776556776557,0.7719614344878611,0.00019396936153602545,0.49965807795524597,0,1,33 > 01 > 02 > 03 > 04 > 05 > 07 > 09 > 08 > 00 > 00 > 00 > 00 > 00 > 00 > 00 > 13 > 14 > 00 > 24 > 28,33 > 01 > 02 > 03 > 04 > 05 > 06 > 05 > 07 > 09 > 08 > 10 > 11 > 12 > 06 > 13 > 14 > 13 > 14 > 13 > 25 > 24 > 14,1111,0:00:00.042000,0.04200029373168945,EGW_ES_EGW_CBI_RWS_OPC_DDM_FIR_IM,EvoGeneratorWrapper_EvolutionaryStrategy_EvoGeneratorWrapper_CaseBasedInitiator_RouletteWheelSelector_OnePointCrosser_DataDistributionMutator_FittestIndividualRecombiner_ImprovementMeasure,1,EvoGeneratorWrapper,34,27,21,1,EvolutionaryStrategy,30,500,100,500,CaseBasedInitiator,RouletteWheelSelector,OnePointCrosser,,DataDistributionMutator,0.10890295863507793,0.005427757687411152,0.7739560485559633,0.09920581672514749,0.01250741839640008,FittestIndividualRecombiner,,486,34,27,1111,ImprovementMeasure,1,1,17
1,EvolutionaryStrategy,42,0.9992547631263733,1,1.9538077156050964,0.5769230769230769,0.7280841267835931,0.149108280481724,0.49969223141670227,0,1,17 > 27,33 > 01 > 02 > 03 > 04 > 05 > 06 > 05 > 07 > 09 > 08 > 10 > 11 > 12 > 06 > 13 > 14 > 13 > 14 > 13 > 25 > 24 > 14,1111,0:00:00.042000,0.04200029373168945,EGW_ES_EGW_CBI_RWS_OPC_DDM_FIR_IM,EvoGeneratorWrapper_EvolutionaryStrategy_EvoGeneratorWrapper_CaseBasedInitiator_RouletteWheelSelector_OnePointCrosser_DataDistributionMutator_FittestIndividualRecombiner_ImprovementMeasure,1,EvoGeneratorWrapper,34,27,21,1,EvolutionaryStrategy,30,500,100,500,CaseBasedInitiator,RouletteWheelSelector,OnePointCrosser,,DataDistributionMutator,0.10890295863507793,0.005427757687411152,0.7739560485559633,0.09920581672514749,0.01250741839640008,FittestIndividualRecombiner,,486,34,27,1111,ImprovementMeasure,1,1,18
1,EvolutionaryStrategy,43,0.9992222785949707,1,1.9598067702208846,0.5769230769230769,0.728866450750087,0.1543412533967197,0.499675989151001,0,1,17 > 29,33 > 01 > 02 > 03 > 04 > 05 > 06 > 05 > 07 > 09 > 08 > 10 > 11 > 12 > 06 > 13 > 14 > 13 > 14 > 13 > 25 > 24 > 14,1111,0:00:00.042000,0.04200029373168945,EGW_ES_EGW_CBI_RWS_OPC_DDM_FIR_IM,EvoGeneratorWrapper_EvolutionaryStrategy_EvoGeneratorWrapper_CaseBasedInitiator_RouletteWheelSelector_OnePointCrosser_DataDistributionMutator_FittestIndividualRecombiner_ImprovementMeasure,1,EvoGeneratorWrapper,34,27,21,1,EvolutionaryStrategy,30,500,100,500,CaseBasedInitiator,RouletteWheelSelector,OnePointCrosser,,DataDistributionMutator,0.10890295863507793,0.005427757687411152,0.7739560485559633,0.09920581672514749,0.01250741839640008,FittestIndividualRecombiner,,486,34,27,1111,ImprovementMeasure,1,1,19
1,EvolutionaryStrategy,44,0.9993256330490112,1,1.9626316638224028,0.5769230769230769,0.7294436905622711,0.1565372299590337,0.49972766637802124,0,1,27 > 29,33 > 01 > 02 > 03 > 04 > 05 > 06 > 05 > 07 > 09 > 08 > 10 > 11 > 12 > 06 > 13 > 14 > 13 > 14 > 13 > 25 > 24 > 14,1111,0:00:00.042000,0.04200029373168945,EGW_ES_EGW_CBI_RWS_OPC_DDM_FIR_IM,EvoGeneratorWrapper_EvolutionaryStrategy_EvoGeneratorWrapper_CaseBasedInitiator_RouletteWheelSelector_OnePointCrosser_DataDistributionMutator_FittestIndividualRecombiner_ImprovementMeasure,1,EvoGeneratorWrapper,34,27,21,1,EvolutionaryStrategy,30,500,100,500,CaseBasedInitiator,RouletteWheelSelector,OnePointCrosser,,DataDistributionMutator,0.10890295863507793,0.005427757687411152,0.7739560485559633,0.09920581672514749,0.01250741839640008,FittestIndividualRecombiner,,486,34,27,1111,ImprovementMeasure,1,1,20
1,EvolutionaryStrategy,45,0.9993256330490112,1,1.9626316638224028,0.5769230769230769,0.7294436905622711,0.1565372299590337,0.49972766637802124,0,1,27 > 29,33 > 01 > 02 > 03 > 04 > 05 > 06 > 05 > 07 > 09 > 08 > 10 > 11 > 12 > 06 > 13 > 14 > 13 > 14 > 13 > 25 > 24 > 14,1111,0:00:00.042000,0.04200029373168945,EGW_ES_EGW_CBI_RWS_OPC_DDM_FIR_IM,EvoGeneratorWrapper_EvolutionaryStrategy_EvoGeneratorWrapper_CaseBasedInitiator_RouletteWheelSelector_OnePointCrosser_DataDistributionMutator_FittestIndividualRecombiner_ImprovementMeasure,1,EvoGeneratorWrapper,34,27,21,1,EvolutionaryStrategy,30,500,100,500,CaseBasedInitiator,RouletteWheelSelector,OnePointCrosser,,DataDistributionMutator,0.10890295863507793,0.005427757687411152,0.7739560485559633,0.09920581672514749,0.01250741839640008,FittestIndividualRecombiner,,486,34,27,1111,ImprovementMeasure,1,1,21
1,EvolutionaryStrategy,46,0.9993249177932739,1,1.9695041903904125,0.5769230769230769,0.7301047749030426,0.16274902981414024,0.4997273087501526,0,1,29 > 27,33 > 01 > 02 > 03 > 04 > 05 > 06 > 05 > 07 > 09 > 08 > 10 > 11 > 12 > 06 > 13 > 14 > 13 > 14 > 13 > 25 > 24 > 14,1111,0:00:00.042000,0.04200029373168945,EGW_ES_EGW_CBI_RWS_OPC_DDM_FIR_IM,EvoGeneratorWrapper_EvolutionaryStrategy_EvoGeneratorWrapper_CaseBasedInitiator_RouletteWheelSelector_OnePointCrosser_DataDistributionMutator_FittestIndividualRecombiner_ImprovementMeasure,1,EvoGeneratorWrapper,34,27,21,1,EvolutionaryStrategy,30,500,100,500,CaseBasedInitiator,RouletteWheelSelector,OnePointCrosser,,DataDistributionMutator,0.10890295863507793,0.005427757687411152,0.7739560485559633,0.09920581672514749,0.01250741839640008,FittestIndividualRecombiner,,486,34,27,1111,ImprovementMeasure,1,1,22
1,EvolutionaryStrategy,47,0.9992682337760925,1,2.003655954944922,0.5961538461538461,0.7417764394759284,0.16602670257358554,0.4996989667415619,0,1,33 > 26,33 > 01 > 02 > 03 > 04 > 05 > 06 > 05 > 07 > 09 > 08 > 10 > 11 > 12 > 06 > 13 > 14 > 13 > 14 > 13 > 25 > 24 > 14,1111,0:00:00.042000,0.04200029373168945,EGW_ES_EGW_CBI_RWS_OPC_DDM_FIR_IM,EvoGeneratorWrapper_EvolutionaryStrategy_EvoGeneratorWrapper_CaseBasedInitiator_RouletteWheelSelector_OnePointCrosser_DataDistributionMutator_FittestIndividualRecombiner_ImprovementMeasure,1,EvoGeneratorWrapper,34,27,21,1,EvolutionaryStrategy,30,500,100,500,CaseBasedInitiator,RouletteWheelSelector,OnePointCrosser,,DataDistributionMutator,0.10890295863507793,0.005427757687411152,0.7739560485559633,0.09920581672514749,0.01250741839640008,FittestIndividualRecombiner,,486,34,27,1111,ImprovementMeasure,1,1,23
1,EvolutionaryStrategy,48,0.9992684721946716,1,2.014474136760183,0.5961538461538461,0.7417764394759284,0.17684476517955697,0.49969908595085144,0,1,33 > 27,33 > 01 > 02 > 03 > 04 > 05 > 06 > 05 > 07 > 09 > 08 > 10 > 11 > 12 > 06 > 13 > 14 > 13 > 14 > 13 > 25 > 24 > 14,1111,0:00:00.042000,0.04200029373168945,EGW_ES_EGW_CBI_RWS_OPC_DDM_FIR_IM,EvoGeneratorWrapper_EvolutionaryStrategy_EvoGeneratorWrapper_CaseBasedInitiator_RouletteWheelSelector_OnePointCrosser_DataDistributionMutator_FittestIndividualRecombiner_ImprovementMeasure,1,EvoGeneratorWrapper,34,27,21,1,EvolutionaryStrategy,30,500,100,500,CaseBasedInitiator,RouletteWheelSelector,OnePointCrosser,,DataDistributionMutator,0.10890295863507793,0.005427757687411152,0.7739560485559633,0.09920581672514749,0.01250741839640008,FittestIndividualRecombiner,,486,34,27,1111,ImprovementMeasure,1,1,24
1,EvolutionaryStrategy,26,0.9992539286613464,1,2.0166925530384816,0.5961538461538461,0.7417764394759284,0.17907045322451814,0.49969181418418884,0,1,29,33 > 01 > 02 > 03 > 04 > 05 > 06 > 05 > 07 > 09 > 08 > 10 > 11 > 12 > 06 > 13 > 14 > 13 > 14 > 13 > 25 > 24 > 14,1111,0:00:00.042000,0.04200029373168945,EGW_ES_EGW_CBI_RWS_OPC_DDM_FIR_IM,EvoGeneratorWrapper_EvolutionaryStrategy_EvoGeneratorWrapper_CaseBasedInitiator_RouletteWheelSelector_OnePointCrosser_DataDistributionMutator_FittestIndividualRecombiner_ImprovementMeasure,1,EvoGeneratorWrapper,34,27,21,1,EvolutionaryStrategy,30,500,100,500,CaseBasedInitiator,RouletteWheelSelector,OnePointCrosser,,DataDistributionMutator,0.10890295863507793,0.005427757687411152,0.7739560485559633,0.09920581672514749,0.01250741839640008,FittestIndividualRecombiner,,486,34,27,1111,ImprovementMeasure,1,1,25
1,EvolutionaryStrategy,25,0.0016651501646265388,0,2.081049541253147,0.5961538461538461,0.7417764394759284,0.7422218182893116,0.0008974373340606689,0,1,33 > 01,33 > 01 > 02 > 03 > 04 > 05 > 06 > 05 > 07 > 09 > 08 > 10 > 11 > 12 > 06 > 13 > 14 > 13 > 14 > 13 > 25 > 24 > 14,1111,0:00:00.042000,0.04200029373168945,EGW_ES_EGW_CBI_RWS_OPC_DDM_FIR_IM,EvoGeneratorWrapper_EvolutionaryStrategy_EvoGeneratorWrapper_CaseBasedInitiator_RouletteWheelSelector_OnePointCrosser_DataDistributionMutator_FittestIndividualRecombiner_ImprovementMeasure,1,EvoGeneratorWrapper,34,27,21,1,EvolutionaryStrategy,30,500,100,500,CaseBasedInitiator,RouletteWheelSelector,OnePointCrosser,,DataDistributionMutator,0.10890295863507793,0.005427757687411152,0.7739560485559633,0.09920581672514749,0.01250741839640008,FittestIndividualRecombiner,,486,34,27,1111,ImprovementMeasure,1,1,26
1,EvolutionaryStrategy,24,0.0016651501646265388,0,2.081049541253147,0.5961538461538461,0.7417764394759284,0.7422218182893116,0.0008974373340606689,0,1,33 > 01,33 > 01 > 02 > 03 > 04 > 05 > 06 > 05 > 07 > 09 > 08 > 10 > 11 > 12 > 06 > 13 > 14 > 13 > 14 > 13 > 25 > 24 > 14,1111,0:00:00.042000,0.04200029373168945,EGW_ES_EGW_CBI_RWS_OPC_DDM_FIR_IM,EvoGeneratorWrapper_EvolutionaryStrategy_EvoGeneratorWrapper_CaseBasedInitiator_RouletteWheelSelector_OnePointCrosser_DataDistributionMutator_FittestIndividualRecombiner_ImprovementMeasure,1,EvoGeneratorWrapper,34,27,21,1,EvolutionaryStrategy,30,500,100,500,CaseBasedInitiator,RouletteWheelSelector,OnePointCrosser,,DataDistributionMutator,0.10890295863507793,0.005427757687411152,0.7739560485559633,0.09920581672514749,0.01250741839640008,FittestIndividualRecombiner,,486,34,27,1111,ImprovementMeasure,1,1,27
1,EvolutionaryStrategy,23,0.0016651501646265388,0,2.081049541253147,0.5961538461538461,0.7417764394759284,0.7422218182893116,0.0008974373340606689,0,1,33 > 01,33 > 01 > 02 > 03 > 04 > 05 > 06 > 05 > 07 > 09 > 08 > 10 > 11 > 12 > 06 > 13 > 14 > 13 > 14 > 13 > 25 > 24 > 14,1111,0:00:00.042000,0.04200029373168945,EGW_ES_EGW_CBI_RWS_OPC_DDM_FIR_IM,EvoGeneratorWrapper_EvolutionaryStrategy_EvoGeneratorWrapper_CaseBasedInitiator_RouletteWheelSelector_OnePointCrosser_DataDistributionMutator_FittestIndividualRecombiner_ImprovementMeasure,1,EvoGeneratorWrapper,34,27,21,1,EvolutionaryStrategy,30,500,100,500,CaseBasedInitiator,RouletteWheelSelector,OnePointCrosser,,DataDistributionMutator,0.10890295863507793,0.005427757687411152,0.7739560485559633,0.09920581672514749,0.01250741839640008,FittestIndividualRecombiner,,486,34,27,1111,ImprovementMeasure,1,1,28
1,EvolutionaryStrategy,22,0.0016651501646265388,0,2.081049541253147,0.5961538461538461,0.7417764394759284,0.7422218182893116,0.0008974373340606689,0,1,33 > 01,33 > 01 > 02 > 03 > 04 > 05 > 06 > 05 > 07 > 09 > 08 > 10 > 11 > 12 > 06 > 13 > 14 > 13 > 14 > 13 > 25 > 24 > 14,1111,0:00:00.042000,0.04200029373168945,EGW_ES_EGW_CBI_RWS_OPC_DDM_FIR_IM,EvoGeneratorWrapper_EvolutionaryStrategy_EvoGeneratorWrapper_CaseBasedInitiator_RouletteWheelSelector_OnePointCrosser_DataDistributionMutator_FittestIndividualRecombiner_ImprovementMeasure,1,EvoGeneratorWrapper,34,27,21,1,EvolutionaryStrategy,30,500,100,500,CaseBasedInitiator,RouletteWheelSelector,OnePointCrosser,,DataDistributionMutator,0.10890295863507793,0.005427757687411152,0.7739560485559633,0.09920581672514749,0.01250741839640008,FittestIndividualRecombiner,,486,34,27,1111,ImprovementMeasure,1,1,29
1,EvolutionaryStrategy,21,0.0016651501646265388,0,2.081049541253147,0.5961538461538461,0.7417764394759284,0.7422218182893116,0.0008974373340606689,0,1,33 > 01,33 > 01 > 02 > 03 > 04 > 05 > 06 > 05 > 07 > 09 > 08 > 10 > 11 > 12 > 06 > 13 > 14 > 13 > 14 > 13 > 25 > 24 > 14,1111,0:00:00.042000,0.04200029373168945,EGW_ES_EGW_CBI_RWS_OPC_DDM_FIR_IM,EvoGeneratorWrapper_EvolutionaryStrategy_EvoGeneratorWrapper_CaseBasedInitiator_RouletteWheelSelector_OnePointCrosser_DataDistributionMutator_FittestIndividualRecombiner_ImprovementMeasure,1,EvoGeneratorWrapper,34,27,21,1,EvolutionaryStrategy,30,500,100,500,CaseBasedInitiator,RouletteWheelSelector,OnePointCrosser,,DataDistributionMutator,0.10890295863507793,0.005427757687411152,0.7739560485559633,0.09920581672514749,0.01250741839640008,FittestIndividualRecombiner,,486,34,27,1111,ImprovementMeasure,1,1,30
1,EvolutionaryStrategy,20,0.0016651501646265388,0,2.081049541253147,0.5961538461538461,0.7417764394759284,0.7422218182893116,0.0008974373340606689,0,1,33 > 01,33 > 01 > 02 > 03 > 04 > 05 > 06 > 05 > 07 > 09 > 08 > 10 > 11 > 12 > 06 > 13 > 14 > 13 > 14 > 13 > 25 > 24 > 14,1111,0:00:00.042000,0.04200029373168945,EGW_ES_EGW_CBI_RWS_OPC_DDM_FIR_IM,EvoGeneratorWrapper_EvolutionaryStrategy_EvoGeneratorWrapper_CaseBasedInitiator_RouletteWheelSelector_OnePointCrosser_DataDistributionMutator_FittestIndividualRecombiner_ImprovementMeasure,1,EvoGeneratorWrapper,34,27,21,1,EvolutionaryStrategy,30,500,100,500,CaseBasedInitiator,RouletteWheelSelector,OnePointCrosser,,DataDistributionMutator,0.10890295863507793,0.005427757687411152,0.7739560485559633,0.09920581672514749,0.01250741839640008,FittestIndividualRecombiner,,486,34,27,1111,ImprovementMeasure,1,1,31
1,EvolutionaryStrategy,19,0.0016651501646265388,0,2.081049541253147,0.5961538461538461,0.7417764394759284,0.7422218182893116,0.0008974373340606689,0,1,33 > 01,33 > 01 > 02 > 03 > 04 > 05 > 06 > 05 > 07 > 09 > 08 > 10 > 11 > 12 > 06 > 13 > 14 > 13 > 14 > 13 > 25 > 24 > 14,1111,0:00:00.042000,0.04200029373168945,EGW_ES_EGW_CBI_RWS_OPC_DDM_FIR_IM,EvoGeneratorWrapper_EvolutionaryStrategy_EvoGeneratorWrapper_CaseBasedInitiator_RouletteWheelSelector_OnePointCrosser_DataDistributionMutator_FittestIndividualRecombiner_ImprovementMeasure,1,EvoGeneratorWrapper,34,27,21,1,EvolutionaryStrategy,30,500,100,500,CaseBasedInitiator,RouletteWheelSelector,OnePointCrosser,,DataDistributionMutator,0.10890295863507793,0.005427757687411152,0.7739560485559633,0.09920581672514749,0.01250741839640008,FittestIndividualRecombiner,,486,34,27,1111,ImprovementMeasure,1,1,32
1,EvolutionaryStrategy,18,0.0016651501646265388,0,2.081049541253147,0.5961538461538461,0.7417764394759284,0.7422218182893116,0.0008974373340606689,0,1,33 > 01,33 > 01 > 02 > 03 > 04 > 05 > 06 > 05 > 07 > 09 > 08 > 10 > 11 > 12 > 06 > 13 > 14 > 13 > 14 > 13 > 25 > 24 > 14,1111,0:00:00.042000,0.04200029373168945,EGW_ES_EGW_CBI_RWS_OPC_DDM_FIR_IM,EvoGeneratorWrapper_EvolutionaryStrategy_EvoGeneratorWrapper_CaseBasedInitiator_RouletteWheelSelector_OnePointCrosser_DataDistributionMutator_FittestIndividualRecombiner_ImprovementMeasure,1,EvoGeneratorWrapper,34,27,21,1,EvolutionaryStrategy,30,500,100,500,CaseBasedInitiator,RouletteWheelSelector,OnePointCrosser,,DataDistributionMutator,0.10890295863507793,0.005427757687411152,0.7739560485559633,0.09920581672514749,0.01250741839640008,FittestIndividualRecombiner,,486,34,27,1111,ImprovementMeasure,1,1,33
1,EvolutionaryStrategy,17,0.0016651501646265388,0,2.081049541253147,0.5961538461538461,0.7417764394759284,0.7422218182893116,0.0008974373340606689,0,1,33 > 01,33 > 01 > 02 > 03 > 04 > 05 > 06 > 05 > 07 > 09 > 08 > 10 > 11 > 12 > 06 > 13 > 14 > 13 > 14 > 13 > 25 > 24 > 14,1111,0:00:00.042000,0.04200029373168945,EGW_ES_EGW_CBI_RWS_OPC_DDM_FIR_IM,EvoGeneratorWrapper_EvolutionaryStrategy_EvoGeneratorWrapper_CaseBasedInitiator_RouletteWheelSelector_OnePointCrosser_DataDistributionMutator_FittestIndividualRecombiner_ImprovementMeasure,1,EvoGeneratorWrapper,34,27,21,1,EvolutionaryStrategy,30,500,100,500,CaseBasedInitiator,RouletteWheelSelector,OnePointCrosser,,DataDistributionMutator,0.10890295863507793,0.005427757687411152,0.7739560485559633,0.09920581672514749,0.01250741839640008,FittestIndividualRecombiner,,486,34,27,1111,ImprovementMeasure,1,1,34
1,EvolutionaryStrategy,16,0.0016651501646265388,0,2.081049541253147,0.5961538461538461,0.7417764394759284,0.7422218182893116,0.0008974373340606689,0,1,33 > 01,33 > 01 > 02 > 03 > 04 > 05 > 06 > 05 > 07 > 09 > 08 > 10 > 11 > 12 > 06 > 13 > 14 > 13 > 14 > 13 > 25 > 24 > 14,1111,0:00:00.042000,0.04200029373168945,EGW_ES_EGW_CBI_RWS_OPC_DDM_FIR_IM,EvoGeneratorWrapper_EvolutionaryStrategy_EvoGeneratorWrapper_CaseBasedInitiator_RouletteWheelSelector_OnePointCrosser_DataDistributionMutator_FittestIndividualRecombiner_ImprovementMeasure,1,EvoGeneratorWrapper,34,27,21,1,EvolutionaryStrategy,30,500,100,500,CaseBasedInitiator,RouletteWheelSelector,OnePointCrosser,,DataDistributionMutator,0.10890295863507793,0.005427757687411152,0.7739560485559633,0.09920581672514749,0.01250741839640008,FittestIndividualRecombiner,,486,34,27,1111,ImprovementMeasure,1,1,35
1,EvolutionaryStrategy,15,0.0016651501646265388,0,2.081049541253147,0.5961538461538461,0.7417764394759284,0.7422218182893116,0.0008974373340606689,0,1,33 > 01,33 > 01 > 02 > 03 > 04 > 05 > 06 > 05 > 07 > 09 > 08 > 10 > 11 > 12 > 06 > 13 > 14 > 13 > 14 > 13 > 25 > 24 > 14,1111,0:00:00.042000,0.04200029373168945,EGW_ES_EGW_CBI_RWS_OPC_DDM_FIR_IM,EvoGeneratorWrapper_EvolutionaryStrategy_EvoGeneratorWrapper_CaseBasedInitiator_RouletteWheelSelector_OnePointCrosser_DataDistributionMutator_FittestIndividualRecombiner_ImprovementMeasure,1,EvoGeneratorWrapper,34,27,21,1,EvolutionaryStrategy,30,500,100,500,CaseBasedInitiator,RouletteWheelSelector,OnePointCrosser,,DataDistributionMutator,0.10890295863507793,0.005427757687411152,0.7739560485559633,0.09920581672514749,0.01250741839640008,FittestIndividualRecombiner,,486,34,27,1111,ImprovementMeasure,1,1,36
1,EvolutionaryStrategy,10,0.0016651501646265388,0,2.081049541253147,0.5961538461538461,0.7417764394759284,0.7422218182893116,0.0008974373340606689,0,1,33 > 01,33 > 01 > 02 > 03 > 04 > 05 > 06 > 05 > 07 > 09 > 08 > 10 > 11 > 12 > 06 > 13 > 14 > 13 > 14 > 13 > 25 > 24 > 14,1111,0:00:00.042000,0.04200029373168945,EGW_ES_EGW_CBI_RWS_OPC_DDM_FIR_IM,EvoGeneratorWrapper_EvolutionaryStrategy_EvoGeneratorWrapper_CaseBasedInitiator_RouletteWheelSelector_OnePointCrosser_DataDistributionMutator_FittestIndividualRecombiner_ImprovementMeasure,1,EvoGeneratorWrapper,34,27,21,1,EvolutionaryStrategy,30,500,100,500,CaseBasedInitiator,RouletteWheelSelector,OnePointCrosser,,DataDistributionMutator,0.10890295863507793,0.005427757687411152,0.7739560485559633,0.09920581672514749,0.01250741839640008,FittestIndividualRecombiner,,486,34,27,1111,ImprovementMeasure,1,1,37
1,EvolutionaryStrategy,8,0.0016651501646265388,0,2.081049541253147,0.5961538461538461,0.7417764394759284,0.7422218182893116,0.0008974373340606689,0,1,33 > 01,33 > 01 > 02 > 03 > 04 > 05 > 06 > 05 > 07 > 09 > 08 > 10 > 11 > 12 > 06 > 13 > 14 > 13 > 14 > 13 > 25 > 24 > 14,1111,0:00:00.042000,0.04200029373168945,EGW_ES_EGW_CBI_RWS_OPC_DDM_FIR_IM,EvoGeneratorWrapper_EvolutionaryStrategy_EvoGeneratorWrapper_CaseBasedInitiator_RouletteWheelSelector_OnePointCrosser_DataDistributionMutator_FittestIndividualRecombiner_ImprovementMeasure,1,EvoGeneratorWrapper,34,27,21,1,EvolutionaryStrategy,30,500,100,500,CaseBasedInitiator,RouletteWheelSelector,OnePointCrosser,,DataDistributionMutator,0.10890295863507793,0.005427757687411152,0.7739560485559633,0.09920581672514749,0.01250741839640008,FittestIndividualRecombiner,,486,34,27,1111,ImprovementMeasure,1,1,38
1,EvolutionaryStrategy,9,0.0016651501646265388,0,2.081049541253147,0.5961538461538461,0.7417764394759284,0.7422218182893116,0.0008974373340606689,0,1,33 > 01,33 > 01 > 02 > 03 > 04 > 05 > 06 > 05 > 07 > 09 > 08 > 10 > 11 > 12 > 06 > 13 > 14 > 13 > 14 > 13 > 25 > 24 > 14,1111,0:00:00.042000,0.04200029373168945,EGW_ES_EGW_CBI_RWS_OPC_DDM_FIR_IM,EvoGeneratorWrapper_EvolutionaryStrategy_EvoGeneratorWrapper_CaseBasedInitiator_RouletteWheelSelector_OnePointCrosser_DataDistributionMutator_FittestIndividualRecombiner_ImprovementMeasure,1,EvoGeneratorWrapper,34,27,21,1,EvolutionaryStrategy,30,500,100,500,CaseBasedInitiator,RouletteWheelSelector,OnePointCrosser,,DataDistributionMutator,0.10890295863507793,0.005427757687411152,0.7739560485559633,0.09920581672514749,0.01250741839640008,FittestIndividualRecombiner,,486,34,27,1111,ImprovementMeasure,1,1,39
1,EvolutionaryStrategy,12,0.0016651501646265388,0,2.081049541253147,0.5961538461538461,0.7417764394759284,0.7422218182893116,0.0008974373340606689,0,1,33 > 01,33 > 01 > 02 > 03 > 04 > 05 > 06 > 05 > 07 > 09 > 08 > 10 > 11 > 12 > 06 > 13 > 14 > 13 > 14 > 13 > 25 > 24 > 14,1111,0:00:00.042000,0.04200029373168945,EGW_ES_EGW_CBI_RWS_OPC_DDM_FIR_IM,EvoGeneratorWrapper_EvolutionaryStrategy_EvoGeneratorWrapper_CaseBasedInitiator_RouletteWheelSelector_OnePointCrosser_DataDistributionMutator_FittestIndividualRecombiner_ImprovementMeasure,1,EvoGeneratorWrapper,34,27,21,1,EvolutionaryStrategy,30,500,100,500,CaseBasedInitiator,RouletteWheelSelector,OnePointCrosser,,DataDistributionMutator,0.10890295863507793,0.005427757687411152,0.7739560485559633,0.09920581672514749,0.01250741839640008,FittestIndividualRecombiner,,486,34,27,1111,ImprovementMeasure,1,1,40
1,EvolutionaryStrategy,11,0.0016651501646265388,0,2.081049541253147,0.5961538461538461,0.7417764394759284,0.7422218182893116,0.0008974373340606689,0,1,33 > 01,33 > 01 > 02 > 03 > 04 > 05 > 06 > 05 > 07 > 09 > 08 > 10 > 11 > 12 > 06 > 13 > 14 > 13 > 14 > 13 > 25 > 24 > 14,1111,0:00:00.042000,0.04200029373168945,EGW_ES_EGW_CBI_RWS_OPC_DDM_FIR_IM,EvoGeneratorWrapper_EvolutionaryStrategy_EvoGeneratorWrapper_CaseBasedInitiator_RouletteWheelSelector_OnePointCrosser_DataDistributionMutator_FittestIndividualRecombiner_ImprovementMeasure,1,EvoGeneratorWrapper,34,27,21,1,EvolutionaryStrategy,30,500,100,500,CaseBasedInitiator,RouletteWheelSelector,OnePointCrosser,,DataDistributionMutator,0.10890295863507793,0.005427757687411152,0.7739560485559633,0.09920581672514749,0.01250741839640008,FittestIndividualRecombiner,,486,34,27,1111,ImprovementMeasure,1,1,41
1,EvolutionaryStrategy,13,0.0016651501646265388,0,2.081049541253147,0.5961538461538461,0.7417764394759284,0.7422218182893116,0.0008974373340606689,0,1,33 > 01,33 > 01 > 02 > 03 > 04 > 05 > 06 > 05 > 07 > 09 > 08 > 10 > 11 > 12 > 06 > 13 > 14 > 13 > 14 > 13 > 25 > 24 > 14,1111,0:00:00.042000,0.04200029373168945,EGW_ES_EGW_CBI_RWS_OPC_DDM_FIR_IM,EvoGeneratorWrapper_EvolutionaryStrategy_EvoGeneratorWrapper_CaseBasedInitiator_RouletteWheelSelector_OnePointCrosser_DataDistributionMutator_FittestIndividualRecombiner_ImprovementMeasure,1,EvoGeneratorWrapper,34,27,21,1,EvolutionaryStrategy,30,500,100,500,CaseBasedInitiator,RouletteWheelSelector,OnePointCrosser,,DataDistributionMutator,0.10890295863507793,0.005427757687411152,0.7739560485559633,0.09920581672514749,0.01250741839640008,FittestIndividualRecombiner,,486,34,27,1111,ImprovementMeasure,1,1,42
1,EvolutionaryStrategy,14,0.0016651501646265388,0,2.081049541253147,0.5961538461538461,0.7417764394759284,0.7422218182893116,0.0008974373340606689,0,1,33 > 01,33 > 01 > 02 > 03 > 04 > 05 > 06 > 05 > 07 > 09 > 08 > 10 > 11 > 12 > 06 > 13 > 14 > 13 > 14 > 13 > 25 > 24 > 14,1111,0:00:00.042000,0.04200029373168945,EGW_ES_EGW_CBI_RWS_OPC_DDM_FIR_IM,EvoGeneratorWrapper_EvolutionaryStrategy_EvoGeneratorWrapper_CaseBasedInitiator_RouletteWheelSelector_OnePointCrosser_DataDistributionMutator_FittestIndividualRecombiner_ImprovementMeasure,1,EvoGeneratorWrapper,34,27,21,1,EvolutionaryStrategy,30,500,100,500,CaseBasedInitiator,RouletteWheelSelector,OnePointCrosser,,DataDistributionMutator,0.10890295863507793,0.005427757687411152,0.7739560485559633,0.09920581672514749,0.01250741839640008,FittestIndividualRecombiner,,486,34,27,1111,ImprovementMeasure,1,1,43
1,EvolutionaryStrategy,7,0.0016651501646265388,0,2.081049541253147,0.5961538461538461,0.7417764394759284,0.7422218182893116,0.0008974373340606689,0,1,33 > 01,33 > 01 > 02 > 03 > 04 > 05 > 06 > 05 > 07 > 09 > 08 > 10 > 11 > 12 > 06 > 13 > 14 > 13 > 14 > 13 > 25 > 24 > 14,1111,0:00:00.042000,0.04200029373168945,EGW_ES_EGW_CBI_RWS_OPC_DDM_FIR_IM,EvoGeneratorWrapper_EvolutionaryStrategy_EvoGeneratorWrapper_CaseBasedInitiator_RouletteWheelSelector_OnePointCrosser_DataDistributionMutator_FittestIndividualRecombiner_ImprovementMeasure,1,EvoGeneratorWrapper,34,27,21,1,EvolutionaryStrategy,30,500,100,500,CaseBasedInitiator,RouletteWheelSelector,OnePointCrosser,,DataDistributionMutator,0.10890295863507793,0.005427757687411152,0.7739560485559633,0.09920581672514749,0.01250741839640008,FittestIndividualRecombiner,,486,34,27,1111,ImprovementMeasure,1,1,44
1,EvolutionaryStrategy,6,0.0016651501646265388,0,2.081049541253147,0.5961538461538461,0.7417764394759284,0.7422218182893116,0.0008974373340606689,0,1,33 > 01,33 > 01 > 02 > 03 > 04 > 05 > 06 > 05 > 07 > 09 > 08 > 10 > 11 > 12 > 06 > 13 > 14 > 13 > 14 > 13 > 25 > 24 > 14,1111,0:00:00.042000,0.04200029373168945,EGW_ES_EGW_CBI_RWS_OPC_DDM_FIR_IM,EvoGeneratorWrapper_EvolutionaryStrategy_EvoGeneratorWrapper_CaseBasedInitiator_RouletteWheelSelector_OnePointCrosser_DataDistributionMutator_FittestIndividualRecombiner_ImprovementMeasure,1,EvoGeneratorWrapper,34,27,21,1,EvolutionaryStrategy,30,500,100,500,CaseBasedInitiator,RouletteWheelSelector,OnePointCrosser,,DataDistributionMutator,0.10890295863507793,0.005427757687411152,0.7739560485559633,0.09920581672514749,0.01250741839640008,FittestIndividualRecombiner,,486,34,27,1111,ImprovementMeasure,1,1,45
1,EvolutionaryStrategy,5,0.0016651501646265388,0,2.081049541253147,0.5961538461538461,0.7417764394759284,0.7422218182893116,0.0008974373340606689,0,1,33 > 01,33 > 01 > 02 > 03 > 04 > 05 > 06 > 05 > 07 > 09 > 08 > 10 > 11 > 12 > 06 > 13 > 14 > 13 > 14 > 13 > 25 > 24 > 14,1111,0:00:00.042000,0.04200029373168945,EGW_ES_EGW_CBI_RWS_OPC_DDM_FIR_IM,EvoGeneratorWrapper_EvolutionaryStrategy_EvoGeneratorWrapper_CaseBasedInitiator_RouletteWheelSelector_OnePointCrosser_DataDistributionMutator_FittestIndividualRecombiner_ImprovementMeasure,1,EvoGeneratorWrapper,34,27,21,1,EvolutionaryStrategy,30,500,100,500,CaseBasedInitiator,RouletteWheelSelector,OnePointCrosser,,DataDistributionMutator,0.10890295863507793,0.005427757687411152,0.7739560485559633,0.09920581672514749,0.01250741839640008,FittestIndividualRecombiner,,486,34,27,1111,ImprovementMeasure,1,1,46
1,EvolutionaryStrategy,4,0.0016651501646265388,0,2.081049541253147,0.5961538461538461,0.7417764394759284,0.7422218182893116,0.0008974373340606689,0,1,33 > 01,33 > 01 > 02 > 03 > 04 > 05 > 06 > 05 > 07 > 09 > 08 > 10 > 11 > 12 > 06 > 13 > 14 > 13 > 14 > 13 > 25 > 24 > 14,1111,0:00:00.042000,0.04200029373168945,EGW_ES_EGW_CBI_RWS_OPC_DDM_FIR_IM,EvoGeneratorWrapper_EvolutionaryStrategy_EvoGeneratorWrapper_CaseBasedInitiator_RouletteWheelSelector_OnePointCrosser_DataDistributionMutator_FittestIndividualRecombiner_ImprovementMeasure,1,EvoGeneratorWrapper,34,27,21,1,EvolutionaryStrategy,30,500,100,500,CaseBasedInitiator,RouletteWheelSelector,OnePointCrosser,,DataDistributionMutator,0.10890295863507793,0.005427757687411152,0.7739560485559633,0.09920581672514749,0.01250741839640008,FittestIndividualRecombiner,,486,34,27,1111,ImprovementMeasure,1,1,47
1,EvolutionaryStrategy,3,0.0016651501646265388,0,2.081049541253147,0.5961538461538461,0.7417764394759284,0.7422218182893116,0.0008974373340606689,0,1,33 > 01,33 > 01 > 02 > 03 > 04 > 05 > 06 > 05 > 07 > 09 > 08 > 10 > 11 > 12 > 06 > 13 > 14 > 13 > 14 > 13 > 25 > 24 > 14,1111,0:00:00.042000,0.04200029373168945,EGW_ES_EGW_CBI_RWS_OPC_DDM_FIR_IM,EvoGeneratorWrapper_EvolutionaryStrategy_EvoGeneratorWrapper_CaseBasedInitiator_RouletteWheelSelector_OnePointCrosser_DataDistributionMutator_FittestIndividualRecombiner_ImprovementMeasure,1,EvoGeneratorWrapper,34,27,21,1,EvolutionaryStrategy,30,500,100,500,CaseBasedInitiator,RouletteWheelSelector,OnePointCrosser,,DataDistributionMutator,0.10890295863507793,0.005427757687411152,0.7739560485559633,0.09920581672514749,0.01250741839640008,FittestIndividualRecombiner,,486,34,27,1111,ImprovementMeasure,1,1,48
1,EvolutionaryStrategy,2,0.0016651501646265388,0,2.081049541253147,0.5961538461538461,0.7417764394759284,0.7422218182893116,0.0008974373340606689,0,1,33 > 01,33 > 01 > 02 > 03 > 04 > 05 > 06 > 05 > 07 > 09 > 08 > 10 > 11 > 12 > 06 > 13 > 14 > 13 > 14 > 13 > 25 > 24 > 14,1111,0:00:00.042000,0.04200029373168945,EGW_ES_EGW_CBI_RWS_OPC_DDM_FIR_IM,EvoGeneratorWrapper_EvolutionaryStrategy_EvoGeneratorWrapper_CaseBasedInitiator_RouletteWheelSelector_OnePointCrosser_DataDistributionMutator_FittestIndividualRecombiner_ImprovementMeasure,1,EvoGeneratorWrapper,34,27,21,1,EvolutionaryStrategy,30,500,100,500,CaseBasedInitiator,RouletteWheelSelector,OnePointCrosser,,DataDistributionMutator,0.10890295863507793,0.005427757687411152,0.7739560485559633,0.09920581672514749,0.01250741839640008,FittestIndividualRecombiner,,486,34,27,1111,ImprovementMeasure,1,1,49
1,EvolutionaryStrategy,1,0.0016651501646265388,0,2.081049541253147,0.5961538461538461,0.7417764394759284,0.7422218182893116,0.0008974373340606689,0,1,33 > 01,33 > 01 > 02 > 03 > 04 > 05 > 06 > 05 > 07 > 09 > 08 > 10 > 11 > 12 > 06 > 13 > 14 > 13 > 14 > 13 > 25 > 24 > 14,1111,0:00:00.042000,0.04200029373168945,EGW_ES_EGW_CBI_RWS_OPC_DDM_FIR_IM,EvoGeneratorWrapper_EvolutionaryStrategy_EvoGeneratorWrapper_CaseBasedInitiator_RouletteWheelSelector_OnePointCrosser_DataDistributionMutator_FittestIndividualRecombiner_ImprovementMeasure,1,EvoGeneratorWrapper,34,27,21,1,EvolutionaryStrategy,30,500,100,500,CaseBasedInitiator,RouletteWheelSelector,OnePointCrosser,,DataDistributionMutator,0.10890295863507793,0.005427757687411152,0.7739560485559633,0.09920581672514749,0.01250741839640008,FittestIndividualRecombiner,,486,34,27,1111,ImprovementMeasure,1,1,50
