experiment,model_name,rank,likelihood,outcome,viability,sparcity,similarity,dllh,ollh,source_outcome,target_outcome,cf,fa,run.mask,run.duration,run.duration_sec,run.short_name,run.full_name,run.no,wrapper.type,gen.SeqProcessLoss.class_name,gen.SeqProcessLoss.config.reduction,gen.SeqProcessLoss.config.name,gen.SeqProcessLoss.config.losses,gen.SeqProcessLoss.config.sampler.class_name,gen.SeqProcessLoss.config.sampler.config.name,gen.SeqProcessLoss.config.sampler.config.trainable,gen.SeqProcessLoss.config.sampler.config.dtype,gen.SeqProcessLoss.config.sampler.__passive_serialization__,gen.SeqProcessLoss.config.sampler.shared_object_id,gen.SeqProcessLoss.__passive_serialization__,gen.SeqProcessLoss.shared_object_id,gen.SeqProcessEvaluator.class_name,gen.SeqProcessEvaluator.config.reduction,gen.SeqProcessEvaluator.config.name,gen.SeqProcessEvaluator.config.losses,gen.SeqProcessEvaluator.config.sampler.class_name,gen.SeqProcessEvaluator.config.sampler.config.name,gen.SeqProcessEvaluator.config.sampler.config.trainable,gen.SeqProcessEvaluator.config.sampler.config.dtype,gen.SeqProcessEvaluator.config.sampler.__passive_serialization__,gen.SeqProcessEvaluator.config.sampler.shared_object_id,gen.SeqProcessEvaluator.__passive_serialization__,gen.SeqProcessEvaluator.shared_object_id,viab.data_distribution,viab.vocab_len,viab.max_len,viab.measure_mask,viab.type,instance.no,iteration.no,row.no,gen.vocab_len,gen.max_len,gen.feature_len,gen.ft_mode,gen.model
1,SimpleGeneratorModel,10,0.00012984596833121032,0,0.4617862271694395,0.15384615384615385,0.30781031401160963,1.6863554081423597e-24,0.0001297593116760254,0,1,13 > 13 > 13 > 13 > 13 > 13 > 13 > 13 > 13 > 13 > 13 > 13 > 13 > 13 > 13 > 13 > 13 > 13 > 13 > 13 > 13 > 13 > 13 > 13 > 13 > 13 > 13,33 > 01 > 02 > 03 > 04 > 05 > 06 > 05 > 07 > 09 > 08 > 10 > 11 > 12 > 06 > 13 > 14 > 13 > 14 > 13 > 25 > 24 > 14,1111,0:00:09.410979,9.41097903251648,SVAEGW_SGM_SVAEGW_32_32_IM,SimpleVAEGeneratorWrapper_SimpleGeneratorModel_SimpleVAEGeneratorWrapper_float32_float32_ImprovementMeasure,1,SimpleVAEGeneratorWrapper,SeqProcessLoss,none,SeqProcessLoss,"[{'class_name': 'MSpCatCE', 'config': {'reduction': 'sum_over_batch_size', 'name': 'MSpCatCE'}, '__passive_serialization__': True, 'shared_object_id': 5}, {'class_name': 'MeanSquaredError', 'config': {'reduction': 'sum_over_batch_size', 'name': 'mean_squared_error'}, '__passive_serialization__': True, 'shared_object_id': 6}, {'class_name': 'SimpleKLDivergence', 'config': {'reduction': 'sum_over_batch_size', 'name': 'SimpleKLDivergence'}, '__passive_serialization__': True, 'shared_object_id': 7}]",Sampler,sampler_1,True,float32,True,0.0,True,1.0,SeqProcessEvaluator,none,SeqProcessEvaluator,"[{'class_name': 'MCatEditSimilarity', 'config': {'reduction': 'sum_over_batch_size', 'name': 'MCatEditSimilarity'}, '__passive_serialization__': True, 'shared_object_id': 8}, {'class_name': 'SMAPE', 'config': {'reduction': 'sum_over_batch_size', 'name': 'SMAPE'}, '__passive_serialization__': True, 'shared_object_id': 9}]",Sampler,sampler_2,True,float32,True,2.0,True,3.0,486,34,27,1111,ImprovementMeasure,1,1,1,,,,,
1,SimpleGeneratorModel,9,0.00012984596833121032,0,0.4617862271694395,0.15384615384615385,0.30781031401160963,1.6863554081423597e-24,0.0001297593116760254,0,1,13 > 13 > 13 > 13 > 13 > 13 > 13 > 13 > 13 > 13 > 13 > 13 > 13 > 13 > 13 > 13 > 13 > 13 > 13 > 13 > 13 > 13 > 13 > 13 > 13 > 13 > 13,33 > 01 > 02 > 03 > 04 > 05 > 06 > 05 > 07 > 09 > 08 > 10 > 11 > 12 > 06 > 13 > 14 > 13 > 14 > 13 > 25 > 24 > 14,1111,0:00:09.410979,9.41097903251648,SVAEGW_SGM_SVAEGW_32_32_IM,SimpleVAEGeneratorWrapper_SimpleGeneratorModel_SimpleVAEGeneratorWrapper_float32_float32_ImprovementMeasure,1,SimpleVAEGeneratorWrapper,SeqProcessLoss,none,SeqProcessLoss,"[{'class_name': 'MSpCatCE', 'config': {'reduction': 'sum_over_batch_size', 'name': 'MSpCatCE'}, '__passive_serialization__': True, 'shared_object_id': 5}, {'class_name': 'MeanSquaredError', 'config': {'reduction': 'sum_over_batch_size', 'name': 'mean_squared_error'}, '__passive_serialization__': True, 'shared_object_id': 6}, {'class_name': 'SimpleKLDivergence', 'config': {'reduction': 'sum_over_batch_size', 'name': 'SimpleKLDivergence'}, '__passive_serialization__': True, 'shared_object_id': 7}]",Sampler,sampler_1,True,float32,True,0.0,True,1.0,SeqProcessEvaluator,none,SeqProcessEvaluator,"[{'class_name': 'MCatEditSimilarity', 'config': {'reduction': 'sum_over_batch_size', 'name': 'MCatEditSimilarity'}, '__passive_serialization__': True, 'shared_object_id': 8}, {'class_name': 'SMAPE', 'config': {'reduction': 'sum_over_batch_size', 'name': 'SMAPE'}, '__passive_serialization__': True, 'shared_object_id': 9}]",Sampler,sampler_2,True,float32,True,2.0,True,3.0,486,34,27,1111,ImprovementMeasure,1,1,2,,,,,
1,SimpleGeneratorModel,8,0.00012984596833121032,0,0.4617862271694395,0.15384615384615385,0.30781031401160963,1.6863554081423597e-24,0.0001297593116760254,0,1,13 > 13 > 13 > 13 > 13 > 13 > 13 > 13 > 13 > 13 > 13 > 13 > 13 > 13 > 13 > 13 > 13 > 13 > 13 > 13 > 13 > 13 > 13 > 13 > 13 > 13 > 13,33 > 01 > 02 > 03 > 04 > 05 > 06 > 05 > 07 > 09 > 08 > 10 > 11 > 12 > 06 > 13 > 14 > 13 > 14 > 13 > 25 > 24 > 14,1111,0:00:09.410979,9.41097903251648,SVAEGW_SGM_SVAEGW_32_32_IM,SimpleVAEGeneratorWrapper_SimpleGeneratorModel_SimpleVAEGeneratorWrapper_float32_float32_ImprovementMeasure,1,SimpleVAEGeneratorWrapper,SeqProcessLoss,none,SeqProcessLoss,"[{'class_name': 'MSpCatCE', 'config': {'reduction': 'sum_over_batch_size', 'name': 'MSpCatCE'}, '__passive_serialization__': True, 'shared_object_id': 5}, {'class_name': 'MeanSquaredError', 'config': {'reduction': 'sum_over_batch_size', 'name': 'mean_squared_error'}, '__passive_serialization__': True, 'shared_object_id': 6}, {'class_name': 'SimpleKLDivergence', 'config': {'reduction': 'sum_over_batch_size', 'name': 'SimpleKLDivergence'}, '__passive_serialization__': True, 'shared_object_id': 7}]",Sampler,sampler_1,True,float32,True,0.0,True,1.0,SeqProcessEvaluator,none,SeqProcessEvaluator,"[{'class_name': 'MCatEditSimilarity', 'config': {'reduction': 'sum_over_batch_size', 'name': 'MCatEditSimilarity'}, '__passive_serialization__': True, 'shared_object_id': 8}, {'class_name': 'SMAPE', 'config': {'reduction': 'sum_over_batch_size', 'name': 'SMAPE'}, '__passive_serialization__': True, 'shared_object_id': 9}]",Sampler,sampler_2,True,float32,True,2.0,True,3.0,486,34,27,1111,ImprovementMeasure,1,1,3,,,,,
1,SimpleGeneratorModel,7,0.00012984596833121032,0,0.4617862271694395,0.15384615384615385,0.30781031401160963,1.6863554081423597e-24,0.0001297593116760254,0,1,13 > 13 > 13 > 13 > 13 > 13 > 13 > 13 > 13 > 13 > 13 > 13 > 13 > 13 > 13 > 13 > 13 > 13 > 13 > 13 > 13 > 13 > 13 > 13 > 13 > 13 > 13,33 > 01 > 02 > 03 > 04 > 05 > 06 > 05 > 07 > 09 > 08 > 10 > 11 > 12 > 06 > 13 > 14 > 13 > 14 > 13 > 25 > 24 > 14,1111,0:00:09.410979,9.41097903251648,SVAEGW_SGM_SVAEGW_32_32_IM,SimpleVAEGeneratorWrapper_SimpleGeneratorModel_SimpleVAEGeneratorWrapper_float32_float32_ImprovementMeasure,1,SimpleVAEGeneratorWrapper,SeqProcessLoss,none,SeqProcessLoss,"[{'class_name': 'MSpCatCE', 'config': {'reduction': 'sum_over_batch_size', 'name': 'MSpCatCE'}, '__passive_serialization__': True, 'shared_object_id': 5}, {'class_name': 'MeanSquaredError', 'config': {'reduction': 'sum_over_batch_size', 'name': 'mean_squared_error'}, '__passive_serialization__': True, 'shared_object_id': 6}, {'class_name': 'SimpleKLDivergence', 'config': {'reduction': 'sum_over_batch_size', 'name': 'SimpleKLDivergence'}, '__passive_serialization__': True, 'shared_object_id': 7}]",Sampler,sampler_1,True,float32,True,0.0,True,1.0,SeqProcessEvaluator,none,SeqProcessEvaluator,"[{'class_name': 'MCatEditSimilarity', 'config': {'reduction': 'sum_over_batch_size', 'name': 'MCatEditSimilarity'}, '__passive_serialization__': True, 'shared_object_id': 8}, {'class_name': 'SMAPE', 'config': {'reduction': 'sum_over_batch_size', 'name': 'SMAPE'}, '__passive_serialization__': True, 'shared_object_id': 9}]",Sampler,sampler_2,True,float32,True,2.0,True,3.0,486,34,27,1111,ImprovementMeasure,1,1,4,,,,,
1,SimpleGeneratorModel,6,0.00012984596833121032,0,0.4617862271694395,0.15384615384615385,0.30781031401160963,1.6863554081423597e-24,0.0001297593116760254,0,1,13 > 13 > 13 > 13 > 13 > 13 > 13 > 13 > 13 > 13 > 13 > 13 > 13 > 13 > 13 > 13 > 13 > 13 > 13 > 13 > 13 > 13 > 13 > 13 > 13 > 13 > 13,33 > 01 > 02 > 03 > 04 > 05 > 06 > 05 > 07 > 09 > 08 > 10 > 11 > 12 > 06 > 13 > 14 > 13 > 14 > 13 > 25 > 24 > 14,1111,0:00:09.410979,9.41097903251648,SVAEGW_SGM_SVAEGW_32_32_IM,SimpleVAEGeneratorWrapper_SimpleGeneratorModel_SimpleVAEGeneratorWrapper_float32_float32_ImprovementMeasure,1,SimpleVAEGeneratorWrapper,SeqProcessLoss,none,SeqProcessLoss,"[{'class_name': 'MSpCatCE', 'config': {'reduction': 'sum_over_batch_size', 'name': 'MSpCatCE'}, '__passive_serialization__': True, 'shared_object_id': 5}, {'class_name': 'MeanSquaredError', 'config': {'reduction': 'sum_over_batch_size', 'name': 'mean_squared_error'}, '__passive_serialization__': True, 'shared_object_id': 6}, {'class_name': 'SimpleKLDivergence', 'config': {'reduction': 'sum_over_batch_size', 'name': 'SimpleKLDivergence'}, '__passive_serialization__': True, 'shared_object_id': 7}]",Sampler,sampler_1,True,float32,True,0.0,True,1.0,SeqProcessEvaluator,none,SeqProcessEvaluator,"[{'class_name': 'MCatEditSimilarity', 'config': {'reduction': 'sum_over_batch_size', 'name': 'MCatEditSimilarity'}, '__passive_serialization__': True, 'shared_object_id': 8}, {'class_name': 'SMAPE', 'config': {'reduction': 'sum_over_batch_size', 'name': 'SMAPE'}, '__passive_serialization__': True, 'shared_object_id': 9}]",Sampler,sampler_2,True,float32,True,2.0,True,3.0,486,34,27,1111,ImprovementMeasure,1,1,5,,,,,
1,SimpleGeneratorModel,5,0.00012984596833121032,0,0.4617862271694395,0.15384615384615385,0.30781031401160963,1.6863554081423597e-24,0.0001297593116760254,0,1,13 > 13 > 13 > 13 > 13 > 13 > 13 > 13 > 13 > 13 > 13 > 13 > 13 > 13 > 13 > 13 > 13 > 13 > 13 > 13 > 13 > 13 > 13 > 13 > 13 > 13 > 13,33 > 01 > 02 > 03 > 04 > 05 > 06 > 05 > 07 > 09 > 08 > 10 > 11 > 12 > 06 > 13 > 14 > 13 > 14 > 13 > 25 > 24 > 14,1111,0:00:09.410979,9.41097903251648,SVAEGW_SGM_SVAEGW_32_32_IM,SimpleVAEGeneratorWrapper_SimpleGeneratorModel_SimpleVAEGeneratorWrapper_float32_float32_ImprovementMeasure,1,SimpleVAEGeneratorWrapper,SeqProcessLoss,none,SeqProcessLoss,"[{'class_name': 'MSpCatCE', 'config': {'reduction': 'sum_over_batch_size', 'name': 'MSpCatCE'}, '__passive_serialization__': True, 'shared_object_id': 5}, {'class_name': 'MeanSquaredError', 'config': {'reduction': 'sum_over_batch_size', 'name': 'mean_squared_error'}, '__passive_serialization__': True, 'shared_object_id': 6}, {'class_name': 'SimpleKLDivergence', 'config': {'reduction': 'sum_over_batch_size', 'name': 'SimpleKLDivergence'}, '__passive_serialization__': True, 'shared_object_id': 7}]",Sampler,sampler_1,True,float32,True,0.0,True,1.0,SeqProcessEvaluator,none,SeqProcessEvaluator,"[{'class_name': 'MCatEditSimilarity', 'config': {'reduction': 'sum_over_batch_size', 'name': 'MCatEditSimilarity'}, '__passive_serialization__': True, 'shared_object_id': 8}, {'class_name': 'SMAPE', 'config': {'reduction': 'sum_over_batch_size', 'name': 'SMAPE'}, '__passive_serialization__': True, 'shared_object_id': 9}]",Sampler,sampler_2,True,float32,True,2.0,True,3.0,486,34,27,1111,ImprovementMeasure,1,1,6,,,,,
1,SimpleGeneratorModel,4,0.00012984596833121032,0,0.4617862271694395,0.15384615384615385,0.30781031401160963,1.6863554081423597e-24,0.0001297593116760254,0,1,13 > 13 > 13 > 13 > 13 > 13 > 13 > 13 > 13 > 13 > 13 > 13 > 13 > 13 > 13 > 13 > 13 > 13 > 13 > 13 > 13 > 13 > 13 > 13 > 13 > 13 > 13,33 > 01 > 02 > 03 > 04 > 05 > 06 > 05 > 07 > 09 > 08 > 10 > 11 > 12 > 06 > 13 > 14 > 13 > 14 > 13 > 25 > 24 > 14,1111,0:00:09.410979,9.41097903251648,SVAEGW_SGM_SVAEGW_32_32_IM,SimpleVAEGeneratorWrapper_SimpleGeneratorModel_SimpleVAEGeneratorWrapper_float32_float32_ImprovementMeasure,1,SimpleVAEGeneratorWrapper,SeqProcessLoss,none,SeqProcessLoss,"[{'class_name': 'MSpCatCE', 'config': {'reduction': 'sum_over_batch_size', 'name': 'MSpCatCE'}, '__passive_serialization__': True, 'shared_object_id': 5}, {'class_name': 'MeanSquaredError', 'config': {'reduction': 'sum_over_batch_size', 'name': 'mean_squared_error'}, '__passive_serialization__': True, 'shared_object_id': 6}, {'class_name': 'SimpleKLDivergence', 'config': {'reduction': 'sum_over_batch_size', 'name': 'SimpleKLDivergence'}, '__passive_serialization__': True, 'shared_object_id': 7}]",Sampler,sampler_1,True,float32,True,0.0,True,1.0,SeqProcessEvaluator,none,SeqProcessEvaluator,"[{'class_name': 'MCatEditSimilarity', 'config': {'reduction': 'sum_over_batch_size', 'name': 'MCatEditSimilarity'}, '__passive_serialization__': True, 'shared_object_id': 8}, {'class_name': 'SMAPE', 'config': {'reduction': 'sum_over_batch_size', 'name': 'SMAPE'}, '__passive_serialization__': True, 'shared_object_id': 9}]",Sampler,sampler_2,True,float32,True,2.0,True,3.0,486,34,27,1111,ImprovementMeasure,1,1,7,,,,,
1,SimpleGeneratorModel,3,0.00012984596833121032,0,0.4617862271694395,0.15384615384615385,0.30781031401160963,1.6863554081423597e-24,0.0001297593116760254,0,1,13 > 13 > 13 > 13 > 13 > 13 > 13 > 13 > 13 > 13 > 13 > 13 > 13 > 13 > 13 > 13 > 13 > 13 > 13 > 13 > 13 > 13 > 13 > 13 > 13 > 13 > 13,33 > 01 > 02 > 03 > 04 > 05 > 06 > 05 > 07 > 09 > 08 > 10 > 11 > 12 > 06 > 13 > 14 > 13 > 14 > 13 > 25 > 24 > 14,1111,0:00:09.410979,9.41097903251648,SVAEGW_SGM_SVAEGW_32_32_IM,SimpleVAEGeneratorWrapper_SimpleGeneratorModel_SimpleVAEGeneratorWrapper_float32_float32_ImprovementMeasure,1,SimpleVAEGeneratorWrapper,SeqProcessLoss,none,SeqProcessLoss,"[{'class_name': 'MSpCatCE', 'config': {'reduction': 'sum_over_batch_size', 'name': 'MSpCatCE'}, '__passive_serialization__': True, 'shared_object_id': 5}, {'class_name': 'MeanSquaredError', 'config': {'reduction': 'sum_over_batch_size', 'name': 'mean_squared_error'}, '__passive_serialization__': True, 'shared_object_id': 6}, {'class_name': 'SimpleKLDivergence', 'config': {'reduction': 'sum_over_batch_size', 'name': 'SimpleKLDivergence'}, '__passive_serialization__': True, 'shared_object_id': 7}]",Sampler,sampler_1,True,float32,True,0.0,True,1.0,SeqProcessEvaluator,none,SeqProcessEvaluator,"[{'class_name': 'MCatEditSimilarity', 'config': {'reduction': 'sum_over_batch_size', 'name': 'MCatEditSimilarity'}, '__passive_serialization__': True, 'shared_object_id': 8}, {'class_name': 'SMAPE', 'config': {'reduction': 'sum_over_batch_size', 'name': 'SMAPE'}, '__passive_serialization__': True, 'shared_object_id': 9}]",Sampler,sampler_2,True,float32,True,2.0,True,3.0,486,34,27,1111,ImprovementMeasure,1,1,8,,,,,
1,SimpleGeneratorModel,2,0.00012984596833121032,0,0.4617862271694395,0.15384615384615385,0.30781031401160963,1.6863554081423597e-24,0.0001297593116760254,0,1,13 > 13 > 13 > 13 > 13 > 13 > 13 > 13 > 13 > 13 > 13 > 13 > 13 > 13 > 13 > 13 > 13 > 13 > 13 > 13 > 13 > 13 > 13 > 13 > 13 > 13 > 13,33 > 01 > 02 > 03 > 04 > 05 > 06 > 05 > 07 > 09 > 08 > 10 > 11 > 12 > 06 > 13 > 14 > 13 > 14 > 13 > 25 > 24 > 14,1111,0:00:09.410979,9.41097903251648,SVAEGW_SGM_SVAEGW_32_32_IM,SimpleVAEGeneratorWrapper_SimpleGeneratorModel_SimpleVAEGeneratorWrapper_float32_float32_ImprovementMeasure,1,SimpleVAEGeneratorWrapper,SeqProcessLoss,none,SeqProcessLoss,"[{'class_name': 'MSpCatCE', 'config': {'reduction': 'sum_over_batch_size', 'name': 'MSpCatCE'}, '__passive_serialization__': True, 'shared_object_id': 5}, {'class_name': 'MeanSquaredError', 'config': {'reduction': 'sum_over_batch_size', 'name': 'mean_squared_error'}, '__passive_serialization__': True, 'shared_object_id': 6}, {'class_name': 'SimpleKLDivergence', 'config': {'reduction': 'sum_over_batch_size', 'name': 'SimpleKLDivergence'}, '__passive_serialization__': True, 'shared_object_id': 7}]",Sampler,sampler_1,True,float32,True,0.0,True,1.0,SeqProcessEvaluator,none,SeqProcessEvaluator,"[{'class_name': 'MCatEditSimilarity', 'config': {'reduction': 'sum_over_batch_size', 'name': 'MCatEditSimilarity'}, '__passive_serialization__': True, 'shared_object_id': 8}, {'class_name': 'SMAPE', 'config': {'reduction': 'sum_over_batch_size', 'name': 'SMAPE'}, '__passive_serialization__': True, 'shared_object_id': 9}]",Sampler,sampler_2,True,float32,True,2.0,True,3.0,486,34,27,1111,ImprovementMeasure,1,1,9,,,,,
1,SimpleGeneratorModel,1,0.00012984596833121032,0,0.4617862271694395,0.15384615384615385,0.30781031401160963,1.6863554081423597e-24,0.0001297593116760254,0,1,13 > 13 > 13 > 13 > 13 > 13 > 13 > 13 > 13 > 13 > 13 > 13 > 13 > 13 > 13 > 13 > 13 > 13 > 13 > 13 > 13 > 13 > 13 > 13 > 13 > 13 > 13,33 > 01 > 02 > 03 > 04 > 05 > 06 > 05 > 07 > 09 > 08 > 10 > 11 > 12 > 06 > 13 > 14 > 13 > 14 > 13 > 25 > 24 > 14,1111,0:00:09.410979,9.41097903251648,SVAEGW_SGM_SVAEGW_32_32_IM,SimpleVAEGeneratorWrapper_SimpleGeneratorModel_SimpleVAEGeneratorWrapper_float32_float32_ImprovementMeasure,1,SimpleVAEGeneratorWrapper,SeqProcessLoss,none,SeqProcessLoss,"[{'class_name': 'MSpCatCE', 'config': {'reduction': 'sum_over_batch_size', 'name': 'MSpCatCE'}, '__passive_serialization__': True, 'shared_object_id': 5}, {'class_name': 'MeanSquaredError', 'config': {'reduction': 'sum_over_batch_size', 'name': 'mean_squared_error'}, '__passive_serialization__': True, 'shared_object_id': 6}, {'class_name': 'SimpleKLDivergence', 'config': {'reduction': 'sum_over_batch_size', 'name': 'SimpleKLDivergence'}, '__passive_serialization__': True, 'shared_object_id': 7}]",Sampler,sampler_1,True,float32,True,0.0,True,1.0,SeqProcessEvaluator,none,SeqProcessEvaluator,"[{'class_name': 'MCatEditSimilarity', 'config': {'reduction': 'sum_over_batch_size', 'name': 'MCatEditSimilarity'}, '__passive_serialization__': True, 'shared_object_id': 8}, {'class_name': 'SMAPE', 'config': {'reduction': 'sum_over_batch_size', 'name': 'SMAPE'}, '__passive_serialization__': True, 'shared_object_id': 9}]",Sampler,sampler_2,True,float32,True,2.0,True,3.0,486,34,27,1111,ImprovementMeasure,1,1,10,,,,,
1,SimpleGeneratorModel,10,0.00012984596833121032,0,0.4605001641497639,0.1346153846153847,0.3257550202227032,1.6863554081423597e-24,0.0001297593116760254,0,1,13 > 13 > 13 > 13 > 13 > 13 > 13 > 13 > 13 > 13 > 13 > 13 > 13 > 13 > 13 > 13 > 13 > 13 > 13 > 13 > 13 > 13 > 13 > 13 > 13 > 13 > 13,33 > 01 > 02 > 21 > 22 > 03 > 04 > 23 > 05 > 07 > 09 > 08 > 10 > 11 > 12 > 06 > 13 > 14 > 13 > 14 > 13 > 19 > 18 > 14,1111,0:00:09.410979,9.41097903251648,SVAEGW_SGM_SVAEGW_32_32_IM,SimpleVAEGeneratorWrapper_SimpleGeneratorModel_SimpleVAEGeneratorWrapper_float32_float32_ImprovementMeasure,1,SimpleVAEGeneratorWrapper,SeqProcessLoss,none,SeqProcessLoss,"[{'class_name': 'MSpCatCE', 'config': {'reduction': 'sum_over_batch_size', 'name': 'MSpCatCE'}, '__passive_serialization__': True, 'shared_object_id': 5}, {'class_name': 'MeanSquaredError', 'config': {'reduction': 'sum_over_batch_size', 'name': 'mean_squared_error'}, '__passive_serialization__': True, 'shared_object_id': 6}, {'class_name': 'SimpleKLDivergence', 'config': {'reduction': 'sum_over_batch_size', 'name': 'SimpleKLDivergence'}, '__passive_serialization__': True, 'shared_object_id': 7}]",Sampler,sampler_1,True,float32,True,0.0,True,1.0,SeqProcessEvaluator,none,SeqProcessEvaluator,"[{'class_name': 'MCatEditSimilarity', 'config': {'reduction': 'sum_over_batch_size', 'name': 'MCatEditSimilarity'}, '__passive_serialization__': True, 'shared_object_id': 8}, {'class_name': 'SMAPE', 'config': {'reduction': 'sum_over_batch_size', 'name': 'SMAPE'}, '__passive_serialization__': True, 'shared_object_id': 9}]",Sampler,sampler_2,True,float32,True,2.0,True,3.0,486,34,27,1111,ImprovementMeasure,1,2,1,,,,,
1,SimpleGeneratorModel,9,0.00012984596833121032,0,0.4605001641497639,0.1346153846153847,0.3257550202227032,1.6863554081423597e-24,0.0001297593116760254,0,1,13 > 13 > 13 > 13 > 13 > 13 > 13 > 13 > 13 > 13 > 13 > 13 > 13 > 13 > 13 > 13 > 13 > 13 > 13 > 13 > 13 > 13 > 13 > 13 > 13 > 13 > 13,33 > 01 > 02 > 21 > 22 > 03 > 04 > 23 > 05 > 07 > 09 > 08 > 10 > 11 > 12 > 06 > 13 > 14 > 13 > 14 > 13 > 19 > 18 > 14,1111,0:00:09.410979,9.41097903251648,SVAEGW_SGM_SVAEGW_32_32_IM,SimpleVAEGeneratorWrapper_SimpleGeneratorModel_SimpleVAEGeneratorWrapper_float32_float32_ImprovementMeasure,1,SimpleVAEGeneratorWrapper,SeqProcessLoss,none,SeqProcessLoss,"[{'class_name': 'MSpCatCE', 'config': {'reduction': 'sum_over_batch_size', 'name': 'MSpCatCE'}, '__passive_serialization__': True, 'shared_object_id': 5}, {'class_name': 'MeanSquaredError', 'config': {'reduction': 'sum_over_batch_size', 'name': 'mean_squared_error'}, '__passive_serialization__': True, 'shared_object_id': 6}, {'class_name': 'SimpleKLDivergence', 'config': {'reduction': 'sum_over_batch_size', 'name': 'SimpleKLDivergence'}, '__passive_serialization__': True, 'shared_object_id': 7}]",Sampler,sampler_1,True,float32,True,0.0,True,1.0,SeqProcessEvaluator,none,SeqProcessEvaluator,"[{'class_name': 'MCatEditSimilarity', 'config': {'reduction': 'sum_over_batch_size', 'name': 'MCatEditSimilarity'}, '__passive_serialization__': True, 'shared_object_id': 8}, {'class_name': 'SMAPE', 'config': {'reduction': 'sum_over_batch_size', 'name': 'SMAPE'}, '__passive_serialization__': True, 'shared_object_id': 9}]",Sampler,sampler_2,True,float32,True,2.0,True,3.0,486,34,27,1111,ImprovementMeasure,1,2,2,,,,,
1,SimpleGeneratorModel,8,0.00012984596833121032,0,0.4605001641497639,0.1346153846153847,0.3257550202227032,1.6863554081423597e-24,0.0001297593116760254,0,1,13 > 13 > 13 > 13 > 13 > 13 > 13 > 13 > 13 > 13 > 13 > 13 > 13 > 13 > 13 > 13 > 13 > 13 > 13 > 13 > 13 > 13 > 13 > 13 > 13 > 13 > 13,33 > 01 > 02 > 21 > 22 > 03 > 04 > 23 > 05 > 07 > 09 > 08 > 10 > 11 > 12 > 06 > 13 > 14 > 13 > 14 > 13 > 19 > 18 > 14,1111,0:00:09.410979,9.41097903251648,SVAEGW_SGM_SVAEGW_32_32_IM,SimpleVAEGeneratorWrapper_SimpleGeneratorModel_SimpleVAEGeneratorWrapper_float32_float32_ImprovementMeasure,1,SimpleVAEGeneratorWrapper,SeqProcessLoss,none,SeqProcessLoss,"[{'class_name': 'MSpCatCE', 'config': {'reduction': 'sum_over_batch_size', 'name': 'MSpCatCE'}, '__passive_serialization__': True, 'shared_object_id': 5}, {'class_name': 'MeanSquaredError', 'config': {'reduction': 'sum_over_batch_size', 'name': 'mean_squared_error'}, '__passive_serialization__': True, 'shared_object_id': 6}, {'class_name': 'SimpleKLDivergence', 'config': {'reduction': 'sum_over_batch_size', 'name': 'SimpleKLDivergence'}, '__passive_serialization__': True, 'shared_object_id': 7}]",Sampler,sampler_1,True,float32,True,0.0,True,1.0,SeqProcessEvaluator,none,SeqProcessEvaluator,"[{'class_name': 'MCatEditSimilarity', 'config': {'reduction': 'sum_over_batch_size', 'name': 'MCatEditSimilarity'}, '__passive_serialization__': True, 'shared_object_id': 8}, {'class_name': 'SMAPE', 'config': {'reduction': 'sum_over_batch_size', 'name': 'SMAPE'}, '__passive_serialization__': True, 'shared_object_id': 9}]",Sampler,sampler_2,True,float32,True,2.0,True,3.0,486,34,27,1111,ImprovementMeasure,1,2,3,,,,,
1,SimpleGeneratorModel,7,0.00012984596833121032,0,0.4605001641497639,0.1346153846153847,0.3257550202227032,1.6863554081423597e-24,0.0001297593116760254,0,1,13 > 13 > 13 > 13 > 13 > 13 > 13 > 13 > 13 > 13 > 13 > 13 > 13 > 13 > 13 > 13 > 13 > 13 > 13 > 13 > 13 > 13 > 13 > 13 > 13 > 13 > 13,33 > 01 > 02 > 21 > 22 > 03 > 04 > 23 > 05 > 07 > 09 > 08 > 10 > 11 > 12 > 06 > 13 > 14 > 13 > 14 > 13 > 19 > 18 > 14,1111,0:00:09.410979,9.41097903251648,SVAEGW_SGM_SVAEGW_32_32_IM,SimpleVAEGeneratorWrapper_SimpleGeneratorModel_SimpleVAEGeneratorWrapper_float32_float32_ImprovementMeasure,1,SimpleVAEGeneratorWrapper,SeqProcessLoss,none,SeqProcessLoss,"[{'class_name': 'MSpCatCE', 'config': {'reduction': 'sum_over_batch_size', 'name': 'MSpCatCE'}, '__passive_serialization__': True, 'shared_object_id': 5}, {'class_name': 'MeanSquaredError', 'config': {'reduction': 'sum_over_batch_size', 'name': 'mean_squared_error'}, '__passive_serialization__': True, 'shared_object_id': 6}, {'class_name': 'SimpleKLDivergence', 'config': {'reduction': 'sum_over_batch_size', 'name': 'SimpleKLDivergence'}, '__passive_serialization__': True, 'shared_object_id': 7}]",Sampler,sampler_1,True,float32,True,0.0,True,1.0,SeqProcessEvaluator,none,SeqProcessEvaluator,"[{'class_name': 'MCatEditSimilarity', 'config': {'reduction': 'sum_over_batch_size', 'name': 'MCatEditSimilarity'}, '__passive_serialization__': True, 'shared_object_id': 8}, {'class_name': 'SMAPE', 'config': {'reduction': 'sum_over_batch_size', 'name': 'SMAPE'}, '__passive_serialization__': True, 'shared_object_id': 9}]",Sampler,sampler_2,True,float32,True,2.0,True,3.0,486,34,27,1111,ImprovementMeasure,1,2,4,,,,,
1,SimpleGeneratorModel,6,0.00012984596833121032,0,0.4605001641497639,0.1346153846153847,0.3257550202227032,1.6863554081423597e-24,0.0001297593116760254,0,1,13 > 13 > 13 > 13 > 13 > 13 > 13 > 13 > 13 > 13 > 13 > 13 > 13 > 13 > 13 > 13 > 13 > 13 > 13 > 13 > 13 > 13 > 13 > 13 > 13 > 13 > 13,33 > 01 > 02 > 21 > 22 > 03 > 04 > 23 > 05 > 07 > 09 > 08 > 10 > 11 > 12 > 06 > 13 > 14 > 13 > 14 > 13 > 19 > 18 > 14,1111,0:00:09.410979,9.41097903251648,SVAEGW_SGM_SVAEGW_32_32_IM,SimpleVAEGeneratorWrapper_SimpleGeneratorModel_SimpleVAEGeneratorWrapper_float32_float32_ImprovementMeasure,1,SimpleVAEGeneratorWrapper,SeqProcessLoss,none,SeqProcessLoss,"[{'class_name': 'MSpCatCE', 'config': {'reduction': 'sum_over_batch_size', 'name': 'MSpCatCE'}, '__passive_serialization__': True, 'shared_object_id': 5}, {'class_name': 'MeanSquaredError', 'config': {'reduction': 'sum_over_batch_size', 'name': 'mean_squared_error'}, '__passive_serialization__': True, 'shared_object_id': 6}, {'class_name': 'SimpleKLDivergence', 'config': {'reduction': 'sum_over_batch_size', 'name': 'SimpleKLDivergence'}, '__passive_serialization__': True, 'shared_object_id': 7}]",Sampler,sampler_1,True,float32,True,0.0,True,1.0,SeqProcessEvaluator,none,SeqProcessEvaluator,"[{'class_name': 'MCatEditSimilarity', 'config': {'reduction': 'sum_over_batch_size', 'name': 'MCatEditSimilarity'}, '__passive_serialization__': True, 'shared_object_id': 8}, {'class_name': 'SMAPE', 'config': {'reduction': 'sum_over_batch_size', 'name': 'SMAPE'}, '__passive_serialization__': True, 'shared_object_id': 9}]",Sampler,sampler_2,True,float32,True,2.0,True,3.0,486,34,27,1111,ImprovementMeasure,1,2,5,,,,,
1,SimpleGeneratorModel,5,0.00012984596833121032,0,0.4605001641497639,0.1346153846153847,0.3257550202227032,1.6863554081423597e-24,0.0001297593116760254,0,1,13 > 13 > 13 > 13 > 13 > 13 > 13 > 13 > 13 > 13 > 13 > 13 > 13 > 13 > 13 > 13 > 13 > 13 > 13 > 13 > 13 > 13 > 13 > 13 > 13 > 13 > 13,33 > 01 > 02 > 21 > 22 > 03 > 04 > 23 > 05 > 07 > 09 > 08 > 10 > 11 > 12 > 06 > 13 > 14 > 13 > 14 > 13 > 19 > 18 > 14,1111,0:00:09.410979,9.41097903251648,SVAEGW_SGM_SVAEGW_32_32_IM,SimpleVAEGeneratorWrapper_SimpleGeneratorModel_SimpleVAEGeneratorWrapper_float32_float32_ImprovementMeasure,1,SimpleVAEGeneratorWrapper,SeqProcessLoss,none,SeqProcessLoss,"[{'class_name': 'MSpCatCE', 'config': {'reduction': 'sum_over_batch_size', 'name': 'MSpCatCE'}, '__passive_serialization__': True, 'shared_object_id': 5}, {'class_name': 'MeanSquaredError', 'config': {'reduction': 'sum_over_batch_size', 'name': 'mean_squared_error'}, '__passive_serialization__': True, 'shared_object_id': 6}, {'class_name': 'SimpleKLDivergence', 'config': {'reduction': 'sum_over_batch_size', 'name': 'SimpleKLDivergence'}, '__passive_serialization__': True, 'shared_object_id': 7}]",Sampler,sampler_1,True,float32,True,0.0,True,1.0,SeqProcessEvaluator,none,SeqProcessEvaluator,"[{'class_name': 'MCatEditSimilarity', 'config': {'reduction': 'sum_over_batch_size', 'name': 'MCatEditSimilarity'}, '__passive_serialization__': True, 'shared_object_id': 8}, {'class_name': 'SMAPE', 'config': {'reduction': 'sum_over_batch_size', 'name': 'SMAPE'}, '__passive_serialization__': True, 'shared_object_id': 9}]",Sampler,sampler_2,True,float32,True,2.0,True,3.0,486,34,27,1111,ImprovementMeasure,1,2,6,,,,,
1,SimpleGeneratorModel,4,0.00012984596833121032,0,0.4605001641497639,0.1346153846153847,0.3257550202227032,1.6863554081423597e-24,0.0001297593116760254,0,1,13 > 13 > 13 > 13 > 13 > 13 > 13 > 13 > 13 > 13 > 13 > 13 > 13 > 13 > 13 > 13 > 13 > 13 > 13 > 13 > 13 > 13 > 13 > 13 > 13 > 13 > 13,33 > 01 > 02 > 21 > 22 > 03 > 04 > 23 > 05 > 07 > 09 > 08 > 10 > 11 > 12 > 06 > 13 > 14 > 13 > 14 > 13 > 19 > 18 > 14,1111,0:00:09.410979,9.41097903251648,SVAEGW_SGM_SVAEGW_32_32_IM,SimpleVAEGeneratorWrapper_SimpleGeneratorModel_SimpleVAEGeneratorWrapper_float32_float32_ImprovementMeasure,1,SimpleVAEGeneratorWrapper,SeqProcessLoss,none,SeqProcessLoss,"[{'class_name': 'MSpCatCE', 'config': {'reduction': 'sum_over_batch_size', 'name': 'MSpCatCE'}, '__passive_serialization__': True, 'shared_object_id': 5}, {'class_name': 'MeanSquaredError', 'config': {'reduction': 'sum_over_batch_size', 'name': 'mean_squared_error'}, '__passive_serialization__': True, 'shared_object_id': 6}, {'class_name': 'SimpleKLDivergence', 'config': {'reduction': 'sum_over_batch_size', 'name': 'SimpleKLDivergence'}, '__passive_serialization__': True, 'shared_object_id': 7}]",Sampler,sampler_1,True,float32,True,0.0,True,1.0,SeqProcessEvaluator,none,SeqProcessEvaluator,"[{'class_name': 'MCatEditSimilarity', 'config': {'reduction': 'sum_over_batch_size', 'name': 'MCatEditSimilarity'}, '__passive_serialization__': True, 'shared_object_id': 8}, {'class_name': 'SMAPE', 'config': {'reduction': 'sum_over_batch_size', 'name': 'SMAPE'}, '__passive_serialization__': True, 'shared_object_id': 9}]",Sampler,sampler_2,True,float32,True,2.0,True,3.0,486,34,27,1111,ImprovementMeasure,1,2,7,,,,,
1,SimpleGeneratorModel,3,0.00012984596833121032,0,0.4605001641497639,0.1346153846153847,0.3257550202227032,1.6863554081423597e-24,0.0001297593116760254,0,1,13 > 13 > 13 > 13 > 13 > 13 > 13 > 13 > 13 > 13 > 13 > 13 > 13 > 13 > 13 > 13 > 13 > 13 > 13 > 13 > 13 > 13 > 13 > 13 > 13 > 13 > 13,33 > 01 > 02 > 21 > 22 > 03 > 04 > 23 > 05 > 07 > 09 > 08 > 10 > 11 > 12 > 06 > 13 > 14 > 13 > 14 > 13 > 19 > 18 > 14,1111,0:00:09.410979,9.41097903251648,SVAEGW_SGM_SVAEGW_32_32_IM,SimpleVAEGeneratorWrapper_SimpleGeneratorModel_SimpleVAEGeneratorWrapper_float32_float32_ImprovementMeasure,1,SimpleVAEGeneratorWrapper,SeqProcessLoss,none,SeqProcessLoss,"[{'class_name': 'MSpCatCE', 'config': {'reduction': 'sum_over_batch_size', 'name': 'MSpCatCE'}, '__passive_serialization__': True, 'shared_object_id': 5}, {'class_name': 'MeanSquaredError', 'config': {'reduction': 'sum_over_batch_size', 'name': 'mean_squared_error'}, '__passive_serialization__': True, 'shared_object_id': 6}, {'class_name': 'SimpleKLDivergence', 'config': {'reduction': 'sum_over_batch_size', 'name': 'SimpleKLDivergence'}, '__passive_serialization__': True, 'shared_object_id': 7}]",Sampler,sampler_1,True,float32,True,0.0,True,1.0,SeqProcessEvaluator,none,SeqProcessEvaluator,"[{'class_name': 'MCatEditSimilarity', 'config': {'reduction': 'sum_over_batch_size', 'name': 'MCatEditSimilarity'}, '__passive_serialization__': True, 'shared_object_id': 8}, {'class_name': 'SMAPE', 'config': {'reduction': 'sum_over_batch_size', 'name': 'SMAPE'}, '__passive_serialization__': True, 'shared_object_id': 9}]",Sampler,sampler_2,True,float32,True,2.0,True,3.0,486,34,27,1111,ImprovementMeasure,1,2,8,,,,,
1,SimpleGeneratorModel,2,0.00012984596833121032,0,0.4605001641497639,0.1346153846153847,0.3257550202227032,1.6863554081423597e-24,0.0001297593116760254,0,1,13 > 13 > 13 > 13 > 13 > 13 > 13 > 13 > 13 > 13 > 13 > 13 > 13 > 13 > 13 > 13 > 13 > 13 > 13 > 13 > 13 > 13 > 13 > 13 > 13 > 13 > 13,33 > 01 > 02 > 21 > 22 > 03 > 04 > 23 > 05 > 07 > 09 > 08 > 10 > 11 > 12 > 06 > 13 > 14 > 13 > 14 > 13 > 19 > 18 > 14,1111,0:00:09.410979,9.41097903251648,SVAEGW_SGM_SVAEGW_32_32_IM,SimpleVAEGeneratorWrapper_SimpleGeneratorModel_SimpleVAEGeneratorWrapper_float32_float32_ImprovementMeasure,1,SimpleVAEGeneratorWrapper,SeqProcessLoss,none,SeqProcessLoss,"[{'class_name': 'MSpCatCE', 'config': {'reduction': 'sum_over_batch_size', 'name': 'MSpCatCE'}, '__passive_serialization__': True, 'shared_object_id': 5}, {'class_name': 'MeanSquaredError', 'config': {'reduction': 'sum_over_batch_size', 'name': 'mean_squared_error'}, '__passive_serialization__': True, 'shared_object_id': 6}, {'class_name': 'SimpleKLDivergence', 'config': {'reduction': 'sum_over_batch_size', 'name': 'SimpleKLDivergence'}, '__passive_serialization__': True, 'shared_object_id': 7}]",Sampler,sampler_1,True,float32,True,0.0,True,1.0,SeqProcessEvaluator,none,SeqProcessEvaluator,"[{'class_name': 'MCatEditSimilarity', 'config': {'reduction': 'sum_over_batch_size', 'name': 'MCatEditSimilarity'}, '__passive_serialization__': True, 'shared_object_id': 8}, {'class_name': 'SMAPE', 'config': {'reduction': 'sum_over_batch_size', 'name': 'SMAPE'}, '__passive_serialization__': True, 'shared_object_id': 9}]",Sampler,sampler_2,True,float32,True,2.0,True,3.0,486,34,27,1111,ImprovementMeasure,1,2,9,,,,,
1,SimpleGeneratorModel,1,0.00012984596833121032,0,0.4605001641497639,0.1346153846153847,0.3257550202227032,1.6863554081423597e-24,0.0001297593116760254,0,1,13 > 13 > 13 > 13 > 13 > 13 > 13 > 13 > 13 > 13 > 13 > 13 > 13 > 13 > 13 > 13 > 13 > 13 > 13 > 13 > 13 > 13 > 13 > 13 > 13 > 13 > 13,33 > 01 > 02 > 21 > 22 > 03 > 04 > 23 > 05 > 07 > 09 > 08 > 10 > 11 > 12 > 06 > 13 > 14 > 13 > 14 > 13 > 19 > 18 > 14,1111,0:00:09.410979,9.41097903251648,SVAEGW_SGM_SVAEGW_32_32_IM,SimpleVAEGeneratorWrapper_SimpleGeneratorModel_SimpleVAEGeneratorWrapper_float32_float32_ImprovementMeasure,1,SimpleVAEGeneratorWrapper,SeqProcessLoss,none,SeqProcessLoss,"[{'class_name': 'MSpCatCE', 'config': {'reduction': 'sum_over_batch_size', 'name': 'MSpCatCE'}, '__passive_serialization__': True, 'shared_object_id': 5}, {'class_name': 'MeanSquaredError', 'config': {'reduction': 'sum_over_batch_size', 'name': 'mean_squared_error'}, '__passive_serialization__': True, 'shared_object_id': 6}, {'class_name': 'SimpleKLDivergence', 'config': {'reduction': 'sum_over_batch_size', 'name': 'SimpleKLDivergence'}, '__passive_serialization__': True, 'shared_object_id': 7}]",Sampler,sampler_1,True,float32,True,0.0,True,1.0,SeqProcessEvaluator,none,SeqProcessEvaluator,"[{'class_name': 'MCatEditSimilarity', 'config': {'reduction': 'sum_over_batch_size', 'name': 'MCatEditSimilarity'}, '__passive_serialization__': True, 'shared_object_id': 8}, {'class_name': 'SMAPE', 'config': {'reduction': 'sum_over_batch_size', 'name': 'SMAPE'}, '__passive_serialization__': True, 'shared_object_id': 9}]",Sampler,sampler_2,True,float32,True,2.0,True,3.0,486,34,27,1111,ImprovementMeasure,1,2,10,,,,,
1,SimpleGeneratorModel,10,0.00012984596833121032,0,0.4121363052842394,0.15384615384615385,0.2581603623240871,1.6863554081423597e-24,0.00012978911399841309,0,1,13 > 13 > 13 > 13 > 13 > 13 > 13 > 13 > 13 > 13 > 13 > 13 > 13 > 13 > 13 > 13 > 13 > 13 > 13 > 13 > 13 > 13 > 13 > 13 > 13 > 13 > 13,33 > 01 > 02 > 03 > 04 > 05 > 06 > 05 > 07 > 08 > 09 > 10 > 11 > 12 > 06 > 13 > 14 > 13 > 14 > 13 > 25 > 24 > 14,1111,0:00:09.410979,9.41097903251648,SVAEGW_SGM_SVAEGW_32_32_IM,SimpleVAEGeneratorWrapper_SimpleGeneratorModel_SimpleVAEGeneratorWrapper_float32_float32_ImprovementMeasure,1,SimpleVAEGeneratorWrapper,SeqProcessLoss,none,SeqProcessLoss,"[{'class_name': 'MSpCatCE', 'config': {'reduction': 'sum_over_batch_size', 'name': 'MSpCatCE'}, '__passive_serialization__': True, 'shared_object_id': 5}, {'class_name': 'MeanSquaredError', 'config': {'reduction': 'sum_over_batch_size', 'name': 'mean_squared_error'}, '__passive_serialization__': True, 'shared_object_id': 6}, {'class_name': 'SimpleKLDivergence', 'config': {'reduction': 'sum_over_batch_size', 'name': 'SimpleKLDivergence'}, '__passive_serialization__': True, 'shared_object_id': 7}]",Sampler,sampler_1,True,float32,True,0.0,True,1.0,SeqProcessEvaluator,none,SeqProcessEvaluator,"[{'class_name': 'MCatEditSimilarity', 'config': {'reduction': 'sum_over_batch_size', 'name': 'MCatEditSimilarity'}, '__passive_serialization__': True, 'shared_object_id': 8}, {'class_name': 'SMAPE', 'config': {'reduction': 'sum_over_batch_size', 'name': 'SMAPE'}, '__passive_serialization__': True, 'shared_object_id': 9}]",Sampler,sampler_2,True,float32,True,2.0,True,3.0,486,34,27,1111,ImprovementMeasure,1,3,1,,,,,
1,SimpleGeneratorModel,9,0.00012984596833121032,0,0.4121363052842394,0.15384615384615385,0.2581603623240871,1.6863554081423597e-24,0.00012978911399841309,0,1,13 > 13 > 13 > 13 > 13 > 13 > 13 > 13 > 13 > 13 > 13 > 13 > 13 > 13 > 13 > 13 > 13 > 13 > 13 > 13 > 13 > 13 > 13 > 13 > 13 > 13 > 13,33 > 01 > 02 > 03 > 04 > 05 > 06 > 05 > 07 > 08 > 09 > 10 > 11 > 12 > 06 > 13 > 14 > 13 > 14 > 13 > 25 > 24 > 14,1111,0:00:09.410979,9.41097903251648,SVAEGW_SGM_SVAEGW_32_32_IM,SimpleVAEGeneratorWrapper_SimpleGeneratorModel_SimpleVAEGeneratorWrapper_float32_float32_ImprovementMeasure,1,SimpleVAEGeneratorWrapper,SeqProcessLoss,none,SeqProcessLoss,"[{'class_name': 'MSpCatCE', 'config': {'reduction': 'sum_over_batch_size', 'name': 'MSpCatCE'}, '__passive_serialization__': True, 'shared_object_id': 5}, {'class_name': 'MeanSquaredError', 'config': {'reduction': 'sum_over_batch_size', 'name': 'mean_squared_error'}, '__passive_serialization__': True, 'shared_object_id': 6}, {'class_name': 'SimpleKLDivergence', 'config': {'reduction': 'sum_over_batch_size', 'name': 'SimpleKLDivergence'}, '__passive_serialization__': True, 'shared_object_id': 7}]",Sampler,sampler_1,True,float32,True,0.0,True,1.0,SeqProcessEvaluator,none,SeqProcessEvaluator,"[{'class_name': 'MCatEditSimilarity', 'config': {'reduction': 'sum_over_batch_size', 'name': 'MCatEditSimilarity'}, '__passive_serialization__': True, 'shared_object_id': 8}, {'class_name': 'SMAPE', 'config': {'reduction': 'sum_over_batch_size', 'name': 'SMAPE'}, '__passive_serialization__': True, 'shared_object_id': 9}]",Sampler,sampler_2,True,float32,True,2.0,True,3.0,486,34,27,1111,ImprovementMeasure,1,3,2,,,,,
1,SimpleGeneratorModel,8,0.00012984596833121032,0,0.4121363052842394,0.15384615384615385,0.2581603623240871,1.6863554081423597e-24,0.00012978911399841309,0,1,13 > 13 > 13 > 13 > 13 > 13 > 13 > 13 > 13 > 13 > 13 > 13 > 13 > 13 > 13 > 13 > 13 > 13 > 13 > 13 > 13 > 13 > 13 > 13 > 13 > 13 > 13,33 > 01 > 02 > 03 > 04 > 05 > 06 > 05 > 07 > 08 > 09 > 10 > 11 > 12 > 06 > 13 > 14 > 13 > 14 > 13 > 25 > 24 > 14,1111,0:00:09.410979,9.41097903251648,SVAEGW_SGM_SVAEGW_32_32_IM,SimpleVAEGeneratorWrapper_SimpleGeneratorModel_SimpleVAEGeneratorWrapper_float32_float32_ImprovementMeasure,1,SimpleVAEGeneratorWrapper,SeqProcessLoss,none,SeqProcessLoss,"[{'class_name': 'MSpCatCE', 'config': {'reduction': 'sum_over_batch_size', 'name': 'MSpCatCE'}, '__passive_serialization__': True, 'shared_object_id': 5}, {'class_name': 'MeanSquaredError', 'config': {'reduction': 'sum_over_batch_size', 'name': 'mean_squared_error'}, '__passive_serialization__': True, 'shared_object_id': 6}, {'class_name': 'SimpleKLDivergence', 'config': {'reduction': 'sum_over_batch_size', 'name': 'SimpleKLDivergence'}, '__passive_serialization__': True, 'shared_object_id': 7}]",Sampler,sampler_1,True,float32,True,0.0,True,1.0,SeqProcessEvaluator,none,SeqProcessEvaluator,"[{'class_name': 'MCatEditSimilarity', 'config': {'reduction': 'sum_over_batch_size', 'name': 'MCatEditSimilarity'}, '__passive_serialization__': True, 'shared_object_id': 8}, {'class_name': 'SMAPE', 'config': {'reduction': 'sum_over_batch_size', 'name': 'SMAPE'}, '__passive_serialization__': True, 'shared_object_id': 9}]",Sampler,sampler_2,True,float32,True,2.0,True,3.0,486,34,27,1111,ImprovementMeasure,1,3,3,,,,,
1,SimpleGeneratorModel,7,0.00012984596833121032,0,0.4121363052842394,0.15384615384615385,0.2581603623240871,1.6863554081423597e-24,0.00012978911399841309,0,1,13 > 13 > 13 > 13 > 13 > 13 > 13 > 13 > 13 > 13 > 13 > 13 > 13 > 13 > 13 > 13 > 13 > 13 > 13 > 13 > 13 > 13 > 13 > 13 > 13 > 13 > 13,33 > 01 > 02 > 03 > 04 > 05 > 06 > 05 > 07 > 08 > 09 > 10 > 11 > 12 > 06 > 13 > 14 > 13 > 14 > 13 > 25 > 24 > 14,1111,0:00:09.410979,9.41097903251648,SVAEGW_SGM_SVAEGW_32_32_IM,SimpleVAEGeneratorWrapper_SimpleGeneratorModel_SimpleVAEGeneratorWrapper_float32_float32_ImprovementMeasure,1,SimpleVAEGeneratorWrapper,SeqProcessLoss,none,SeqProcessLoss,"[{'class_name': 'MSpCatCE', 'config': {'reduction': 'sum_over_batch_size', 'name': 'MSpCatCE'}, '__passive_serialization__': True, 'shared_object_id': 5}, {'class_name': 'MeanSquaredError', 'config': {'reduction': 'sum_over_batch_size', 'name': 'mean_squared_error'}, '__passive_serialization__': True, 'shared_object_id': 6}, {'class_name': 'SimpleKLDivergence', 'config': {'reduction': 'sum_over_batch_size', 'name': 'SimpleKLDivergence'}, '__passive_serialization__': True, 'shared_object_id': 7}]",Sampler,sampler_1,True,float32,True,0.0,True,1.0,SeqProcessEvaluator,none,SeqProcessEvaluator,"[{'class_name': 'MCatEditSimilarity', 'config': {'reduction': 'sum_over_batch_size', 'name': 'MCatEditSimilarity'}, '__passive_serialization__': True, 'shared_object_id': 8}, {'class_name': 'SMAPE', 'config': {'reduction': 'sum_over_batch_size', 'name': 'SMAPE'}, '__passive_serialization__': True, 'shared_object_id': 9}]",Sampler,sampler_2,True,float32,True,2.0,True,3.0,486,34,27,1111,ImprovementMeasure,1,3,4,,,,,
1,SimpleGeneratorModel,6,0.00012984596833121032,0,0.4121363052842394,0.15384615384615385,0.2581603623240871,1.6863554081423597e-24,0.00012978911399841309,0,1,13 > 13 > 13 > 13 > 13 > 13 > 13 > 13 > 13 > 13 > 13 > 13 > 13 > 13 > 13 > 13 > 13 > 13 > 13 > 13 > 13 > 13 > 13 > 13 > 13 > 13 > 13,33 > 01 > 02 > 03 > 04 > 05 > 06 > 05 > 07 > 08 > 09 > 10 > 11 > 12 > 06 > 13 > 14 > 13 > 14 > 13 > 25 > 24 > 14,1111,0:00:09.410979,9.41097903251648,SVAEGW_SGM_SVAEGW_32_32_IM,SimpleVAEGeneratorWrapper_SimpleGeneratorModel_SimpleVAEGeneratorWrapper_float32_float32_ImprovementMeasure,1,SimpleVAEGeneratorWrapper,SeqProcessLoss,none,SeqProcessLoss,"[{'class_name': 'MSpCatCE', 'config': {'reduction': 'sum_over_batch_size', 'name': 'MSpCatCE'}, '__passive_serialization__': True, 'shared_object_id': 5}, {'class_name': 'MeanSquaredError', 'config': {'reduction': 'sum_over_batch_size', 'name': 'mean_squared_error'}, '__passive_serialization__': True, 'shared_object_id': 6}, {'class_name': 'SimpleKLDivergence', 'config': {'reduction': 'sum_over_batch_size', 'name': 'SimpleKLDivergence'}, '__passive_serialization__': True, 'shared_object_id': 7}]",Sampler,sampler_1,True,float32,True,0.0,True,1.0,SeqProcessEvaluator,none,SeqProcessEvaluator,"[{'class_name': 'MCatEditSimilarity', 'config': {'reduction': 'sum_over_batch_size', 'name': 'MCatEditSimilarity'}, '__passive_serialization__': True, 'shared_object_id': 8}, {'class_name': 'SMAPE', 'config': {'reduction': 'sum_over_batch_size', 'name': 'SMAPE'}, '__passive_serialization__': True, 'shared_object_id': 9}]",Sampler,sampler_2,True,float32,True,2.0,True,3.0,486,34,27,1111,ImprovementMeasure,1,3,5,,,,,
1,SimpleGeneratorModel,5,0.00012984596833121032,0,0.4121363052842394,0.15384615384615385,0.2581603623240871,1.6863554081423597e-24,0.00012978911399841309,0,1,13 > 13 > 13 > 13 > 13 > 13 > 13 > 13 > 13 > 13 > 13 > 13 > 13 > 13 > 13 > 13 > 13 > 13 > 13 > 13 > 13 > 13 > 13 > 13 > 13 > 13 > 13,33 > 01 > 02 > 03 > 04 > 05 > 06 > 05 > 07 > 08 > 09 > 10 > 11 > 12 > 06 > 13 > 14 > 13 > 14 > 13 > 25 > 24 > 14,1111,0:00:09.410979,9.41097903251648,SVAEGW_SGM_SVAEGW_32_32_IM,SimpleVAEGeneratorWrapper_SimpleGeneratorModel_SimpleVAEGeneratorWrapper_float32_float32_ImprovementMeasure,1,SimpleVAEGeneratorWrapper,SeqProcessLoss,none,SeqProcessLoss,"[{'class_name': 'MSpCatCE', 'config': {'reduction': 'sum_over_batch_size', 'name': 'MSpCatCE'}, '__passive_serialization__': True, 'shared_object_id': 5}, {'class_name': 'MeanSquaredError', 'config': {'reduction': 'sum_over_batch_size', 'name': 'mean_squared_error'}, '__passive_serialization__': True, 'shared_object_id': 6}, {'class_name': 'SimpleKLDivergence', 'config': {'reduction': 'sum_over_batch_size', 'name': 'SimpleKLDivergence'}, '__passive_serialization__': True, 'shared_object_id': 7}]",Sampler,sampler_1,True,float32,True,0.0,True,1.0,SeqProcessEvaluator,none,SeqProcessEvaluator,"[{'class_name': 'MCatEditSimilarity', 'config': {'reduction': 'sum_over_batch_size', 'name': 'MCatEditSimilarity'}, '__passive_serialization__': True, 'shared_object_id': 8}, {'class_name': 'SMAPE', 'config': {'reduction': 'sum_over_batch_size', 'name': 'SMAPE'}, '__passive_serialization__': True, 'shared_object_id': 9}]",Sampler,sampler_2,True,float32,True,2.0,True,3.0,486,34,27,1111,ImprovementMeasure,1,3,6,,,,,
1,SimpleGeneratorModel,4,0.00012984596833121032,0,0.4121363052842394,0.15384615384615385,0.2581603623240871,1.6863554081423597e-24,0.00012978911399841309,0,1,13 > 13 > 13 > 13 > 13 > 13 > 13 > 13 > 13 > 13 > 13 > 13 > 13 > 13 > 13 > 13 > 13 > 13 > 13 > 13 > 13 > 13 > 13 > 13 > 13 > 13 > 13,33 > 01 > 02 > 03 > 04 > 05 > 06 > 05 > 07 > 08 > 09 > 10 > 11 > 12 > 06 > 13 > 14 > 13 > 14 > 13 > 25 > 24 > 14,1111,0:00:09.410979,9.41097903251648,SVAEGW_SGM_SVAEGW_32_32_IM,SimpleVAEGeneratorWrapper_SimpleGeneratorModel_SimpleVAEGeneratorWrapper_float32_float32_ImprovementMeasure,1,SimpleVAEGeneratorWrapper,SeqProcessLoss,none,SeqProcessLoss,"[{'class_name': 'MSpCatCE', 'config': {'reduction': 'sum_over_batch_size', 'name': 'MSpCatCE'}, '__passive_serialization__': True, 'shared_object_id': 5}, {'class_name': 'MeanSquaredError', 'config': {'reduction': 'sum_over_batch_size', 'name': 'mean_squared_error'}, '__passive_serialization__': True, 'shared_object_id': 6}, {'class_name': 'SimpleKLDivergence', 'config': {'reduction': 'sum_over_batch_size', 'name': 'SimpleKLDivergence'}, '__passive_serialization__': True, 'shared_object_id': 7}]",Sampler,sampler_1,True,float32,True,0.0,True,1.0,SeqProcessEvaluator,none,SeqProcessEvaluator,"[{'class_name': 'MCatEditSimilarity', 'config': {'reduction': 'sum_over_batch_size', 'name': 'MCatEditSimilarity'}, '__passive_serialization__': True, 'shared_object_id': 8}, {'class_name': 'SMAPE', 'config': {'reduction': 'sum_over_batch_size', 'name': 'SMAPE'}, '__passive_serialization__': True, 'shared_object_id': 9}]",Sampler,sampler_2,True,float32,True,2.0,True,3.0,486,34,27,1111,ImprovementMeasure,1,3,7,,,,,
1,SimpleGeneratorModel,3,0.00012984596833121032,0,0.4121363052842394,0.15384615384615385,0.2581603623240871,1.6863554081423597e-24,0.00012978911399841309,0,1,13 > 13 > 13 > 13 > 13 > 13 > 13 > 13 > 13 > 13 > 13 > 13 > 13 > 13 > 13 > 13 > 13 > 13 > 13 > 13 > 13 > 13 > 13 > 13 > 13 > 13 > 13,33 > 01 > 02 > 03 > 04 > 05 > 06 > 05 > 07 > 08 > 09 > 10 > 11 > 12 > 06 > 13 > 14 > 13 > 14 > 13 > 25 > 24 > 14,1111,0:00:09.410979,9.41097903251648,SVAEGW_SGM_SVAEGW_32_32_IM,SimpleVAEGeneratorWrapper_SimpleGeneratorModel_SimpleVAEGeneratorWrapper_float32_float32_ImprovementMeasure,1,SimpleVAEGeneratorWrapper,SeqProcessLoss,none,SeqProcessLoss,"[{'class_name': 'MSpCatCE', 'config': {'reduction': 'sum_over_batch_size', 'name': 'MSpCatCE'}, '__passive_serialization__': True, 'shared_object_id': 5}, {'class_name': 'MeanSquaredError', 'config': {'reduction': 'sum_over_batch_size', 'name': 'mean_squared_error'}, '__passive_serialization__': True, 'shared_object_id': 6}, {'class_name': 'SimpleKLDivergence', 'config': {'reduction': 'sum_over_batch_size', 'name': 'SimpleKLDivergence'}, '__passive_serialization__': True, 'shared_object_id': 7}]",Sampler,sampler_1,True,float32,True,0.0,True,1.0,SeqProcessEvaluator,none,SeqProcessEvaluator,"[{'class_name': 'MCatEditSimilarity', 'config': {'reduction': 'sum_over_batch_size', 'name': 'MCatEditSimilarity'}, '__passive_serialization__': True, 'shared_object_id': 8}, {'class_name': 'SMAPE', 'config': {'reduction': 'sum_over_batch_size', 'name': 'SMAPE'}, '__passive_serialization__': True, 'shared_object_id': 9}]",Sampler,sampler_2,True,float32,True,2.0,True,3.0,486,34,27,1111,ImprovementMeasure,1,3,8,,,,,
1,SimpleGeneratorModel,2,0.00012984596833121032,0,0.4121363052842394,0.15384615384615385,0.2581603623240871,1.6863554081423597e-24,0.00012978911399841309,0,1,13 > 13 > 13 > 13 > 13 > 13 > 13 > 13 > 13 > 13 > 13 > 13 > 13 > 13 > 13 > 13 > 13 > 13 > 13 > 13 > 13 > 13 > 13 > 13 > 13 > 13 > 13,33 > 01 > 02 > 03 > 04 > 05 > 06 > 05 > 07 > 08 > 09 > 10 > 11 > 12 > 06 > 13 > 14 > 13 > 14 > 13 > 25 > 24 > 14,1111,0:00:09.410979,9.41097903251648,SVAEGW_SGM_SVAEGW_32_32_IM,SimpleVAEGeneratorWrapper_SimpleGeneratorModel_SimpleVAEGeneratorWrapper_float32_float32_ImprovementMeasure,1,SimpleVAEGeneratorWrapper,SeqProcessLoss,none,SeqProcessLoss,"[{'class_name': 'MSpCatCE', 'config': {'reduction': 'sum_over_batch_size', 'name': 'MSpCatCE'}, '__passive_serialization__': True, 'shared_object_id': 5}, {'class_name': 'MeanSquaredError', 'config': {'reduction': 'sum_over_batch_size', 'name': 'mean_squared_error'}, '__passive_serialization__': True, 'shared_object_id': 6}, {'class_name': 'SimpleKLDivergence', 'config': {'reduction': 'sum_over_batch_size', 'name': 'SimpleKLDivergence'}, '__passive_serialization__': True, 'shared_object_id': 7}]",Sampler,sampler_1,True,float32,True,0.0,True,1.0,SeqProcessEvaluator,none,SeqProcessEvaluator,"[{'class_name': 'MCatEditSimilarity', 'config': {'reduction': 'sum_over_batch_size', 'name': 'MCatEditSimilarity'}, '__passive_serialization__': True, 'shared_object_id': 8}, {'class_name': 'SMAPE', 'config': {'reduction': 'sum_over_batch_size', 'name': 'SMAPE'}, '__passive_serialization__': True, 'shared_object_id': 9}]",Sampler,sampler_2,True,float32,True,2.0,True,3.0,486,34,27,1111,ImprovementMeasure,1,3,9,,,,,
1,SimpleGeneratorModel,1,0.00012984596833121032,0,0.4121363052842394,0.15384615384615385,0.2581603623240871,1.6863554081423597e-24,0.00012978911399841309,0,1,13 > 13 > 13 > 13 > 13 > 13 > 13 > 13 > 13 > 13 > 13 > 13 > 13 > 13 > 13 > 13 > 13 > 13 > 13 > 13 > 13 > 13 > 13 > 13 > 13 > 13 > 13,33 > 01 > 02 > 03 > 04 > 05 > 06 > 05 > 07 > 08 > 09 > 10 > 11 > 12 > 06 > 13 > 14 > 13 > 14 > 13 > 25 > 24 > 14,1111,0:00:09.410979,9.41097903251648,SVAEGW_SGM_SVAEGW_32_32_IM,SimpleVAEGeneratorWrapper_SimpleGeneratorModel_SimpleVAEGeneratorWrapper_float32_float32_ImprovementMeasure,1,SimpleVAEGeneratorWrapper,SeqProcessLoss,none,SeqProcessLoss,"[{'class_name': 'MSpCatCE', 'config': {'reduction': 'sum_over_batch_size', 'name': 'MSpCatCE'}, '__passive_serialization__': True, 'shared_object_id': 5}, {'class_name': 'MeanSquaredError', 'config': {'reduction': 'sum_over_batch_size', 'name': 'mean_squared_error'}, '__passive_serialization__': True, 'shared_object_id': 6}, {'class_name': 'SimpleKLDivergence', 'config': {'reduction': 'sum_over_batch_size', 'name': 'SimpleKLDivergence'}, '__passive_serialization__': True, 'shared_object_id': 7}]",Sampler,sampler_1,True,float32,True,0.0,True,1.0,SeqProcessEvaluator,none,SeqProcessEvaluator,"[{'class_name': 'MCatEditSimilarity', 'config': {'reduction': 'sum_over_batch_size', 'name': 'MCatEditSimilarity'}, '__passive_serialization__': True, 'shared_object_id': 8}, {'class_name': 'SMAPE', 'config': {'reduction': 'sum_over_batch_size', 'name': 'SMAPE'}, '__passive_serialization__': True, 'shared_object_id': 9}]",Sampler,sampler_2,True,float32,True,2.0,True,3.0,486,34,27,1111,ImprovementMeasure,1,3,10,,,,,
1,CaseBasedGenerator,10,0.9993263483047485,1,1.7670271116654095,0.5485347985347986,0.7187631043345977,1.1847901232536605e-06,0.4997280240058899,0,1,33 > 01 > 02 > 03 > 04 > 05 > 07 > 09 > 08 > 10 > 11 > 12 > 06 > 13 > 14 > 13 > 15 > 16 > 14 > 17 > 29 > 26 > 27 > 28 > 20,33 > 01 > 02 > 03 > 04 > 05 > 06 > 05 > 07 > 09 > 08 > 10 > 11 > 12 > 06 > 13 > 14 > 13 > 14 > 13 > 25 > 24 > 14,1111,0:00:06.990419,6.990419149398804,CBGW_CBG_CBGW_IM,CaseBasedGeneratorWrapper_CaseBasedGenerator_CaseBasedGeneratorWrapper_ImprovementMeasure,2,CaseBasedGeneratorWrapper,,,,,,,,,,,,,,,,,,,,,,,,,486,34,27,1111,ImprovementMeasure,1,1,1,34.0,27.0,21.0,1.0,CaseBasedGenerator
1,CaseBasedGenerator,9,0.9993207454681396,1,1.768377676330737,0.5622710622710623,0.7063775936470013,3.7978250879041187e-06,0.49972522258758545,0,1,33 > 01 > 02 > 03 > 04 > 05 > 07 > 08 > 09 > 10 > 11 > 12 > 06 > 13 > 14 > 13 > 15 > 16 > 14 > 17 > 26 > 27 > 29 > 28 > 20,33 > 01 > 02 > 03 > 04 > 05 > 06 > 05 > 07 > 09 > 08 > 10 > 11 > 12 > 06 > 13 > 14 > 13 > 14 > 13 > 25 > 24 > 14,1111,0:00:06.990419,6.990419149398804,CBGW_CBG_CBGW_IM,CaseBasedGeneratorWrapper_CaseBasedGenerator_CaseBasedGeneratorWrapper_ImprovementMeasure,2,CaseBasedGeneratorWrapper,,,,,,,,,,,,,,,,,,,,,,,,,486,34,27,1111,ImprovementMeasure,1,1,2,34.0,27.0,21.0,1.0,CaseBasedGenerator
1,CaseBasedGenerator,8,0.9993152618408203,1,1.768784826731065,0.5604395604395604,0.7085917550381178,3.1030479461161704e-05,0.4997224807739258,0,1,33 > 01 > 02 > 03 > 04 > 05 > 07 > 09 > 08 > 10 > 11 > 12 > 06 > 13 > 15 > 16 > 14 > 17 > 27 > 29 > 28 > 26 > 20,33 > 01 > 02 > 03 > 04 > 05 > 06 > 05 > 07 > 09 > 08 > 10 > 11 > 12 > 06 > 13 > 14 > 13 > 14 > 13 > 25 > 24 > 14,1111,0:00:06.990419,6.990419149398804,CBGW_CBG_CBGW_IM,CaseBasedGeneratorWrapper_CaseBasedGenerator_CaseBasedGeneratorWrapper_ImprovementMeasure,2,CaseBasedGeneratorWrapper,,,,,,,,,,,,,,,,,,,,,,,,,486,34,27,1111,ImprovementMeasure,1,1,3,34.0,27.0,21.0,1.0,CaseBasedGenerator
1,CaseBasedGenerator,7,0.999306321144104,1,1.7716981610953966,0.5613553113553114,0.7106146412705482,1.0198043969511942e-05,0.4997180104255676,0,1,33 > 01 > 02 > 03 > 04 > 05 > 06 > 05 > 07 > 08 > 09 > 10 > 11 > 12 > 06 > 13 > 15 > 16 > 14 > 17 > 29 > 26 > 27 > 28 > 20,33 > 01 > 02 > 03 > 04 > 05 > 06 > 05 > 07 > 09 > 08 > 10 > 11 > 12 > 06 > 13 > 14 > 13 > 14 > 13 > 25 > 24 > 14,1111,0:00:06.990419,6.990419149398804,CBGW_CBG_CBGW_IM,CaseBasedGeneratorWrapper_CaseBasedGenerator_CaseBasedGeneratorWrapper_ImprovementMeasure,2,CaseBasedGeneratorWrapper,,,,,,,,,,,,,,,,,,,,,,,,,486,34,27,1111,ImprovementMeasure,1,1,4,34.0,27.0,21.0,1.0,CaseBasedGenerator
1,CaseBasedGenerator,6,0.9993239641189575,1,1.7770030589539625,0.5595238095238095,0.7177499912526584,2.4262645001397883e-06,0.4997268319129944,0,1,33 > 01 > 02 > 03 > 04 > 05 > 06 > 05 > 07 > 08 > 09 > 10 > 11 > 12 > 06 > 13 > 15 > 16 > 14 > 17 > 29 > 28 > 27 > 26 > 20,33 > 01 > 02 > 03 > 04 > 05 > 06 > 05 > 07 > 09 > 08 > 10 > 11 > 12 > 06 > 13 > 14 > 13 > 14 > 13 > 25 > 24 > 14,1111,0:00:06.990419,6.990419149398804,CBGW_CBG_CBGW_IM,CaseBasedGeneratorWrapper_CaseBasedGenerator_CaseBasedGeneratorWrapper_ImprovementMeasure,2,CaseBasedGeneratorWrapper,,,,,,,,,,,,,,,,,,,,,,,,,486,34,27,1111,ImprovementMeasure,1,1,5,34.0,27.0,21.0,1.0,CaseBasedGenerator
1,CaseBasedGenerator,5,0.9993256330490112,1,1.7870031927931085,0.5494505494505495,0.7378209717008728,4.0052636649159636e-06,0.49972766637802124,0,1,33 > 01 > 02 > 03 > 04 > 05 > 07 > 09 > 08 > 10 > 11 > 12 > 06 > 13 > 14 > 13 > 15 > 16 > 14 > 17 > 29 > 26 > 27 > 28 > 20,33 > 01 > 02 > 03 > 04 > 05 > 06 > 05 > 07 > 09 > 08 > 10 > 11 > 12 > 06 > 13 > 14 > 13 > 14 > 13 > 25 > 24 > 14,1111,0:00:06.990419,6.990419149398804,CBGW_CBG_CBGW_IM,CaseBasedGeneratorWrapper_CaseBasedGenerator_CaseBasedGeneratorWrapper_ImprovementMeasure,2,CaseBasedGeneratorWrapper,,,,,,,,,,,,,,,,,,,,,,,,,486,34,27,1111,ImprovementMeasure,1,1,6,34.0,27.0,21.0,1.0,CaseBasedGenerator
1,CaseBasedGenerator,4,0.9993232488632202,1,1.7879747439276643,0.5677655677655677,0.7204575464135339,2.515546343705109e-05,0.49972647428512573,0,1,33 > 01 > 02 > 03 > 04 > 05 > 07 > 09 > 08 > 10 > 11 > 12 > 06 > 13 > 15 > 16 > 14 > 17 > 26 > 28 > 27 > 29 > 20,33 > 01 > 02 > 03 > 04 > 05 > 06 > 05 > 07 > 09 > 08 > 10 > 11 > 12 > 06 > 13 > 14 > 13 > 14 > 13 > 25 > 24 > 14,1111,0:00:06.990419,6.990419149398804,CBGW_CBG_CBGW_IM,CaseBasedGeneratorWrapper_CaseBasedGenerator_CaseBasedGeneratorWrapper_ImprovementMeasure,2,CaseBasedGeneratorWrapper,,,,,,,,,,,,,,,,,,,,,,,,,486,34,27,1111,ImprovementMeasure,1,1,7,34.0,27.0,21.0,1.0,CaseBasedGenerator
1,CaseBasedGenerator,3,0.9993257522583008,1,1.7965042920898875,0.5723443223443223,0.724429427995325,2.8157675743214195e-06,0.499727725982666,0,1,33 > 01 > 02 > 03 > 04 > 05 > 07 > 09 > 08 > 10 > 11 > 12 > 06 > 13 > 14 > 13 > 15 > 16 > 14 > 17 > 26 > 29 > 28 > 27 > 20,33 > 01 > 02 > 03 > 04 > 05 > 06 > 05 > 07 > 09 > 08 > 10 > 11 > 12 > 06 > 13 > 14 > 13 > 14 > 13 > 25 > 24 > 14,1111,0:00:06.990419,6.990419149398804,CBGW_CBG_CBGW_IM,CaseBasedGeneratorWrapper_CaseBasedGenerator_CaseBasedGeneratorWrapper_ImprovementMeasure,2,CaseBasedGeneratorWrapper,,,,,,,,,,,,,,,,,,,,,,,,,486,34,27,1111,ImprovementMeasure,1,1,8,34.0,27.0,21.0,1.0,CaseBasedGenerator
1,CaseBasedGenerator,2,0.9993261098861694,1,1.8036470198908123,0.554945054945055,0.748949808179562,2.4251969594962186e-05,0.49972790479660034,0,1,33 > 01 > 02 > 03 > 04 > 05 > 07 > 09 > 08 > 10 > 11 > 12 > 06 > 13 > 15 > 16 > 14 > 17 > 29 > 26 > 28 > 27 > 20,33 > 01 > 02 > 03 > 04 > 05 > 06 > 05 > 07 > 09 > 08 > 10 > 11 > 12 > 06 > 13 > 14 > 13 > 14 > 13 > 25 > 24 > 14,1111,0:00:06.990419,6.990419149398804,CBGW_CBG_CBGW_IM,CaseBasedGeneratorWrapper_CaseBasedGenerator_CaseBasedGeneratorWrapper_ImprovementMeasure,2,CaseBasedGeneratorWrapper,,,,,,,,,,,,,,,,,,,,,,,,,486,34,27,1111,ImprovementMeasure,1,1,9,34.0,27.0,21.0,1.0,CaseBasedGenerator
1,CaseBasedGenerator,1,0.9993023872375488,1,1.8057358665251368,0.5824175824175823,0.7233850682281568,0.00021717240710770845,0.49971604347229004,0,1,33 > 01 > 02 > 03 > 04 > 05 > 07 > 09 > 08 > 10 > 11 > 12 > 06 > 13 > 15 > 16 > 14 > 17 > 26 > 29 > 28 > 27 > 20,33 > 01 > 02 > 03 > 04 > 05 > 06 > 05 > 07 > 09 > 08 > 10 > 11 > 12 > 06 > 13 > 14 > 13 > 14 > 13 > 25 > 24 > 14,1111,0:00:06.990419,6.990419149398804,CBGW_CBG_CBGW_IM,CaseBasedGeneratorWrapper_CaseBasedGenerator_CaseBasedGeneratorWrapper_ImprovementMeasure,2,CaseBasedGeneratorWrapper,,,,,,,,,,,,,,,,,,,,,,,,,486,34,27,1111,ImprovementMeasure,1,1,10,34.0,27.0,21.0,1.0,CaseBasedGenerator
1,CaseBasedGenerator,10,0.9993023872375488,1,1.7913832001124987,0.554945054945055,0.7367220591649364,4.253021745584054e-08,0.49971604347229004,0,1,33 > 01 > 02 > 03 > 04 > 05 > 07 > 09 > 08 > 10 > 11 > 12 > 06 > 13 > 14 > 13 > 15 > 16 > 14 > 17 > 26 > 28 > 29 > 27 > 20,33 > 01 > 02 > 21 > 22 > 03 > 04 > 23 > 05 > 07 > 09 > 08 > 10 > 11 > 12 > 06 > 13 > 14 > 13 > 14 > 13 > 19 > 18 > 14,1111,0:00:06.990419,6.990419149398804,CBGW_CBG_CBGW_IM,CaseBasedGeneratorWrapper_CaseBasedGenerator_CaseBasedGeneratorWrapper_ImprovementMeasure,2,CaseBasedGeneratorWrapper,,,,,,,,,,,,,,,,,,,,,,,,,486,34,27,1111,ImprovementMeasure,1,2,1,34.0,27.0,21.0,1.0,CaseBasedGenerator
1,CaseBasedGenerator,9,0.999326229095459,1,1.7916837905200993,0.5311355311355311,0.760816151482075,4.143501248073828e-06,0.4997279644012451,0,1,33 > 01 > 02 > 03 > 04 > 05 > 07 > 09 > 08 > 10 > 11 > 12 > 06 > 13 > 14 > 13 > 15 > 16 > 14 > 17 > 27 > 29 > 28 > 26 > 20,33 > 01 > 02 > 21 > 22 > 03 > 04 > 23 > 05 > 07 > 09 > 08 > 10 > 11 > 12 > 06 > 13 > 14 > 13 > 14 > 13 > 19 > 18 > 14,1111,0:00:06.990419,6.990419149398804,CBGW_CBG_CBGW_IM,CaseBasedGeneratorWrapper_CaseBasedGenerator_CaseBasedGeneratorWrapper_ImprovementMeasure,2,CaseBasedGeneratorWrapper,,,,,,,,,,,,,,,,,,,,,,,,,486,34,27,1111,ImprovementMeasure,1,2,2,34.0,27.0,21.0,1.0,CaseBasedGenerator
1,CaseBasedGenerator,8,0.9993176460266113,1,1.7936581320564555,0.5228937728937728,0.771023149721122,1.7536574739469893e-05,0.4997236728668213,0,1,33 > 01 > 02 > 03 > 04 > 05 > 07 > 08 > 09 > 10 > 11 > 12 > 06 > 13 > 14 > 13 > 15 > 16 > 14 > 17 > 26 > 28 > 29 > 27 > 20,33 > 01 > 02 > 21 > 22 > 03 > 04 > 23 > 05 > 07 > 09 > 08 > 10 > 11 > 12 > 06 > 13 > 14 > 13 > 14 > 13 > 19 > 18 > 14,1111,0:00:06.990419,6.990419149398804,CBGW_CBG_CBGW_IM,CaseBasedGeneratorWrapper_CaseBasedGenerator_CaseBasedGeneratorWrapper_ImprovementMeasure,2,CaseBasedGeneratorWrapper,,,,,,,,,,,,,,,,,,,,,,,,,486,34,27,1111,ImprovementMeasure,1,2,3,34.0,27.0,21.0,1.0,CaseBasedGenerator
1,CaseBasedGenerator,7,0.9993047714233398,1,1.807270897861962,0.532051282051282,0.7754698812161768,3.2499029317629747e-05,0.49971723556518555,0,1,33 > 01 > 02 > 03 > 04 > 05 > 07 > 09 > 08 > 10 > 11 > 12 > 06 > 13 > 15 > 16 > 14 > 17 > 29 > 26 > 27 > 28 > 20,33 > 01 > 02 > 21 > 22 > 03 > 04 > 23 > 05 > 07 > 09 > 08 > 10 > 11 > 12 > 06 > 13 > 14 > 13 > 14 > 13 > 19 > 18 > 14,1111,0:00:06.990419,6.990419149398804,CBGW_CBG_CBGW_IM,CaseBasedGeneratorWrapper_CaseBasedGenerator_CaseBasedGeneratorWrapper_ImprovementMeasure,2,CaseBasedGeneratorWrapper,,,,,,,,,,,,,,,,,,,,,,,,,486,34,27,1111,ImprovementMeasure,1,2,4,34.0,27.0,21.0,1.0,CaseBasedGenerator
1,CaseBasedGenerator,6,0.9993244409561157,1,1.8140780392926963,0.5247252747252747,0.7895727917698606,5.290246598748076e-05,0.4997270703315735,0,1,33 > 01 > 02 > 03 > 04 > 05 > 07 > 08 > 09 > 10 > 11 > 12 > 06 > 13 > 15 > 16 > 14 > 17 > 26 > 28 > 29 > 27 > 20,33 > 01 > 02 > 21 > 22 > 03 > 04 > 23 > 05 > 07 > 09 > 08 > 10 > 11 > 12 > 06 > 13 > 14 > 13 > 14 > 13 > 19 > 18 > 14,1111,0:00:06.990419,6.990419149398804,CBGW_CBG_CBGW_IM,CaseBasedGeneratorWrapper_CaseBasedGenerator_CaseBasedGeneratorWrapper_ImprovementMeasure,2,CaseBasedGeneratorWrapper,,,,,,,,,,,,,,,,,,,,,,,,,486,34,27,1111,ImprovementMeasure,1,2,5,34.0,27.0,21.0,1.0,CaseBasedGenerator
1,CaseBasedGenerator,5,0.9993188381195068,1,1.8230096099818636,0.5439560439560439,0.779278161240535,5.113587201568631e-05,0.49972426891326904,0,1,33 > 01 > 02 > 03 > 04 > 05 > 07 > 09 > 08 > 10 > 11 > 12 > 06 > 13 > 15 > 16 > 14 > 17 > 26 > 27 > 28 > 29 > 20,33 > 01 > 02 > 21 > 22 > 03 > 04 > 23 > 05 > 07 > 09 > 08 > 10 > 11 > 12 > 06 > 13 > 14 > 13 > 14 > 13 > 19 > 18 > 14,1111,0:00:06.990419,6.990419149398804,CBGW_CBG_CBGW_IM,CaseBasedGeneratorWrapper_CaseBasedGenerator_CaseBasedGeneratorWrapper_ImprovementMeasure,2,CaseBasedGeneratorWrapper,,,,,,,,,,,,,,,,,,,,,,,,,486,34,27,1111,ImprovementMeasure,1,2,6,34.0,27.0,21.0,1.0,CaseBasedGenerator
1,CaseBasedGenerator,4,0.9993115663528442,1,1.8254425894142274,0.5531135531135531,0.7725995889856738,8.81428506275125e-06,0.49972063302993774,0,1,33 > 01 > 02 > 03 > 04 > 05 > 07 > 09 > 08 > 10 > 11 > 12 > 06 > 13 > 14 > 13 > 15 > 16 > 14 > 17 > 29 > 26 > 27 > 28 > 20,33 > 01 > 02 > 21 > 22 > 03 > 04 > 23 > 05 > 07 > 09 > 08 > 10 > 11 > 12 > 06 > 13 > 14 > 13 > 14 > 13 > 19 > 18 > 14,1111,0:00:06.990419,6.990419149398804,CBGW_CBG_CBGW_IM,CaseBasedGeneratorWrapper_CaseBasedGenerator_CaseBasedGeneratorWrapper_ImprovementMeasure,2,CaseBasedGeneratorWrapper,,,,,,,,,,,,,,,,,,,,,,,,,486,34,27,1111,ImprovementMeasure,1,2,7,34.0,27.0,21.0,1.0,CaseBasedGenerator
1,CaseBasedGenerator,3,0.9993218183517456,1,1.8258164340993517,0.5448717948717949,0.7812012123822323,1.7667815936040506e-05,0.4997257590293884,0,1,33 > 01 > 02 > 03 > 04 > 05 > 07 > 09 > 08 > 10 > 11 > 12 > 06 > 13 > 14 > 13 > 15 > 16 > 14 > 17 > 26 > 29 > 28 > 27 > 20,33 > 01 > 02 > 21 > 22 > 03 > 04 > 23 > 05 > 07 > 09 > 08 > 10 > 11 > 12 > 06 > 13 > 14 > 13 > 14 > 13 > 19 > 18 > 14,1111,0:00:06.990419,6.990419149398804,CBGW_CBG_CBGW_IM,CaseBasedGeneratorWrapper_CaseBasedGenerator_CaseBasedGeneratorWrapper_ImprovementMeasure,2,CaseBasedGeneratorWrapper,,,,,,,,,,,,,,,,,,,,,,,,,486,34,27,1111,ImprovementMeasure,1,2,8,34.0,27.0,21.0,1.0,CaseBasedGenerator
1,CaseBasedGenerator,2,0.9993170499801636,1,1.82799545822071,0.554945054945055,0.7733060644861642,2.0963945893474735e-05,0.4997233748435974,0,1,33 > 01 > 02 > 03 > 04 > 05 > 07 > 09 > 08 > 10 > 11 > 12 > 06 > 13 > 15 > 16 > 14 > 17 > 26 > 27 > 28 > 29 > 20,33 > 01 > 02 > 21 > 22 > 03 > 04 > 23 > 05 > 07 > 09 > 08 > 10 > 11 > 12 > 06 > 13 > 14 > 13 > 14 > 13 > 19 > 18 > 14,1111,0:00:06.990419,6.990419149398804,CBGW_CBG_CBGW_IM,CaseBasedGeneratorWrapper_CaseBasedGenerator_CaseBasedGeneratorWrapper_ImprovementMeasure,2,CaseBasedGeneratorWrapper,,,,,,,,,,,,,,,,,,,,,,,,,486,34,27,1111,ImprovementMeasure,1,2,9,34.0,27.0,21.0,1.0,CaseBasedGenerator
1,CaseBasedGenerator,1,0.9993085861206055,1,1.8287732956525833,0.5448717948717949,0.7841217630811173,6.059478585272197e-05,0.49971914291381836,0,1,33 > 01 > 02 > 03 > 04 > 05 > 07 > 09 > 08 > 10 > 11 > 12 > 06 > 13 > 14 > 13 > 15 > 16 > 14 > 17 > 27 > 28 > 29 > 26 > 20,33 > 01 > 02 > 21 > 22 > 03 > 04 > 23 > 05 > 07 > 09 > 08 > 10 > 11 > 12 > 06 > 13 > 14 > 13 > 14 > 13 > 19 > 18 > 14,1111,0:00:06.990419,6.990419149398804,CBGW_CBG_CBGW_IM,CaseBasedGeneratorWrapper_CaseBasedGenerator_CaseBasedGeneratorWrapper_ImprovementMeasure,2,CaseBasedGeneratorWrapper,,,,,,,,,,,,,,,,,,,,,,,,,486,34,27,1111,ImprovementMeasure,1,2,10,34.0,27.0,21.0,1.0,CaseBasedGenerator
1,CaseBasedGenerator,10,0.9993244409561157,1,1.7798158228700385,0.5622710622710623,0.7178117377281679,5.92273691250255e-06,0.4997271001338959,0,1,33 > 01 > 02 > 03 > 04 > 05 > 07 > 08 > 09 > 10 > 11 > 12 > 06 > 13 > 14 > 13 > 15 > 16 > 14 > 17 > 26 > 27 > 29 > 28 > 20,33 > 01 > 02 > 03 > 04 > 05 > 06 > 05 > 07 > 08 > 09 > 10 > 11 > 12 > 06 > 13 > 14 > 13 > 14 > 13 > 25 > 24 > 14,1111,0:00:06.990419,6.990419149398804,CBGW_CBG_CBGW_IM,CaseBasedGeneratorWrapper_CaseBasedGenerator_CaseBasedGeneratorWrapper_ImprovementMeasure,2,CaseBasedGeneratorWrapper,,,,,,,,,,,,,,,,,,,,,,,,,486,34,27,1111,ImprovementMeasure,1,3,1,34.0,27.0,21.0,1.0,CaseBasedGenerator
1,CaseBasedGenerator,9,0.9993232488632202,1,1.7874891915665554,0.5686813186813187,0.7190562133343517,2.515546343705109e-05,0.4997265040874481,0,1,33 > 01 > 02 > 03 > 04 > 05 > 07 > 09 > 08 > 10 > 11 > 12 > 06 > 13 > 15 > 16 > 14 > 17 > 26 > 28 > 27 > 29 > 20,33 > 01 > 02 > 03 > 04 > 05 > 06 > 05 > 07 > 08 > 09 > 10 > 11 > 12 > 06 > 13 > 14 > 13 > 14 > 13 > 25 > 24 > 14,1111,0:00:06.990419,6.990419149398804,CBGW_CBG_CBGW_IM,CaseBasedGeneratorWrapper_CaseBasedGenerator_CaseBasedGeneratorWrapper_ImprovementMeasure,2,CaseBasedGeneratorWrapper,,,,,,,,,,,,,,,,,,,,,,,,,486,34,27,1111,ImprovementMeasure,1,3,2,34.0,27.0,21.0,1.0,CaseBasedGenerator
1,CaseBasedGenerator,8,0.9993231296539307,1,1.7887024750013,0.5769230769230769,0.7120316304721499,2.1323123269989725e-05,0.49972644448280334,0,1,33 > 01 > 02 > 03 > 04 > 05 > 07 > 08 > 09 > 10 > 11 > 12 > 06 > 13 > 15 > 16 > 14 > 17 > 26 > 27 > 28 > 29 > 20,33 > 01 > 02 > 03 > 04 > 05 > 06 > 05 > 07 > 08 > 09 > 10 > 11 > 12 > 06 > 13 > 14 > 13 > 14 > 13 > 25 > 24 > 14,1111,0:00:06.990419,6.990419149398804,CBGW_CBG_CBGW_IM,CaseBasedGeneratorWrapper_CaseBasedGenerator_CaseBasedGeneratorWrapper_ImprovementMeasure,2,CaseBasedGeneratorWrapper,,,,,,,,,,,,,,,,,,,,,,,,,486,34,27,1111,ImprovementMeasure,1,3,3,34.0,27.0,21.0,1.0,CaseBasedGenerator
1,CaseBasedGenerator,7,0.9993234872817993,1,1.7918503586808667,0.5695970695970696,0.7224432427009544,8.342308610514884e-05,0.49972662329673767,0,1,33 > 01 > 02 > 03 > 04 > 05 > 07 > 08 > 09 > 10 > 11 > 12 > 06 > 13 > 15 > 16 > 14 > 17 > 29 > 26 > 27 > 28 > 20,33 > 01 > 02 > 03 > 04 > 05 > 06 > 05 > 07 > 08 > 09 > 10 > 11 > 12 > 06 > 13 > 14 > 13 > 14 > 13 > 25 > 24 > 14,1111,0:00:06.990419,6.990419149398804,CBGW_CBG_CBGW_IM,CaseBasedGeneratorWrapper_CaseBasedGenerator_CaseBasedGeneratorWrapper_ImprovementMeasure,2,CaseBasedGeneratorWrapper,,,,,,,,,,,,,,,,,,,,,,,,,486,34,27,1111,ImprovementMeasure,1,3,4,34.0,27.0,21.0,1.0,CaseBasedGenerator
1,CaseBasedGenerator,6,0.9993212223052979,1,1.7966046074943312,0.5512820512820513,0.7455702350088408,2.6830394952066524e-05,0.49972549080848694,0,1,33 > 01 > 02 > 03 > 04 > 05 > 06 > 05 > 07 > 08 > 09 > 10 > 11 > 12 > 06 > 13 > 15 > 16 > 14 > 17 > 28 > 29 > 27 > 26 > 20,33 > 01 > 02 > 03 > 04 > 05 > 06 > 05 > 07 > 08 > 09 > 10 > 11 > 12 > 06 > 13 > 14 > 13 > 14 > 13 > 25 > 24 > 14,1111,0:00:06.990419,6.990419149398804,CBGW_CBG_CBGW_IM,CaseBasedGeneratorWrapper_CaseBasedGenerator_CaseBasedGeneratorWrapper_ImprovementMeasure,2,CaseBasedGeneratorWrapper,,,,,,,,,,,,,,,,,,,,,,,,,486,34,27,1111,ImprovementMeasure,1,3,5,34.0,27.0,21.0,1.0,CaseBasedGenerator
1,CaseBasedGenerator,5,0.9993036985397339,1,1.7968102473203114,0.5769230769230769,0.7201538540451187,1.658742641088351e-05,0.49971672892570496,0,1,33 > 01 > 02 > 03 > 04 > 05 > 07 > 09 > 08 > 10 > 11 > 12 > 06 > 13 > 14 > 13 > 15 > 16 > 14 > 17 > 26 > 29 > 27 > 28 > 20,33 > 01 > 02 > 03 > 04 > 05 > 06 > 05 > 07 > 08 > 09 > 10 > 11 > 12 > 06 > 13 > 14 > 13 > 14 > 13 > 25 > 24 > 14,1111,0:00:06.990419,6.990419149398804,CBGW_CBG_CBGW_IM,CaseBasedGeneratorWrapper_CaseBasedGenerator_CaseBasedGeneratorWrapper_ImprovementMeasure,2,CaseBasedGeneratorWrapper,,,,,,,,,,,,,,,,,,,,,,,,,486,34,27,1111,ImprovementMeasure,1,3,6,34.0,27.0,21.0,1.0,CaseBasedGenerator
1,CaseBasedGenerator,4,0.9993215799331665,1,1.798958494645437,0.5778388278388278,0.7213779648261353,1.603235805258906e-05,0.49972566962242126,0,1,33 > 01 > 02 > 03 > 04 > 05 > 06 > 05 > 07 > 09 > 08 > 10 > 11 > 12 > 06 > 13 > 15 > 16 > 14 > 17 > 29 > 27 > 26 > 28 > 20,33 > 01 > 02 > 03 > 04 > 05 > 06 > 05 > 07 > 08 > 09 > 10 > 11 > 12 > 06 > 13 > 14 > 13 > 14 > 13 > 25 > 24 > 14,1111,0:00:06.990419,6.990419149398804,CBGW_CBG_CBGW_IM,CaseBasedGeneratorWrapper_CaseBasedGenerator_CaseBasedGeneratorWrapper_ImprovementMeasure,2,CaseBasedGeneratorWrapper,,,,,,,,,,,,,,,,,,,,,,,,,486,34,27,1111,ImprovementMeasure,1,3,7,34.0,27.0,21.0,1.0,CaseBasedGenerator
1,CaseBasedGenerator,3,0.9993088245391846,1,1.8043418015547346,0.586996336996337,0.7176193941656539,6.7784673132418125e-06,0.4997192919254303,0,1,33 > 01 > 02 > 03 > 04 > 05 > 07 > 09 > 08 > 10 > 11 > 12 > 06 > 13 > 14 > 13 > 15 > 16 > 14 > 17 > 28 > 26 > 27 > 29 > 20,33 > 01 > 02 > 03 > 04 > 05 > 06 > 05 > 07 > 08 > 09 > 10 > 11 > 12 > 06 > 13 > 14 > 13 > 14 > 13 > 25 > 24 > 14,1111,0:00:06.990419,6.990419149398804,CBGW_CBG_CBGW_IM,CaseBasedGeneratorWrapper_CaseBasedGenerator_CaseBasedGeneratorWrapper_ImprovementMeasure,2,CaseBasedGeneratorWrapper,,,,,,,,,,,,,,,,,,,,,,,,,486,34,27,1111,ImprovementMeasure,1,3,8,34.0,27.0,21.0,1.0,CaseBasedGenerator
1,CaseBasedGenerator,2,0.999320387840271,1,1.8357408764331888,0.6135531135531136,0.7224522660606245,1.0423243477138221e-05,0.4997250735759735,0,1,33 > 01 > 02 > 03 > 04 > 05 > 06 > 05 > 07 > 08 > 09 > 10 > 11 > 12 > 06 > 13 > 15 > 16 > 14 > 17 > 29 > 27 > 26 > 28 > 20,33 > 01 > 02 > 03 > 04 > 05 > 06 > 05 > 07 > 08 > 09 > 10 > 11 > 12 > 06 > 13 > 14 > 13 > 14 > 13 > 25 > 24 > 14,1111,0:00:06.990419,6.990419149398804,CBGW_CBG_CBGW_IM,CaseBasedGeneratorWrapper_CaseBasedGenerator_CaseBasedGeneratorWrapper_ImprovementMeasure,2,CaseBasedGeneratorWrapper,,,,,,,,,,,,,,,,,,,,,,,,,486,34,27,1111,ImprovementMeasure,1,3,9,34.0,27.0,21.0,1.0,CaseBasedGenerator
1,CaseBasedGenerator,1,0.9993263483047485,1,1.8593339110330467,0.6034798534798536,0.7561248189548575,1.1847901232536605e-06,0.4997280538082123,0,1,33 > 01 > 02 > 03 > 04 > 05 > 07 > 09 > 08 > 10 > 11 > 12 > 06 > 13 > 14 > 13 > 15 > 16 > 14 > 17 > 29 > 26 > 27 > 28 > 20,33 > 01 > 02 > 03 > 04 > 05 > 06 > 05 > 07 > 08 > 09 > 10 > 11 > 12 > 06 > 13 > 14 > 13 > 14 > 13 > 25 > 24 > 14,1111,0:00:06.990419,6.990419149398804,CBGW_CBG_CBGW_IM,CaseBasedGeneratorWrapper_CaseBasedGenerator_CaseBasedGeneratorWrapper_ImprovementMeasure,2,CaseBasedGeneratorWrapper,,,,,,,,,,,,,,,,,,,,,,,,,486,34,27,1111,ImprovementMeasure,1,3,10,34.0,27.0,21.0,1.0,CaseBasedGenerator
