experiment,wrapper,instance,iteration,row,model_name,rank,likelihood,outcome,viability,sparcity,similarity,dllh,ollh,source_outcome,target_outcome,cf,fa,run.wrapper,run.mask,gen.vocab_len,gen.max_len,gen.feature_len,gen.ft_mode,gen.model,viab.num_training_data,gen.max_iter,gen.num_survivors,gen.sample_size,gen.evo.num_survivors,gen.initiator.type,gen.selector.type,gen.crosser.type,gen.crosser.crossover_rate,gen.mutator.type,gen.mutator.p_delete,gen.mutator.p_insert,gen.mutator.p_change,gen.mutator.p_transp,gen.mutator.p_none,gen.recombiner.type,gen.recombiner.recombination_rate
1,CaseBasedGeneratorWrapper,1,1,1,CaseBasedGenerator,10,0.020499080419540405,0,1.7756320133241794,0.49158653846153844,0.789437907068756,6.714735885193864e-12,0.4946075677871704,1,0,33 > 01 > 02 > 03 > 04 > 05 > 07 > 08 > 09 > 10 > 11 > 12 > 06 > 13 > 15 > 16 > 14 > 17 > 29 > 28 > 26 > 27 > 20,33 > 01 > 02 > 03 > 04 > 05 > 07 > 09 > 08 > 10 > 11 > 12 > 06 > 13 > 08 > 24 > 10 > 11 > 12 > 14 > 13 > 14 > 13 > 24 > 25 > 14,CaseBasedGenerator,1111,34,27,16,1,CaseBasedGenerator,399,,,,,,,,,,,,,,,,
1,CaseBasedGeneratorWrapper,1,1,2,CaseBasedGenerator,9,0.021146604791283607,0,1.7812311590158154,0.46514423076923084,0.8218031328753679,1.446627837282691e-11,0.4942837953567505,1,0,33 > 01 > 02 > 03 > 04 > 05 > 07 > 08 > 09 > 10 > 11 > 12 > 06 > 13 > 15 > 16 > 14 > 17 > 20 > 17 > 26 > 29 > 28 > 27 > 20,33 > 01 > 02 > 03 > 04 > 05 > 07 > 09 > 08 > 10 > 11 > 12 > 06 > 13 > 08 > 24 > 10 > 11 > 12 > 14 > 13 > 14 > 13 > 24 > 25 > 14,CaseBasedGenerator,1111,34,27,16,1,CaseBasedGenerator,399,,,,,,,,,,,,,,,,
1,CaseBasedGeneratorWrapper,1,1,3,CaseBasedGenerator,8,0.02115214243531227,0,1.7874745284726745,0.5108173076923077,0.7823761970326584,6.940092528694396e-12,0.49428102374076843,1,0,33 > 01 > 02 > 03 > 04 > 05 > 07 > 09 > 08 > 10 > 11 > 12 > 06 > 13 > 14 > 13 > 15 > 16 > 14 > 17 > 26 > 28 > 29 > 27 > 20,33 > 01 > 02 > 03 > 04 > 05 > 07 > 09 > 08 > 10 > 11 > 12 > 06 > 13 > 08 > 24 > 10 > 11 > 12 > 14 > 13 > 14 > 13 > 24 > 25 > 14,CaseBasedGenerator,1111,34,27,16,1,CaseBasedGenerator,399,,,,,,,,,,,,,,,,
1,CaseBasedGeneratorWrapper,1,1,4,CaseBasedGenerator,7,0.023396525532007217,0,1.7877905594105847,0.5108173076923077,0.7838144344157818,1.123534965974585e-11,0.49315881729125977,1,0,33 > 01 > 02 > 03 > 04 > 05 > 07 > 09 > 08 > 10 > 11 > 12 > 06 > 13 > 14 > 13 > 15 > 16 > 14 > 17 > 26 > 29 > 27 > 28 > 20,33 > 01 > 02 > 03 > 04 > 05 > 07 > 09 > 08 > 10 > 11 > 12 > 06 > 13 > 08 > 24 > 10 > 11 > 12 > 14 > 13 > 14 > 13 > 24 > 25 > 14,CaseBasedGenerator,1111,34,27,16,1,CaseBasedGenerator,399,,,,,,,,,,,,,,,,
1,CaseBasedGeneratorWrapper,1,1,5,CaseBasedGenerator,6,0.021647680550813675,0,1.7884675512930985,0.4891826923076923,0.8052516117427195,1.0249504120866492e-11,0.49403324723243713,1,0,33 > 01 > 02 > 03 > 04 > 05 > 07 > 09 > 08 > 10 > 11 > 12 > 06 > 13 > 15 > 16 > 14 > 17 > 29 > 26 > 28 > 27 > 20,33 > 01 > 02 > 03 > 04 > 05 > 07 > 09 > 08 > 10 > 11 > 12 > 06 > 13 > 08 > 24 > 10 > 11 > 12 > 14 > 13 > 14 > 13 > 24 > 25 > 14,CaseBasedGenerator,1111,34,27,16,1,CaseBasedGenerator,399,,,,,,,,,,,,,,,,
1,CaseBasedGeneratorWrapper,1,1,6,CaseBasedGenerator,5,0.024620648473501205,0,1.7906577363166,0.5024038461538461,0.7957071231574913,8.879118572273388e-12,0.49254676699638367,1,0,33 > 01 > 02 > 03 > 04 > 05 > 07 > 08 > 09 > 10 > 11 > 12 > 06 > 13 > 14 > 13 > 15 > 16 > 14 > 17 > 26 > 27 > 29 > 28 > 20,33 > 01 > 02 > 03 > 04 > 05 > 07 > 09 > 08 > 10 > 11 > 12 > 06 > 13 > 08 > 24 > 10 > 11 > 12 > 14 > 13 > 14 > 13 > 24 > 25 > 14,CaseBasedGenerator,1111,34,27,16,1,CaseBasedGenerator,399,,,,,,,,,,,,,,,,
1,CaseBasedGeneratorWrapper,1,1,7,CaseBasedGenerator,4,0.02122618444263935,0,1.7975585246643362,0.49278846153846156,0.8105260538467604,2.275131417655102e-11,0.4942440092563629,1,0,33 > 01 > 02 > 03 > 04 > 05 > 07 > 08 > 09 > 10 > 11 > 12 > 06 > 13 > 15 > 16 > 14 > 17 > 26 > 28 > 27 > 29 > 20,33 > 01 > 02 > 03 > 04 > 05 > 07 > 09 > 08 > 10 > 11 > 12 > 06 > 13 > 08 > 24 > 10 > 11 > 12 > 14 > 13 > 14 > 13 > 24 > 25 > 14,CaseBasedGenerator,1111,34,27,16,1,CaseBasedGenerator,399,,,,,,,,,,,,,,,,
1,CaseBasedGeneratorWrapper,1,1,8,CaseBasedGenerator,3,0.022292913869023323,0,1.806315715208139,0.5,0.812605078107451,8.097799777425095e-12,0.49371063709259033,1,0,33 > 01 > 02 > 03 > 04 > 05 > 07 > 09 > 08 > 10 > 11 > 12 > 06 > 13 > 15 > 16 > 14 > 17 > 27 > 29 > 26 > 28 > 20,33 > 01 > 02 > 03 > 04 > 05 > 07 > 09 > 08 > 10 > 11 > 12 > 06 > 13 > 08 > 24 > 10 > 11 > 12 > 14 > 13 > 14 > 13 > 24 > 25 > 14,CaseBasedGenerator,1111,34,27,16,1,CaseBasedGenerator,399,,,,,,,,,,,,,,,,
1,CaseBasedGeneratorWrapper,1,1,9,CaseBasedGenerator,2,0.020906707271933556,0,1.8129153623865046,0.5084134615384616,0.8100981511369167,6.765325850911847e-12,0.49440374970436096,1,0,33 > 01 > 02 > 03 > 04 > 05 > 07 > 09 > 08 > 10 > 11 > 12 > 06 > 13 > 14 > 13 > 15 > 16 > 14 > 17 > 29 > 26 > 27 > 28 > 20,33 > 01 > 02 > 03 > 04 > 05 > 07 > 09 > 08 > 10 > 11 > 12 > 06 > 13 > 08 > 24 > 10 > 11 > 12 > 14 > 13 > 14 > 13 > 24 > 25 > 14,CaseBasedGenerator,1111,34,27,16,1,CaseBasedGenerator,399,,,,,,,,,,,,,,,,
1,CaseBasedGeneratorWrapper,1,1,10,CaseBasedGenerator,1,0.033394310623407364,0,1.8163522539580492,0.5252403846153846,0.8029519445930605,4.0444999955438185e-12,0.4881599247455597,1,0,33 > 01 > 02 > 03 > 04 > 05 > 07 > 09 > 08 > 10 > 11 > 12 > 06 > 13 > 14 > 13 > 15 > 16 > 14 > 17 > 26 > 27 > 29 > 28 > 20,33 > 01 > 02 > 03 > 04 > 05 > 07 > 09 > 08 > 10 > 11 > 12 > 06 > 13 > 08 > 24 > 10 > 11 > 12 > 14 > 13 > 14 > 13 > 24 > 25 > 14,CaseBasedGenerator,1111,34,27,16,1,CaseBasedGenerator,399,,,,,,,,,,,,,,,,
1,CaseBasedGeneratorWrapper,1,2,1,CaseBasedGenerator,10,0.021188395097851753,0,1.8733292621428057,0.5516826923076923,0.8270032392449219,1.615600422982148e-11,0.49464333057403564,1,0,33 > 01 > 02 > 03 > 04 > 05 > 07 > 08 > 09 > 10 > 11 > 12 > 06 > 13 > 14 > 13 > 15 > 16 > 14 > 17 > 26 > 29 > 28 > 27 > 20,33 > 01 > 02 > 03 > 04 > 05 > 07 > 09 > 08 > 10 > 11 > 12 > 06 > 13 > 14 > 13 > 14 > 13 > 14 > 13 > 14 > 14 > 24 > 25,CaseBasedGenerator,1111,34,27,16,1,CaseBasedGenerator,399,,,,,,,,,,,,,,,,
1,CaseBasedGeneratorWrapper,1,2,2,CaseBasedGenerator,9,0.040715910494327545,0,1.8823326065359396,0.5528846153846154,0.8445684378297972,3.503517655832851e-12,0.4848795533180237,1,0,33 > 01 > 02 > 03 > 04 > 05 > 07 > 08 > 09 > 10 > 11 > 12 > 06 > 13 > 15 > 16 > 14 > 17 > 20 > 17 > 20 > 17 > 25 > 24 > 20,33 > 01 > 02 > 03 > 04 > 05 > 07 > 09 > 08 > 10 > 11 > 12 > 06 > 13 > 14 > 13 > 14 > 13 > 14 > 13 > 14 > 14 > 24 > 25,CaseBasedGenerator,1111,34,27,16,1,CaseBasedGenerator,399,,,,,,,,,,,,,,,,
1,CaseBasedGeneratorWrapper,1,2,3,CaseBasedGenerator,8,0.022969882935285568,0,1.8863339645758421,0.5528846153846154,0.8396967802134055,1.7631495505079547e-11,0.4937525689601898,1,0,33 > 01 > 02 > 03 > 04 > 05 > 07 > 08 > 09 > 10 > 11 > 12 > 06 > 13 > 15 > 16 > 14 > 17 > 26 > 27 > 29 > 28 > 20,33 > 01 > 02 > 03 > 04 > 05 > 07 > 09 > 08 > 10 > 11 > 12 > 06 > 13 > 14 > 13 > 14 > 13 > 14 > 13 > 14 > 14 > 24 > 25,CaseBasedGenerator,1111,34,27,16,1,CaseBasedGenerator,399,,,,,,,,,,,,,,,,
1,CaseBasedGeneratorWrapper,1,2,4,CaseBasedGenerator,7,0.020546959713101387,0,1.8879444653454767,0.5612980769230769,0.8316823550433539,1.379627711123006e-11,0.49496403336524963,1,0,33 > 01 > 02 > 03 > 04 > 05 > 07 > 09 > 08 > 10 > 11 > 12 > 06 > 13 > 15 > 16 > 14 > 17 > 29 > 26 > 27 > 28 > 20,33 > 01 > 02 > 03 > 04 > 05 > 07 > 09 > 08 > 10 > 11 > 12 > 06 > 13 > 14 > 13 > 14 > 13 > 14 > 13 > 14 > 14 > 24 > 25,CaseBasedGenerator,1111,34,27,16,1,CaseBasedGenerator,399,,,,,,,,,,,,,,,,
1,CaseBasedGeneratorWrapper,1,2,5,CaseBasedGenerator,6,0.02155379019677639,0,1.8885108545733178,0.5552884615384616,0.8387617804784836,2.089602035160006e-11,0.4944606125354767,1,0,33 > 01 > 02 > 03 > 04 > 05 > 07 > 08 > 09 > 10 > 11 > 12 > 06 > 13 > 14 > 13 > 15 > 16 > 14 > 17 > 26 > 27 > 29 > 28 > 20,33 > 01 > 02 > 03 > 04 > 05 > 07 > 09 > 08 > 10 > 11 > 12 > 06 > 13 > 14 > 13 > 14 > 13 > 14 > 13 > 14 > 14 > 24 > 25,CaseBasedGenerator,1111,34,27,16,1,CaseBasedGenerator,399,,,,,,,,,,,,,,,,
1,CaseBasedGeneratorWrapper,1,2,6,CaseBasedGenerator,5,0.02220807783305645,0,1.8945105728526737,0.5625,0.8378771003996355,1.0411231170597349e-11,0.49413347244262695,1,0,33 > 01 > 02 > 03 > 04 > 05 > 07 > 08 > 09 > 10 > 11 > 12 > 06 > 13 > 14 > 13 > 15 > 16 > 14 > 17 > 26 > 29 > 27 > 28 > 20,33 > 01 > 02 > 03 > 04 > 05 > 07 > 09 > 08 > 10 > 11 > 12 > 06 > 13 > 14 > 13 > 14 > 13 > 14 > 13 > 14 > 14 > 24 > 25,CaseBasedGenerator,1111,34,27,16,1,CaseBasedGenerator,399,,,,,,,,,,,,,,,,
1,CaseBasedGeneratorWrapper,1,2,7,CaseBasedGenerator,4,0.02257823944091797,0,1.8959368209056426,0.5480769230769231,0.853911497790824,1.7296108089223947e-11,0.49394840002059937,1,0,33 > 01 > 02 > 03 > 04 > 05 > 07 > 08 > 09 > 10 > 11 > 12 > 06 > 13 > 15 > 16 > 14 > 17 > 29 > 26 > 27 > 28 > 20,33 > 01 > 02 > 03 > 04 > 05 > 07 > 09 > 08 > 10 > 11 > 12 > 06 > 13 > 14 > 13 > 14 > 13 > 14 > 13 > 14 > 14 > 24 > 25,CaseBasedGenerator,1111,34,27,16,1,CaseBasedGenerator,399,,,,,,,,,,,,,,,,
1,CaseBasedGeneratorWrapper,1,2,8,CaseBasedGenerator,3,0.020526794716715813,0,1.907024048996112,0.5817307692307692,0.8303191434068711,5.932842409283506e-12,0.49497413635253906,1,0,33 > 01 > 02 > 03 > 04 > 05 > 07 > 08 > 09 > 10 > 11 > 12 > 06 > 13 > 14 > 13 > 15 > 16 > 14 > 17 > 27 > 26 > 29 > 28 > 20,33 > 01 > 02 > 03 > 04 > 05 > 07 > 09 > 08 > 10 > 11 > 12 > 06 > 13 > 14 > 13 > 14 > 13 > 14 > 13 > 14 > 14 > 24 > 25,CaseBasedGenerator,1111,34,27,16,1,CaseBasedGenerator,399,,,,,,,,,,,,,,,,
1,CaseBasedGeneratorWrapper,1,2,9,CaseBasedGenerator,2,0.022569401189684868,0,1.9413940683604782,0.5877403846153846,0.859700872967412,1.3368775428926566e-11,0.49395281076431274,1,0,33 > 01 > 02 > 03 > 04 > 05 > 07 > 09 > 08 > 10 > 11 > 12 > 06 > 13 > 14 > 13 > 15 > 16 > 14 > 17 > 27 > 28 > 29 > 26 > 20,33 > 01 > 02 > 03 > 04 > 05 > 07 > 09 > 08 > 10 > 11 > 12 > 06 > 13 > 14 > 13 > 14 > 13 > 14 > 13 > 14 > 14 > 24 > 25,CaseBasedGenerator,1111,34,27,16,1,CaseBasedGenerator,399,,,,,,,,,,,,,,,,
1,CaseBasedGeneratorWrapper,1,2,10,CaseBasedGenerator,1,0.023396525532007217,0,1.9507626229252644,0.6069711538461539,0.8502522251313362,1.123534965974585e-11,0.4935392439365387,1,0,33 > 01 > 02 > 03 > 04 > 05 > 07 > 09 > 08 > 10 > 11 > 12 > 06 > 13 > 14 > 13 > 15 > 16 > 14 > 17 > 26 > 29 > 27 > 28 > 20,33 > 01 > 02 > 03 > 04 > 05 > 07 > 09 > 08 > 10 > 11 > 12 > 06 > 13 > 14 > 13 > 14 > 13 > 14 > 13 > 14 > 14 > 24 > 25,CaseBasedGenerator,1111,34,27,16,1,CaseBasedGenerator,399,,,,,,,,,,,,,,,,
1,CaseBasedGeneratorWrapper,1,3,1,CaseBasedGenerator,10,0.021882200613617897,0,1.8148450301018357,0.5540865384615384,0.7667839847841008,1.1853996517305333e-12,0.493974506855011,1,0,33 > 01 > 02 > 21 > 22 > 03 > 04 > 23 > 05 > 07 > 09 > 08 > 10 > 11 > 12 > 06 > 13 > 15 > 16 > 14 > 17 > 29 > 27 > 28 > 26 > 20,33 > 01 > 02 > 21 > 22 > 03 > 04 > 23 > 05 > 06 > 05 > 07 > 08 > 09 > 10 > 11 > 12 > 06 > 13 > 24 > 25 > 14,CaseBasedGenerator,1111,34,27,16,1,CaseBasedGenerator,399,,,,,,,,,,,,,,,,
1,CaseBasedGeneratorWrapper,1,3,2,CaseBasedGenerator,9,0.022216694429516792,0,1.8173166262691767,0.5444711538461539,0.7790382161945532,6.698441510556138e-12,0.49380725622177124,1,0,33 > 01 > 02 > 03 > 04 > 05 > 07 > 08 > 09 > 10 > 11 > 12 > 06 > 13 > 14 > 13 > 15 > 16 > 14 > 17 > 28 > 29 > 27 > 26 > 20,33 > 01 > 02 > 21 > 22 > 03 > 04 > 23 > 05 > 06 > 05 > 07 > 08 > 09 > 10 > 11 > 12 > 06 > 13 > 24 > 25 > 14,CaseBasedGenerator,1111,34,27,16,1,CaseBasedGenerator,399,,,,,,,,,,,,,,,,
1,CaseBasedGeneratorWrapper,1,3,3,CaseBasedGenerator,8,0.023324940353631973,0,1.819110109003383,0.546875,0.7789819971572245,6.864011391915067e-12,0.49325311183929443,1,0,33 > 01 > 02 > 03 > 04 > 05 > 07 > 09 > 08 > 10 > 11 > 12 > 06 > 13 > 15 > 16 > 14 > 17 > 26 > 29 > 28 > 27 > 20,33 > 01 > 02 > 21 > 22 > 03 > 04 > 23 > 05 > 06 > 05 > 07 > 08 > 09 > 10 > 11 > 12 > 06 > 13 > 24 > 25 > 14,CaseBasedGenerator,1111,34,27,16,1,CaseBasedGenerator,399,,,,,,,,,,,,,,,,
1,CaseBasedGeneratorWrapper,1,3,4,CaseBasedGenerator,7,0.020698780193924904,0,1.8193946855488634,0.5372596153846154,0.7875688679886554,1.1896217909011065e-11,0.4945662021636963,1,0,33 > 01 > 02 > 03 > 04 > 05 > 07 > 09 > 08 > 10 > 11 > 12 > 06 > 13 > 15 > 16 > 14 > 17 > 29 > 26 > 27 > 28 > 20,33 > 01 > 02 > 21 > 22 > 03 > 04 > 23 > 05 > 06 > 05 > 07 > 08 > 09 > 10 > 11 > 12 > 06 > 13 > 24 > 25 > 14,CaseBasedGenerator,1111,34,27,16,1,CaseBasedGenerator,399,,,,,,,,,,,,,,,,
1,CaseBasedGeneratorWrapper,1,3,5,CaseBasedGenerator,6,0.023077333346009254,0,1.8249686376262357,0.5564903846153846,0.7751013125193708,2.665248785675184e-12,0.4933769404888153,1,0,33 > 01 > 02 > 03 > 04 > 05 > 06 > 05 > 07 > 09 > 08 > 10 > 11 > 12 > 06 > 13 > 15 > 16 > 14 > 17 > 26 > 29 > 27 > 28 > 20,33 > 01 > 02 > 21 > 22 > 03 > 04 > 23 > 05 > 06 > 05 > 07 > 08 > 09 > 10 > 11 > 12 > 06 > 13 > 24 > 25 > 14,CaseBasedGenerator,1111,34,27,16,1,CaseBasedGenerator,399,,,,,,,,,,,,,,,,
1,CaseBasedGeneratorWrapper,1,3,6,CaseBasedGenerator,5,0.02644633688032627,0,1.8294187653637608,0.5637019230769231,0.774024418464177,2.164904001669051e-12,0.4916924238204956,1,0,33 > 01 > 02 > 03 > 04 > 05 > 06 > 05 > 07 > 08 > 09 > 10 > 11 > 12 > 06 > 13 > 15 > 16 > 14 > 17 > 29 > 28 > 27 > 26 > 20,33 > 01 > 02 > 21 > 22 > 03 > 04 > 23 > 05 > 06 > 05 > 07 > 08 > 09 > 10 > 11 > 12 > 06 > 13 > 24 > 25 > 14,CaseBasedGenerator,1111,34,27,16,1,CaseBasedGenerator,399,,,,,,,,,,,,,,,,
1,CaseBasedGeneratorWrapper,1,3,7,CaseBasedGenerator,4,0.021670082584023476,0,1.8313775926266633,0.5540865384615384,0.7832105106320677,1.4990972124515414e-11,0.4940805435180664,1,0,33 > 01 > 02 > 03 > 04 > 05 > 07 > 08 > 09 > 10 > 11 > 12 > 06 > 13 > 15 > 16 > 14 > 17 > 26 > 28 > 29 > 27 > 20,33 > 01 > 02 > 21 > 22 > 03 > 04 > 23 > 05 > 06 > 05 > 07 > 08 > 09 > 10 > 11 > 12 > 06 > 13 > 24 > 25 > 14,CaseBasedGenerator,1111,34,27,16,1,CaseBasedGenerator,399,,,,,,,,,,,,,,,,
1,CaseBasedGeneratorWrapper,1,3,8,CaseBasedGenerator,3,0.02239578776061535,0,1.8314256395898951,0.5576923076923077,0.7800156316488068,5.784262567165014e-12,0.4937177002429962,1,0,33 > 01 > 02 > 03 > 04 > 05 > 07 > 09 > 08 > 10 > 11 > 12 > 06 > 13 > 15 > 16 > 14 > 17 > 27 > 29 > 28 > 26 > 20,33 > 01 > 02 > 21 > 22 > 03 > 04 > 23 > 05 > 06 > 05 > 07 > 08 > 09 > 10 > 11 > 12 > 06 > 13 > 24 > 25 > 14,CaseBasedGenerator,1111,34,27,16,1,CaseBasedGenerator,399,,,,,,,,,,,,,,,,
1,CaseBasedGeneratorWrapper,1,3,9,CaseBasedGenerator,2,0.0232562143355608,0,1.8366954080641789,0.5637019230769231,0.7797060110673518,2.8966559615708322e-12,0.49328747391700745,1,0,33 > 01 > 02 > 03 > 04 > 05 > 06 > 05 > 07 > 08 > 09 > 10 > 11 > 12 > 06 > 13 > 15 > 16 > 14 > 17 > 29 > 27 > 26 > 28 > 20,33 > 01 > 02 > 21 > 22 > 03 > 04 > 23 > 05 > 06 > 05 > 07 > 08 > 09 > 10 > 11 > 12 > 06 > 13 > 24 > 25 > 14,CaseBasedGenerator,1111,34,27,16,1,CaseBasedGenerator,399,,,,,,,,,,,,,,,,
1,CaseBasedGeneratorWrapper,1,3,10,CaseBasedGenerator,1,0.021414440125226974,0,1.8397111504522399,0.5649038461538461,0.7805989385968496,2.2756911005574035e-11,0.49420836567878723,1,0,33 > 01 > 02 > 03 > 04 > 05 > 07 > 08 > 09 > 10 > 11 > 12 > 06 > 13 > 15 > 16 > 14 > 17 > 26 > 29 > 27 > 28 > 20,33 > 01 > 02 > 21 > 22 > 03 > 04 > 23 > 05 > 06 > 05 > 07 > 08 > 09 > 10 > 11 > 12 > 06 > 13 > 24 > 25 > 14,CaseBasedGenerator,1111,34,27,16,1,CaseBasedGenerator,399,,,,,,,,,,,,,,,,
1,EvoGeneratorWrapper,1,1,1,EvolutionaryStrategy,10,0.07456105202436447,0,1.0138260277148536,0.17307692307692313,0.3731725412796236,0.0,0.4675765633583069,1,0,16 > 05 > 14 > 16 > 07 > 11 > 12 > 17 > 12 > 24 > 26 > 20 > 05 > 01 > 10 > 04 > 00 > 31 > 03 > 00 > 08 > 08 > 15 > 04 > 29 > 13 > 27,33 > 01 > 02 > 03 > 04 > 05 > 07 > 09 > 08 > 10 > 11 > 12 > 06 > 13 > 08 > 24 > 10 > 11 > 12 > 14 > 13 > 14 > 13 > 24 > 25 > 14,EvolutionaryStrategy,1111,34,27,16,1,EvolutionaryStrategy,399,2.0,25.0,100.0,25.0,DefaultInitiator,RouletteWheelSelector,CutPointCrosser,0.1,SingleDeleteMutator,0.01,0.3,0.3,0.3,0.09000000000000008,DefaultRecombiner,0.5
1,EvoGeneratorWrapper,1,1,2,EvolutionaryStrategy,9,0.09467361867427826,0,1.0145595907916563,0.17307692307692313,0.3839623914066733,0.0,0.4575202763080597,1,0,14 > 27 > 28 > 21 > 10 > 17 > 01 > 02 > 20 > 03 > 01 > 07 > 17 > 18 > 08 > 06 > 28 > 33 > 04 > 27 > 27 > 25 > 12 > 15 > 28 > 05 > 28,33 > 01 > 02 > 03 > 04 > 05 > 07 > 09 > 08 > 10 > 11 > 12 > 06 > 13 > 08 > 24 > 10 > 11 > 12 > 14 > 13 > 14 > 13 > 24 > 25 > 14,EvolutionaryStrategy,1111,34,27,16,1,EvolutionaryStrategy,399,2.0,25.0,100.0,25.0,DefaultInitiator,RouletteWheelSelector,CutPointCrosser,0.1,SingleDeleteMutator,0.01,0.3,0.3,0.3,0.09000000000000008,DefaultRecombiner,0.5
1,EvoGeneratorWrapper,1,1,3,EvolutionaryStrategy,8,0.025799354538321495,0,1.0161892895349145,0.15384615384615385,0.37038570961759376,0.0,0.491957426071167,1,0,04 > 28 > 03 > 11 > 18 > 33 > 19 > 19 > 13 > 19 > 04 > 30 > 29 > 03 > 14 > 18 > 05 > 21 > 09 > 06 > 24 > 01 > 09 > 28 > 29 > 21 > 04,33 > 01 > 02 > 03 > 04 > 05 > 07 > 09 > 08 > 10 > 11 > 12 > 06 > 13 > 08 > 24 > 10 > 11 > 12 > 14 > 13 > 14 > 13 > 24 > 25 > 14,EvolutionaryStrategy,1111,34,27,16,1,EvolutionaryStrategy,399,2.0,25.0,100.0,25.0,DefaultInitiator,RouletteWheelSelector,CutPointCrosser,0.1,SingleDeleteMutator,0.01,0.3,0.3,0.3,0.09000000000000008,DefaultRecombiner,0.5
1,EvoGeneratorWrapper,1,1,4,EvolutionaryStrategy,7,0.025573013350367546,0,1.019171253521381,0.15384615384615385,0.3732545141859541,0.0,0.49207058548927307,1,0,29 > 05 > 00 > 03 > 17 > 09 > 16 > 00 > 11 > 13 > 14 > 29 > 26 > 15 > 28 > 32 > 08 > 07 > 05 > 05 > 14 > 04 > 09 > 28 > 29 > 21 > 04,33 > 01 > 02 > 03 > 04 > 05 > 07 > 09 > 08 > 10 > 11 > 12 > 06 > 13 > 08 > 24 > 10 > 11 > 12 > 14 > 13 > 14 > 13 > 24 > 25 > 14,EvolutionaryStrategy,1111,34,27,16,1,EvolutionaryStrategy,399,2.0,25.0,100.0,25.0,DefaultInitiator,RouletteWheelSelector,CutPointCrosser,0.1,SingleDeleteMutator,0.01,0.3,0.3,0.3,0.09000000000000008,DefaultRecombiner,0.5
1,EvoGeneratorWrapper,1,1,5,EvolutionaryStrategy,6,0.02825857512652874,0,1.0219937158215275,0.15384615384615385,0.3774197499236007,0.0,0.49072781205177307,1,0,06 > 00 > 30 > 09 > 22 > 18 > 32 > 06 > 12 > 10 > 20 > 16 > 04 > 12 > 22 > 33 > 00 > 24 > 28 > 32 > 14 > 04 > 09 > 28 > 07 > 21 > 04,33 > 01 > 02 > 03 > 04 > 05 > 07 > 09 > 08 > 10 > 11 > 12 > 06 > 13 > 08 > 24 > 10 > 11 > 12 > 14 > 13 > 14 > 13 > 24 > 25 > 14,EvolutionaryStrategy,1111,34,27,16,1,EvolutionaryStrategy,399,2.0,25.0,100.0,25.0,DefaultInitiator,RouletteWheelSelector,CutPointCrosser,0.1,SingleDeleteMutator,0.01,0.3,0.3,0.3,0.09000000000000008,DefaultRecombiner,0.5
1,EvoGeneratorWrapper,1,1,6,EvolutionaryStrategy,5,0.022856455296278,0,1.0272206227938672,0.15384615384615385,0.37994561281329864,0.0,0.4934288561344147,1,0,11 > 25 > 22 > 27 > 11 > 05 > 04 > 18 > 29 > 10 > 18 > 10 > 03 > 22 > 22 > 04 > 09 > 08 > 22 > 24 > 08 > 26 > 02 > 32 > 26 > 29 > 28,33 > 01 > 02 > 03 > 04 > 05 > 07 > 09 > 08 > 10 > 11 > 12 > 06 > 13 > 08 > 24 > 10 > 11 > 12 > 14 > 13 > 14 > 13 > 24 > 25 > 14,EvolutionaryStrategy,1111,34,27,16,1,EvolutionaryStrategy,399,2.0,25.0,100.0,25.0,DefaultInitiator,RouletteWheelSelector,CutPointCrosser,0.1,SingleDeleteMutator,0.01,0.3,0.3,0.3,0.09000000000000008,DefaultRecombiner,0.5
1,EvoGeneratorWrapper,1,1,7,EvolutionaryStrategy,4,0.02257823944091797,0,1.027363615828547,0.15384615384615385,0.37994948860707267,0.0,0.49356797337532043,1,0,12 > 28 > 13 > 03 > 25 > 01 > 26 > 07 > 01 > 07 > 13 > 32 > 04 > 07 > 30 > 32 > 08 > 09 > 08 > 28 > 01 > 22 > 27 > 32 > 31 > 04 > 26,33 > 01 > 02 > 03 > 04 > 05 > 07 > 09 > 08 > 10 > 11 > 12 > 06 > 13 > 08 > 24 > 10 > 11 > 12 > 14 > 13 > 14 > 13 > 24 > 25 > 14,EvolutionaryStrategy,1111,34,27,16,1,EvolutionaryStrategy,399,2.0,25.0,100.0,25.0,DefaultInitiator,RouletteWheelSelector,CutPointCrosser,0.1,SingleDeleteMutator,0.01,0.3,0.3,0.3,0.09000000000000008,DefaultRecombiner,0.5
1,EvoGeneratorWrapper,1,1,8,EvolutionaryStrategy,3,0.025362923741340637,0,1.030359595802566,0.17307692307692313,0.36510703404995315,0.0,0.4921756386756897,1,0,29 > 05 > 00 > 03 > 17 > 09 > 16 > 00 > 11 > 13 > 14 > 29 > 26 > 15 > 28 > 32 > 08 > 07 > 10 > 20 > 08 > 31 > 16 > 27 > 23 > 11 > 28,33 > 01 > 02 > 03 > 04 > 05 > 07 > 09 > 08 > 10 > 11 > 12 > 06 > 13 > 08 > 24 > 10 > 11 > 12 > 14 > 13 > 14 > 13 > 24 > 25 > 14,EvolutionaryStrategy,1111,34,27,16,1,EvolutionaryStrategy,399,2.0,25.0,100.0,25.0,DefaultInitiator,RouletteWheelSelector,CutPointCrosser,0.1,SingleDeleteMutator,0.01,0.3,0.3,0.3,0.09000000000000008,DefaultRecombiner,0.5
1,EvoGeneratorWrapper,1,1,9,EvolutionaryStrategy,2,0.024663936346769333,0,1.0307090876372065,0.17307692307692313,0.36510703404995315,0.0,0.4925251305103302,1,0,29 > 05 > 00 > 03 > 17 > 09 > 16 > 00 > 11 > 13 > 14 > 29 > 26 > 15 > 28 > 32 > 08 > 07 > 10 > 20 > 08 > 31 > 16 > 27 > 23 > 11 > 26,33 > 01 > 02 > 03 > 04 > 05 > 07 > 09 > 08 > 10 > 11 > 12 > 06 > 13 > 08 > 24 > 10 > 11 > 12 > 14 > 13 > 14 > 13 > 24 > 25 > 14,EvolutionaryStrategy,1111,34,27,16,1,EvolutionaryStrategy,399,2.0,25.0,100.0,25.0,DefaultInitiator,RouletteWheelSelector,CutPointCrosser,0.1,SingleDeleteMutator,0.01,0.3,0.3,0.3,0.09000000000000008,DefaultRecombiner,0.5
1,EvoGeneratorWrapper,1,1,10,EvolutionaryStrategy,1,0.029207730665802956,0,1.0505310801604497,0.17307692307692313,0.38720091721345506,0.0,0.4902532398700714,1,0,04 > 28 > 03 > 11 > 22 > 04 > 19 > 19 > 28 > 19 > 04 > 30 > 29 > 03 > 14 > 05 > 05 > 21 > 09 > 06 > 24 > 01 > 09 > 28 > 11 > 21 > 04,33 > 01 > 02 > 03 > 04 > 05 > 07 > 09 > 08 > 10 > 11 > 12 > 06 > 13 > 08 > 24 > 10 > 11 > 12 > 14 > 13 > 14 > 13 > 24 > 25 > 14,EvolutionaryStrategy,1111,34,27,16,1,EvolutionaryStrategy,399,2.0,25.0,100.0,25.0,DefaultInitiator,RouletteWheelSelector,CutPointCrosser,0.1,SingleDeleteMutator,0.01,0.3,0.3,0.3,0.09000000000000008,DefaultRecombiner,0.5
1,EvoGeneratorWrapper,1,2,1,EvolutionaryStrategy,10,0.03233255818486214,0,1.2464547314462608,0.21153846153846156,0.5458450199459463,0.0,0.489071249961853,1,0,10 > 30 > 03 > 10 > 31 > 11 > 19 > 12 > 05 > 01 > 09 > 17 > 21 > 18 > 06 > 04 > 30 > 11 > 07 > 27 > 16 > 14 > 30 > 31 > 23 > 13 > 29,33 > 01 > 02 > 03 > 04 > 05 > 07 > 09 > 08 > 10 > 11 > 12 > 06 > 13 > 14 > 13 > 14 > 13 > 14 > 13 > 14 > 14 > 24 > 25,EvolutionaryStrategy,1111,34,27,16,1,EvolutionaryStrategy,399,2.0,25.0,100.0,25.0,DefaultInitiator,RouletteWheelSelector,CutPointCrosser,0.1,SingleDeleteMutator,0.01,0.3,0.3,0.3,0.09000000000000008,DefaultRecombiner,0.5
1,EvoGeneratorWrapper,1,2,2,EvolutionaryStrategy,9,0.026040801778435707,0,1.2480705162704158,0.1923076923076923,0.5635457004542701,0.0,0.49221712350845337,1,0,02 > 32 > 31 > 11 > 28 > 03 > 27 > 05 > 14 > 33 > 16 > 29 > 11 > 13 > 25 > 23 > 14 > 23 > 04 > 24 > 20 > 30 > 11 > 06 > 17 > 27 > 17,33 > 01 > 02 > 03 > 04 > 05 > 07 > 09 > 08 > 10 > 11 > 12 > 06 > 13 > 14 > 13 > 14 > 13 > 14 > 13 > 14 > 14 > 24 > 25,EvolutionaryStrategy,1111,34,27,16,1,EvolutionaryStrategy,399,2.0,25.0,100.0,25.0,DefaultInitiator,RouletteWheelSelector,CutPointCrosser,0.1,SingleDeleteMutator,0.01,0.3,0.3,0.3,0.09000000000000008,DefaultRecombiner,0.5
1,EvoGeneratorWrapper,1,2,3,EvolutionaryStrategy,8,0.025995319709181786,0,1.2512933849185002,0.1923076923076923,0.5667458299303726,0.0,0.4922398626804352,1,0,10 > 30 > 03 > 10 > 20 > 03 > 17 > 22 > 12 > 29 > 21 > 16 > 31 > 13 > 25 > 23 > 14 > 23 > 25 > 24 > 20 > 30 > 11 > 06 > 17 > 27 > 17,33 > 01 > 02 > 03 > 04 > 05 > 07 > 09 > 08 > 10 > 11 > 12 > 06 > 13 > 14 > 13 > 14 > 13 > 14 > 13 > 14 > 14 > 24 > 25,EvolutionaryStrategy,1111,34,27,16,1,EvolutionaryStrategy,399,2.0,25.0,100.0,25.0,DefaultInitiator,RouletteWheelSelector,CutPointCrosser,0.1,SingleDeleteMutator,0.01,0.3,0.3,0.3,0.09000000000000008,DefaultRecombiner,0.5
1,EvoGeneratorWrapper,1,2,4,EvolutionaryStrategy,7,0.03206035867333412,0,1.2555134413410758,0.21153846153846156,0.5547676524367389,0.0,0.48920732736587524,1,0,27 > 27 > 02 > 31 > 16 > 33 > 04 > 13 > 23 > 11 > 09 > 14 > 05 > 07 > 23 > 28 > 00 > 00 > 21 > 11 > 16 > 14 > 30 > 31 > 23 > 13 > 29,33 > 01 > 02 > 03 > 04 > 05 > 07 > 09 > 08 > 10 > 11 > 12 > 06 > 13 > 14 > 13 > 14 > 13 > 14 > 13 > 14 > 14 > 24 > 25,EvolutionaryStrategy,1111,34,27,16,1,EvolutionaryStrategy,399,2.0,25.0,100.0,25.0,DefaultInitiator,RouletteWheelSelector,CutPointCrosser,0.1,SingleDeleteMutator,0.01,0.3,0.3,0.3,0.09000000000000008,DefaultRecombiner,0.5
1,EvoGeneratorWrapper,1,2,5,EvolutionaryStrategy,6,0.06681660562753677,0,1.2618568792046494,0.23076923076923073,0.5592584426839997,0.0,0.47182920575141907,1,0,04 > 13 > 02 > 29 > 04 > 14 > 04 > 13 > 23 > 11 > 09 > 14 > 33 > 15 > 26 > 11 > 20 > 02 > 14 > 20 > 24 > 04 > 12 > 14 > 13 > 00 > 27,33 > 01 > 02 > 03 > 04 > 05 > 07 > 09 > 08 > 10 > 11 > 12 > 06 > 13 > 14 > 13 > 14 > 13 > 14 > 13 > 14 > 14 > 24 > 25,EvolutionaryStrategy,1111,34,27,16,1,EvolutionaryStrategy,399,2.0,25.0,100.0,25.0,DefaultInitiator,RouletteWheelSelector,CutPointCrosser,0.1,SingleDeleteMutator,0.01,0.3,0.3,0.3,0.09000000000000008,DefaultRecombiner,0.5
1,EvoGeneratorWrapper,1,2,6,EvolutionaryStrategy,5,0.032017629593610764,0,1.2627902587387498,0.21153846153846156,0.5620231015692612,0.0,0.4892286956310272,1,0,04 > 13 > 30 > 24 > 13 > 14 > 13 > 04 > 12 > 25 > 21 > 16 > 31 > 13 > 25 > 23 > 14 > 23 > 04 > 24 > 20 > 30 > 11 > 06 > 23 > 13 > 29,33 > 01 > 02 > 03 > 04 > 05 > 07 > 09 > 08 > 10 > 11 > 12 > 06 > 13 > 14 > 13 > 14 > 13 > 14 > 13 > 14 > 14 > 24 > 25,EvolutionaryStrategy,1111,34,27,16,1,EvolutionaryStrategy,399,2.0,25.0,100.0,25.0,DefaultInitiator,RouletteWheelSelector,CutPointCrosser,0.1,SingleDeleteMutator,0.01,0.3,0.3,0.3,0.09000000000000008,DefaultRecombiner,0.5
1,EvoGeneratorWrapper,1,2,7,EvolutionaryStrategy,4,0.06383689492940903,0,1.2664971808615229,0.23076923076923073,0.5624088666400675,0.0,0.47331908345222473,1,0,12 > 05 > 10 > 19 > 21 > 14 > 04 > 13 > 23 > 04 > 09 > 14 > 33 > 15 > 25 > 11 > 20 > 15 > 14 > 01 > 06 > 04 > 12 > 14 > 13 > 00 > 27,33 > 01 > 02 > 03 > 04 > 05 > 07 > 09 > 08 > 10 > 11 > 12 > 06 > 13 > 14 > 13 > 14 > 13 > 14 > 13 > 14 > 14 > 24 > 25,EvolutionaryStrategy,1111,34,27,16,1,EvolutionaryStrategy,399,2.0,25.0,100.0,25.0,DefaultInitiator,RouletteWheelSelector,CutPointCrosser,0.1,SingleDeleteMutator,0.01,0.3,0.3,0.3,0.09000000000000008,DefaultRecombiner,0.5
1,EvoGeneratorWrapper,1,2,8,EvolutionaryStrategy,3,0.06425557285547256,0,1.2673005732182316,0.23076923076923073,0.5634216203115496,0.0,0.47310972213745117,1,0,27 > 27 > 02 > 31 > 04 > 14 > 04 > 13 > 23 > 11 > 09 > 14 > 33 > 15 > 26 > 11 > 20 > 15 > 14 > 20 > 06 > 04 > 12 > 14 > 13 > 00 > 27,33 > 01 > 02 > 03 > 04 > 05 > 07 > 09 > 08 > 10 > 11 > 12 > 06 > 13 > 14 > 13 > 14 > 13 > 14 > 13 > 14 > 14 > 24 > 25,EvolutionaryStrategy,1111,34,27,16,1,EvolutionaryStrategy,399,2.0,25.0,100.0,25.0,DefaultInitiator,RouletteWheelSelector,CutPointCrosser,0.1,SingleDeleteMutator,0.01,0.3,0.3,0.3,0.09000000000000008,DefaultRecombiner,0.5
1,EvoGeneratorWrapper,1,2,9,EvolutionaryStrategy,2,0.02670872025191784,0,1.2871366726514237,0.21153846153846156,0.5837150524291854,0.0,0.49188315868377686,1,0,12 > 05 > 10 > 19 > 21 > 13 > 04 > 20 > 21 > 29 > 02 > 07 > 28 > 29 > 32 > 28 > 30 > 01 > 14 > 27 > 13 > 31 > 24 > 14 > 31 > 05 > 27,33 > 01 > 02 > 03 > 04 > 05 > 07 > 09 > 08 > 10 > 11 > 12 > 06 > 13 > 14 > 13 > 14 > 13 > 14 > 13 > 14 > 14 > 24 > 25,EvolutionaryStrategy,1111,34,27,16,1,EvolutionaryStrategy,399,2.0,25.0,100.0,25.0,DefaultInitiator,RouletteWheelSelector,CutPointCrosser,0.1,SingleDeleteMutator,0.01,0.3,0.3,0.3,0.09000000000000008,DefaultRecombiner,0.5
1,EvoGeneratorWrapper,1,2,10,EvolutionaryStrategy,1,0.05833486095070839,0,1.2874099899036326,0.23076923076923073,0.5805706829072138,0.0,0.4760700762271881,1,0,24 > 07 > 15 > 08 > 31 > 15 > 21 > 10 > 31 > 06 > 26 > 16 > 06 > 14 > 04 > 22 > 28 > 24 > 13 > 25 > 14 > 30 > 26 > 16 > 31 > 13 > 29,33 > 01 > 02 > 03 > 04 > 05 > 07 > 09 > 08 > 10 > 11 > 12 > 06 > 13 > 14 > 13 > 14 > 13 > 14 > 13 > 14 > 14 > 24 > 25,EvolutionaryStrategy,1111,34,27,16,1,EvolutionaryStrategy,399,2.0,25.0,100.0,25.0,DefaultInitiator,RouletteWheelSelector,CutPointCrosser,0.1,SingleDeleteMutator,0.01,0.3,0.3,0.3,0.09000000000000008,DefaultRecombiner,0.5
1,EvoGeneratorWrapper,1,3,1,EvolutionaryStrategy,10,0.022327644750475883,0,1.1977878116264384,0.23076923076923073,0.47326681655972247,0.0,0.49375176429748535,1,0,30 > 23 > 10 > 03 > 02 > 32 > 26 > 32 > 28 > 06 > 07 > 16 > 24 > 10 > 09 > 21 > 09 > 21 > 20 > 14 > 03 > 25 > 05 > 10 > 33 > 29 > 22,33 > 01 > 02 > 21 > 22 > 03 > 04 > 23 > 05 > 06 > 05 > 07 > 08 > 09 > 10 > 11 > 12 > 06 > 13 > 24 > 25 > 14,EvolutionaryStrategy,1111,34,27,16,1,EvolutionaryStrategy,399,2.0,25.0,100.0,25.0,DefaultInitiator,RouletteWheelSelector,CutPointCrosser,0.1,SingleDeleteMutator,0.01,0.3,0.3,0.3,0.09000000000000008,DefaultRecombiner,0.5
1,EvoGeneratorWrapper,1,3,2,EvolutionaryStrategy,9,0.022327644750475883,0,1.1977878116264384,0.23076923076923073,0.47326681655972247,0.0,0.49375176429748535,1,0,30 > 23 > 10 > 03 > 02 > 32 > 26 > 32 > 28 > 06 > 07 > 16 > 24 > 10 > 09 > 21 > 09 > 21 > 20 > 14 > 03 > 25 > 05 > 10 > 33 > 29 > 22,33 > 01 > 02 > 21 > 22 > 03 > 04 > 23 > 05 > 06 > 05 > 07 > 08 > 09 > 10 > 11 > 12 > 06 > 13 > 24 > 25 > 14,EvolutionaryStrategy,1111,34,27,16,1,EvolutionaryStrategy,399,2.0,25.0,100.0,25.0,DefaultInitiator,RouletteWheelSelector,CutPointCrosser,0.1,SingleDeleteMutator,0.01,0.3,0.3,0.3,0.09000000000000008,DefaultRecombiner,0.5
1,EvoGeneratorWrapper,1,3,3,EvolutionaryStrategy,8,0.033036939799785614,0,1.1980632638056359,0.25,0.45966614237619263,0.0,0.48839712142944336,1,0,17 > 33 > 01 > 30 > 02 > 14 > 17 > 15 > 30 > 15 > 28 > 03 > 28 > 05 > 30 > 12 > 01 > 08 > 10 > 06 > 05 > 19 > 28 > 00 > 02 > 07 > 27,33 > 01 > 02 > 21 > 22 > 03 > 04 > 23 > 05 > 06 > 05 > 07 > 08 > 09 > 10 > 11 > 12 > 06 > 13 > 24 > 25 > 14,EvolutionaryStrategy,1111,34,27,16,1,EvolutionaryStrategy,399,2.0,25.0,100.0,25.0,DefaultInitiator,RouletteWheelSelector,CutPointCrosser,0.1,SingleDeleteMutator,0.01,0.3,0.3,0.3,0.09000000000000008,DefaultRecombiner,0.5
1,EvoGeneratorWrapper,1,3,4,EvolutionaryStrategy,7,0.022324303165078163,0,1.1981689267748785,0.23076923076923073,0.4736462627781086,0.0,0.49375343322753906,1,0,22 > 30 > 16 > 03 > 02 > 32 > 26 > 16 > 28 > 06 > 07 > 19 > 24 > 10 > 09 > 21 > 09 > 21 > 20 > 14 > 03 > 25 > 05 > 30 > 33 > 29 > 22,33 > 01 > 02 > 21 > 22 > 03 > 04 > 23 > 05 > 06 > 05 > 07 > 08 > 09 > 10 > 11 > 12 > 06 > 13 > 24 > 25 > 14,EvolutionaryStrategy,1111,34,27,16,1,EvolutionaryStrategy,399,2.0,25.0,100.0,25.0,DefaultInitiator,RouletteWheelSelector,CutPointCrosser,0.1,SingleDeleteMutator,0.01,0.3,0.3,0.3,0.09000000000000008,DefaultRecombiner,0.5
1,EvoGeneratorWrapper,1,3,5,EvolutionaryStrategy,6,0.033349134027957916,0,1.2017184519038997,0.25,0.463477435039123,0.0,0.4882410168647766,1,0,23 > 01 > 33 > 30 > 02 > 14 > 17 > 15 > 30 > 15 > 28 > 03 > 28 > 05 > 30 > 12 > 01 > 08 > 06 > 10 > 05 > 28 > 19 > 00 > 02 > 07 > 27,33 > 01 > 02 > 21 > 22 > 03 > 04 > 23 > 05 > 06 > 05 > 07 > 08 > 09 > 10 > 11 > 12 > 06 > 13 > 24 > 25 > 14,EvolutionaryStrategy,1111,34,27,16,1,EvolutionaryStrategy,399,2.0,25.0,100.0,25.0,DefaultInitiator,RouletteWheelSelector,CutPointCrosser,0.1,SingleDeleteMutator,0.01,0.3,0.3,0.3,0.09000000000000008,DefaultRecombiner,0.5
1,EvoGeneratorWrapper,1,3,6,EvolutionaryStrategy,5,0.033349134027957916,0,1.2017184519038997,0.25,0.463477435039123,0.0,0.4882410168647766,1,0,23 > 01 > 33 > 30 > 02 > 14 > 17 > 15 > 30 > 15 > 28 > 03 > 28 > 05 > 30 > 12 > 01 > 08 > 06 > 10 > 05 > 28 > 19 > 00 > 02 > 07 > 27,33 > 01 > 02 > 21 > 22 > 03 > 04 > 23 > 05 > 06 > 05 > 07 > 08 > 09 > 10 > 11 > 12 > 06 > 13 > 24 > 25 > 14,EvolutionaryStrategy,1111,34,27,16,1,EvolutionaryStrategy,399,2.0,25.0,100.0,25.0,DefaultInitiator,RouletteWheelSelector,CutPointCrosser,0.1,SingleDeleteMutator,0.01,0.3,0.3,0.3,0.09000000000000008,DefaultRecombiner,0.5
1,EvoGeneratorWrapper,1,3,7,EvolutionaryStrategy,4,0.02563793584704399,0,1.2021634775491061,0.23076923076923073,0.4792976140608356,0.0,0.4920966327190399,1,0,24 > 08 > 31 > 10 > 20 > 02 > 27 > 31 > 08 > 26 > 33 > 21 > 05 > 28 > 28 > 31 > 22 > 10 > 27 > 18 > 20 > 07 > 08 > 12 > 32 > 27 > 22,33 > 01 > 02 > 21 > 22 > 03 > 04 > 23 > 05 > 06 > 05 > 07 > 08 > 09 > 10 > 11 > 12 > 06 > 13 > 24 > 25 > 14,EvolutionaryStrategy,1111,34,27,16,1,EvolutionaryStrategy,399,2.0,25.0,100.0,25.0,DefaultInitiator,RouletteWheelSelector,CutPointCrosser,0.1,SingleDeleteMutator,0.01,0.3,0.3,0.3,0.09000000000000008,DefaultRecombiner,0.5
1,EvoGeneratorWrapper,1,3,8,EvolutionaryStrategy,3,0.02563793584704399,0,1.2031768460220278,0.23076923076923073,0.48031098253375715,0.0,0.4920966327190399,1,0,22 > 30 > 31 > 10 > 20 > 02 > 27 > 31 > 08 > 26 > 33 > 21 > 05 > 28 > 28 > 31 > 22 > 10 > 27 > 18 > 20 > 07 > 08 > 12 > 32 > 27 > 22,33 > 01 > 02 > 21 > 22 > 03 > 04 > 23 > 05 > 06 > 05 > 07 > 08 > 09 > 10 > 11 > 12 > 06 > 13 > 24 > 25 > 14,EvolutionaryStrategy,1111,34,27,16,1,EvolutionaryStrategy,399,2.0,25.0,100.0,25.0,DefaultInitiator,RouletteWheelSelector,CutPointCrosser,0.1,SingleDeleteMutator,0.01,0.3,0.3,0.3,0.09000000000000008,DefaultRecombiner,0.5
1,EvoGeneratorWrapper,1,3,9,EvolutionaryStrategy,2,0.02471560798585415,0,1.2077681261163906,0.25,0.4652103322607235,0.0,0.4925577938556671,1,0,08 > 01 > 33 > 30 > 02 > 14 > 17 > 15 > 30 > 15 > 28 > 03 > 28 > 05 > 30 > 12 > 19 > 08 > 06 > 10 > 05 > 28 > 19 > 12 > 32 > 27 > 26,33 > 01 > 02 > 21 > 22 > 03 > 04 > 23 > 05 > 06 > 05 > 07 > 08 > 09 > 10 > 11 > 12 > 06 > 13 > 24 > 25 > 14,EvolutionaryStrategy,1111,34,27,16,1,EvolutionaryStrategy,399,2.0,25.0,100.0,25.0,DefaultInitiator,RouletteWheelSelector,CutPointCrosser,0.1,SingleDeleteMutator,0.01,0.3,0.3,0.3,0.09000000000000008,DefaultRecombiner,0.5
1,EvoGeneratorWrapper,1,3,10,EvolutionaryStrategy,1,0.025446051731705666,0,1.250101969496668,0.2692307692307693,0.4886786338710928,0.0,0.4921925663948059,1,0,05 > 27 > 21 > 00 > 11 > 27 > 06 > 03 > 23 > 05 > 18 > 22 > 02 > 05 > 19 > 29 > 02 > 32 > 27 > 18 > 07 > 20 > 08 > 12 > 32 > 27 > 22,33 > 01 > 02 > 21 > 22 > 03 > 04 > 23 > 05 > 06 > 05 > 07 > 08 > 09 > 10 > 11 > 12 > 06 > 13 > 24 > 25 > 14,EvolutionaryStrategy,1111,34,27,16,1,EvolutionaryStrategy,399,2.0,25.0,100.0,25.0,DefaultInitiator,RouletteWheelSelector,CutPointCrosser,0.1,SingleDeleteMutator,0.01,0.3,0.3,0.3,0.09000000000000008,DefaultRecombiner,0.5
1,EvoGeneratorWrapper,1,1,1,EvolutionaryStrategy,10,0.029841536656022072,0,1.0467492885761094,0.17307692307692313,0.3837360435253855,0.0,0.48993632197380066,1,0,15 > 01 > 29 > 22 > 11 > 03 > 11 > 08 > 25 > 12 > 09 > 07 > 05 > 27 > 16 > 21 > 05 > 23 > 28 > 12 > 05 > 05 > 06 > 15 > 13 > 22 > 27,33 > 01 > 02 > 03 > 04 > 05 > 07 > 09 > 08 > 10 > 11 > 12 > 06 > 13 > 08 > 24 > 10 > 11 > 12 > 14 > 13 > 14 > 13 > 24 > 25 > 14,EvolutionaryStrategy,1111,34,27,16,1,EvolutionaryStrategy,399,2.0,25.0,100.0,25.0,DefaultInitiator,RouletteWheelSelector,CutPointCrosser,0.1,MultiDeleteMutator,0.01,0.3,0.3,0.3,0.09000000000000008,DefaultRecombiner,0.5
1,EvoGeneratorWrapper,1,1,2,EvolutionaryStrategy,9,0.023534001782536507,0,1.0491669826723355,0.15384615384615385,0.40223073569034806,0.0,0.49309009313583374,1,0,29 > 19 > 05 > 26 > 17 > 05 > 04 > 04 > 12 > 11 > 17 > 01 > 02 > 14 > 15 > 19 > 32 > 30 > 06 > 21 > 20 > 24 > 28 > 23 > 19 > 17 > 20,33 > 01 > 02 > 03 > 04 > 05 > 07 > 09 > 08 > 10 > 11 > 12 > 06 > 13 > 08 > 24 > 10 > 11 > 12 > 14 > 13 > 14 > 13 > 24 > 25 > 14,EvolutionaryStrategy,1111,34,27,16,1,EvolutionaryStrategy,399,2.0,25.0,100.0,25.0,DefaultInitiator,RouletteWheelSelector,CutPointCrosser,0.1,MultiDeleteMutator,0.01,0.3,0.3,0.3,0.09000000000000008,DefaultRecombiner,0.5
1,EvoGeneratorWrapper,1,1,3,EvolutionaryStrategy,8,0.023534364998340607,0,1.054038462114952,0.15384615384615385,0.40710239394689873,0.0,0.4930899143218994,1,0,10 > 30 > 28 > 17 > 18 > 05 > 04 > 04 > 12 > 11 > 17 > 01 > 02 > 14 > 19 > 15 > 32 > 30 > 06 > 21 > 20 > 24 > 28 > 23 > 19 > 17 > 20,33 > 01 > 02 > 03 > 04 > 05 > 07 > 09 > 08 > 10 > 11 > 12 > 06 > 13 > 08 > 24 > 10 > 11 > 12 > 14 > 13 > 14 > 13 > 24 > 25 > 14,EvolutionaryStrategy,1111,34,27,16,1,EvolutionaryStrategy,399,2.0,25.0,100.0,25.0,DefaultInitiator,RouletteWheelSelector,CutPointCrosser,0.1,MultiDeleteMutator,0.01,0.3,0.3,0.3,0.09000000000000008,DefaultRecombiner,0.5
1,EvoGeneratorWrapper,1,1,4,EvolutionaryStrategy,7,0.028308715671300888,0,1.0619465055696922,0.17307692307692313,0.39816683419412413,0.0,0.490702748298645,1,0,29 > 07 > 05 > 26 > 06 > 26 > 13 > 02 > 21 > 19 > 15 > 31 > 08 > 11 > 18 > 20 > 00 > 03 > 17 > 01 > 04 > 30 > 16 > 22 > 24 > 05 > 28,33 > 01 > 02 > 03 > 04 > 05 > 07 > 09 > 08 > 10 > 11 > 12 > 06 > 13 > 08 > 24 > 10 > 11 > 12 > 14 > 13 > 14 > 13 > 24 > 25 > 14,EvolutionaryStrategy,1111,34,27,16,1,EvolutionaryStrategy,399,2.0,25.0,100.0,25.0,DefaultInitiator,RouletteWheelSelector,CutPointCrosser,0.1,MultiDeleteMutator,0.01,0.3,0.3,0.3,0.09000000000000008,DefaultRecombiner,0.5
1,EvoGeneratorWrapper,1,1,5,EvolutionaryStrategy,6,0.027422171086072922,0,1.0623897555105644,0.17307692307692313,0.39816683419412413,0.0,0.4911459982395172,1,0,29 > 07 > 05 > 26 > 06 > 13 > 26 > 02 > 21 > 19 > 15 > 31 > 08 > 11 > 18 > 20 > 00 > 03 > 17 > 01 > 30 > 04 > 16 > 22 > 05 > 24 > 28,33 > 01 > 02 > 03 > 04 > 05 > 07 > 09 > 08 > 10 > 11 > 12 > 06 > 13 > 08 > 24 > 10 > 11 > 12 > 14 > 13 > 14 > 13 > 24 > 25 > 14,EvolutionaryStrategy,1111,34,27,16,1,EvolutionaryStrategy,399,2.0,25.0,100.0,25.0,DefaultInitiator,RouletteWheelSelector,CutPointCrosser,0.1,MultiDeleteMutator,0.01,0.3,0.3,0.3,0.09000000000000008,DefaultRecombiner,0.5
1,EvoGeneratorWrapper,1,1,6,EvolutionaryStrategy,5,0.02690747193992138,0,1.062603907295546,0.17307692307692313,0.3981236131229655,0.0,0.49140337109565735,1,0,29 > 07 > 05 > 04 > 06 > 13 > 11 > 02 > 21 > 19 > 15 > 31 > 08 > 11 > 18 > 20 > 23 > 10 > 08 > 30 > 01 > 04 > 16 > 22 > 17 > 24 > 28,33 > 01 > 02 > 03 > 04 > 05 > 07 > 09 > 08 > 10 > 11 > 12 > 06 > 13 > 08 > 24 > 10 > 11 > 12 > 14 > 13 > 14 > 13 > 24 > 25 > 14,EvolutionaryStrategy,1111,34,27,16,1,EvolutionaryStrategy,399,2.0,25.0,100.0,25.0,DefaultInitiator,RouletteWheelSelector,CutPointCrosser,0.1,MultiDeleteMutator,0.01,0.3,0.3,0.3,0.09000000000000008,DefaultRecombiner,0.5
1,EvoGeneratorWrapper,1,1,7,EvolutionaryStrategy,4,0.030413169413805008,0,1.0628253892239998,0.17307692307692313,0.40009794844497404,0.0,0.48965051770210266,1,0,23 > 28 > 15 > 18 > 17 > 04 > 05 > 04 > 12 > 11 > 17 > 01 > 02 > 14 > 15 > 19 > 32 > 30 > 21 > 06 > 20 > 24 > 28 > 24 > 02 > 21 > 21,33 > 01 > 02 > 03 > 04 > 05 > 07 > 09 > 08 > 10 > 11 > 12 > 06 > 13 > 08 > 24 > 10 > 11 > 12 > 14 > 13 > 14 > 13 > 24 > 25 > 14,EvolutionaryStrategy,1111,34,27,16,1,EvolutionaryStrategy,399,2.0,25.0,100.0,25.0,DefaultInitiator,RouletteWheelSelector,CutPointCrosser,0.1,MultiDeleteMutator,0.01,0.3,0.3,0.3,0.09000000000000008,DefaultRecombiner,0.5
1,EvoGeneratorWrapper,1,1,8,EvolutionaryStrategy,3,0.03162563592195511,0,1.070269836190978,0.1923076923076923,0.38891786502319337,0.0,0.48904427886009216,1,0,15 > 01 > 29 > 14 > 11 > 03 > 11 > 08 > 25 > 12 > 09 > 07 > 05 > 27 > 16 > 21 > 05 > 23 > 10 > 12 > 05 > 05 > 06 > 02 > 13 > 22 > 27,33 > 01 > 02 > 03 > 04 > 05 > 07 > 09 > 08 > 10 > 11 > 12 > 06 > 13 > 08 > 24 > 10 > 11 > 12 > 14 > 13 > 14 > 13 > 24 > 25 > 14,EvolutionaryStrategy,1111,34,27,16,1,EvolutionaryStrategy,399,2.0,25.0,100.0,25.0,DefaultInitiator,RouletteWheelSelector,CutPointCrosser,0.1,MultiDeleteMutator,0.01,0.3,0.3,0.3,0.09000000000000008,DefaultRecombiner,0.5
1,EvoGeneratorWrapper,1,1,9,EvolutionaryStrategy,2,0.04386192187666893,0,1.072885163803492,0.17307692307692313,0.41688211043176904,0.0,0.4829261302947998,1,0,10 > 30 > 28 > 17 > 18 > 05 > 04 > 04 > 12 > 11 > 17 > 01 > 22 > 29 > 06 > 06 > 26 > 23 > 22 > 31 > 14 > 03 > 18 > 30 > 25 > 06 > 26,33 > 01 > 02 > 03 > 04 > 05 > 07 > 09 > 08 > 10 > 11 > 12 > 06 > 13 > 08 > 24 > 10 > 11 > 12 > 14 > 13 > 14 > 13 > 24 > 25 > 14,EvolutionaryStrategy,1111,34,27,16,1,EvolutionaryStrategy,399,2.0,25.0,100.0,25.0,DefaultInitiator,RouletteWheelSelector,CutPointCrosser,0.1,MultiDeleteMutator,0.01,0.3,0.3,0.3,0.09000000000000008,DefaultRecombiner,0.5
1,EvoGeneratorWrapper,1,1,10,EvolutionaryStrategy,1,0.038355447351932526,0,1.0990396152778708,0.1923076923076923,0.4210525647262363,0.0,0.48567935824394226,1,0,10 > 28 > 30 > 17 > 18 > 04 > 05 > 04 > 12 > 19 > 06 > 13 > 20 > 07 > 23 > 11 > 33 > 14 > 00 > 16 > 14 > 09 > 15 > 26 > 27 > 28 > 21,33 > 01 > 02 > 03 > 04 > 05 > 07 > 09 > 08 > 10 > 11 > 12 > 06 > 13 > 08 > 24 > 10 > 11 > 12 > 14 > 13 > 14 > 13 > 24 > 25 > 14,EvolutionaryStrategy,1111,34,27,16,1,EvolutionaryStrategy,399,2.0,25.0,100.0,25.0,DefaultInitiator,RouletteWheelSelector,CutPointCrosser,0.1,MultiDeleteMutator,0.01,0.3,0.3,0.3,0.09000000000000008,DefaultRecombiner,0.5
1,EvoGeneratorWrapper,1,2,1,EvolutionaryStrategy,10,0.060827016830444336,0,1.2417210234219154,0.1923076923076923,0.5745893197883869,0.0,0.4748240113258362,1,0,05 > 12 > 05 > 15 > 25 > 00 > 32 > 14 > 07 > 08 > 20 > 02 > 10 > 15 > 13 > 06 > 18 > 25 > 25 > 26 > 26 > 11 > 32 > 16 > 01 > 10 > 29,33 > 01 > 02 > 03 > 04 > 05 > 07 > 09 > 08 > 10 > 11 > 12 > 06 > 13 > 14 > 13 > 14 > 13 > 14 > 13 > 14 > 14 > 24 > 25,EvolutionaryStrategy,1111,34,27,16,1,EvolutionaryStrategy,399,2.0,25.0,100.0,25.0,DefaultInitiator,RouletteWheelSelector,CutPointCrosser,0.1,MultiDeleteMutator,0.01,0.3,0.3,0.3,0.09000000000000008,DefaultRecombiner,0.5
1,EvoGeneratorWrapper,1,2,2,EvolutionaryStrategy,9,0.029463164508342743,0,1.2479408843107522,0.1923076923076923,0.5651272582414633,0.0,0.4905059337615967,1,0,33 > 26 > 11 > 33 > 17 > 02 > 26 > 21 > 01 > 05 > 26 > 05 > 04 > 19 > 33 > 28 > 08 > 17 > 27 > 07 > 32 > 11 > 20 > 33 > 12 > 32 > 29,33 > 01 > 02 > 03 > 04 > 05 > 07 > 09 > 08 > 10 > 11 > 12 > 06 > 13 > 14 > 13 > 14 > 13 > 14 > 13 > 14 > 14 > 24 > 25,EvolutionaryStrategy,1111,34,27,16,1,EvolutionaryStrategy,399,2.0,25.0,100.0,25.0,DefaultInitiator,RouletteWheelSelector,CutPointCrosser,0.1,MultiDeleteMutator,0.01,0.3,0.3,0.3,0.09000000000000008,DefaultRecombiner,0.5
1,EvoGeneratorWrapper,1,2,3,EvolutionaryStrategy,8,0.029543526470661163,0,1.2480004481745186,0.1923076923076923,0.5652269956358081,0.0,0.49046576023101807,1,0,30 > 23 > 31 > 16 > 04 > 30 > 26 > 04 > 17 > 04 > 03 > 03 > 08 > 06 > 32 > 01 > 03 > 09 > 21 > 10 > 08 > 11 > 32 > 27 > 21 > 04 > 16,33 > 01 > 02 > 03 > 04 > 05 > 07 > 09 > 08 > 10 > 11 > 12 > 06 > 13 > 14 > 13 > 14 > 13 > 14 > 13 > 14 > 14 > 24 > 25,EvolutionaryStrategy,1111,34,27,16,1,EvolutionaryStrategy,399,2.0,25.0,100.0,25.0,DefaultInitiator,RouletteWheelSelector,CutPointCrosser,0.1,MultiDeleteMutator,0.01,0.3,0.3,0.3,0.09000000000000008,DefaultRecombiner,0.5
1,EvoGeneratorWrapper,1,2,4,EvolutionaryStrategy,7,0.029543526470661163,0,1.2480004481745186,0.1923076923076923,0.5652269956358081,0.0,0.49046576023101807,1,0,30 > 23 > 31 > 16 > 04 > 30 > 26 > 04 > 17 > 04 > 03 > 03 > 08 > 06 > 32 > 01 > 03 > 09 > 21 > 10 > 08 > 11 > 32 > 27 > 21 > 04 > 16,33 > 01 > 02 > 03 > 04 > 05 > 07 > 09 > 08 > 10 > 11 > 12 > 06 > 13 > 14 > 13 > 14 > 13 > 14 > 13 > 14 > 14 > 24 > 25,EvolutionaryStrategy,1111,34,27,16,1,EvolutionaryStrategy,399,2.0,25.0,100.0,25.0,DefaultInitiator,RouletteWheelSelector,CutPointCrosser,0.1,MultiDeleteMutator,0.01,0.3,0.3,0.3,0.09000000000000008,DefaultRecombiner,0.5
1,EvoGeneratorWrapper,1,2,5,EvolutionaryStrategy,6,0.02945663593709469,0,1.2482897682036471,0.1923076923076923,0.5654728638788956,0.0,0.4905092120170593,1,0,19 > 11 > 03 > 16 > 33 > 05 > 32 > 29 > 21 > 32 > 31 > 30 > 16 > 04 > 31 > 02 > 24 > 09 > 21 > 10 > 08 > 11 > 32 > 27 > 21 > 04 > 16,33 > 01 > 02 > 03 > 04 > 05 > 07 > 09 > 08 > 10 > 11 > 12 > 06 > 13 > 14 > 13 > 14 > 13 > 14 > 13 > 14 > 14 > 24 > 25,EvolutionaryStrategy,1111,34,27,16,1,EvolutionaryStrategy,399,2.0,25.0,100.0,25.0,DefaultInitiator,RouletteWheelSelector,CutPointCrosser,0.1,MultiDeleteMutator,0.01,0.3,0.3,0.3,0.09000000000000008,DefaultRecombiner,0.5
1,EvoGeneratorWrapper,1,2,6,EvolutionaryStrategy,5,0.02901909314095974,0,1.2513484279806462,0.1923076923076923,0.568312774609569,0.0,0.490727961063385,1,0,24 > 19 > 28 > 29 > 27 > 18 > 28 > 33 > 10 > 18 > 13 > 03 > 16 > 06 > 32 > 01 > 03 > 09 > 21 > 10 > 08 > 11 > 32 > 27 > 04 > 04 > 16,33 > 01 > 02 > 03 > 04 > 05 > 07 > 09 > 08 > 10 > 11 > 12 > 06 > 13 > 14 > 13 > 14 > 13 > 14 > 13 > 14 > 14 > 24 > 25,EvolutionaryStrategy,1111,34,27,16,1,EvolutionaryStrategy,399,2.0,25.0,100.0,25.0,DefaultInitiator,RouletteWheelSelector,CutPointCrosser,0.1,MultiDeleteMutator,0.01,0.3,0.3,0.3,0.09000000000000008,DefaultRecombiner,0.5
1,EvoGeneratorWrapper,1,2,7,EvolutionaryStrategy,4,0.02980915457010269,0,1.251505898167971,0.1923076923076923,0.5688652745801427,0.0,0.4903329312801361,1,0,01 > 10 > 30 > 22 > 06 > 26 > 02 > 20 > 07 > 03 > 11 > 29 > 32 > 04 > 33 > 28 > 17 > 08 > 27 > 07 > 11 > 32 > 20 > 33 > 32 > 12 > 29,33 > 01 > 02 > 03 > 04 > 05 > 07 > 09 > 08 > 10 > 11 > 12 > 06 > 13 > 14 > 13 > 14 > 13 > 14 > 13 > 14 > 14 > 24 > 25,EvolutionaryStrategy,1111,34,27,16,1,EvolutionaryStrategy,399,2.0,25.0,100.0,25.0,DefaultInitiator,RouletteWheelSelector,CutPointCrosser,0.1,MultiDeleteMutator,0.01,0.3,0.3,0.3,0.09000000000000008,DefaultRecombiner,0.5
1,EvoGeneratorWrapper,1,2,8,EvolutionaryStrategy,3,0.02407742477953434,0,1.2537222946422444,0.1923076923076923,0.568215790326648,0.0,0.49319881200790405,1,0,30 > 23 > 31 > 16 > 04 > 30 > 26 > 04 > 17 > 04 > 03 > 03 > 08 > 06 > 32 > 03 > 01 > 09 > 21 > 10 > 08 > 11 > 26 > 32 > 23 > 17 > 27,33 > 01 > 02 > 03 > 04 > 05 > 07 > 09 > 08 > 10 > 11 > 12 > 06 > 13 > 14 > 13 > 14 > 13 > 14 > 13 > 14 > 14 > 24 > 25,EvolutionaryStrategy,1111,34,27,16,1,EvolutionaryStrategy,399,2.0,25.0,100.0,25.0,DefaultInitiator,RouletteWheelSelector,CutPointCrosser,0.1,MultiDeleteMutator,0.01,0.3,0.3,0.3,0.09000000000000008,DefaultRecombiner,0.5
1,EvoGeneratorWrapper,1,2,9,EvolutionaryStrategy,2,0.0530424602329731,0,1.2647547773465546,0.23076923076923073,0.5552692625406875,0.0,0.47871628403663635,1,0,02 > 09 > 04 > 03 > 19 > 13 > 23 > 16 > 02 > 03 > 10 > 15 > 24 > 11 > 12 > 13 > 24 > 22 > 13 > 21 > 25 > 30 > 31 > 00 > 10 > 13 > 29,33 > 01 > 02 > 03 > 04 > 05 > 07 > 09 > 08 > 10 > 11 > 12 > 06 > 13 > 14 > 13 > 14 > 13 > 14 > 13 > 14 > 14 > 24 > 25,EvolutionaryStrategy,1111,34,27,16,1,EvolutionaryStrategy,399,2.0,25.0,100.0,25.0,DefaultInitiator,RouletteWheelSelector,CutPointCrosser,0.1,MultiDeleteMutator,0.01,0.3,0.3,0.3,0.09000000000000008,DefaultRecombiner,0.5
1,EvoGeneratorWrapper,1,2,10,EvolutionaryStrategy,1,0.029543280601501465,0,1.2956968928971193,0.23076923076923073,0.574461782687581,0.0,0.4904658794403076,1,0,33 > 23 > 01 > 02 > 06 > 06 > 22 > 04 > 17 > 04 > 03 > 03 > 08 > 06 > 32 > 01 > 03 > 09 > 21 > 10 > 08 > 11 > 32 > 27 > 21 > 04 > 16,33 > 01 > 02 > 03 > 04 > 05 > 07 > 09 > 08 > 10 > 11 > 12 > 06 > 13 > 14 > 13 > 14 > 13 > 14 > 13 > 14 > 14 > 24 > 25,EvolutionaryStrategy,1111,34,27,16,1,EvolutionaryStrategy,399,2.0,25.0,100.0,25.0,DefaultInitiator,RouletteWheelSelector,CutPointCrosser,0.1,MultiDeleteMutator,0.01,0.3,0.3,0.3,0.09000000000000008,DefaultRecombiner,0.5
1,EvoGeneratorWrapper,1,3,1,EvolutionaryStrategy,10,0.029248090460896492,0,1.2021940086788265,0.23076923076923073,0.4811332420552561,0.0,0.4902915358543396,1,0,16 > 22 > 27 > 25 > 24 > 21 > 16 > 03 > 05 > 27 > 28 > 22 > 20 > 28 > 29 > 06 > 24 > 00 > 32 > 00 > 30 > 12 > 11 > 28 > 15 > 16 > 27,33 > 01 > 02 > 21 > 22 > 03 > 04 > 23 > 05 > 06 > 05 > 07 > 08 > 09 > 10 > 11 > 12 > 06 > 13 > 24 > 25 > 14,EvolutionaryStrategy,1111,34,27,16,1,EvolutionaryStrategy,399,2.0,25.0,100.0,25.0,DefaultInitiator,RouletteWheelSelector,CutPointCrosser,0.1,MultiDeleteMutator,0.01,0.3,0.3,0.3,0.09000000000000008,DefaultRecombiner,0.5
1,EvoGeneratorWrapper,1,3,2,EvolutionaryStrategy,9,0.04875776171684265,0,1.2030594123355112,0.25,0.4725227130404671,0.0,0.48053669929504395,1,0,18 > 26 > 01 > 16 > 03 > 27 > 07 > 23 > 20 > 32 > 02 > 10 > 22 > 30 > 05 > 01 > 26 > 22 > 23 > 26 > 17 > 00 > 05 > 11 > 01 > 24 > 27,33 > 01 > 02 > 21 > 22 > 03 > 04 > 23 > 05 > 06 > 05 > 07 > 08 > 09 > 10 > 11 > 12 > 06 > 13 > 24 > 25 > 14,EvolutionaryStrategy,1111,34,27,16,1,EvolutionaryStrategy,399,2.0,25.0,100.0,25.0,DefaultInitiator,RouletteWheelSelector,CutPointCrosser,0.1,MultiDeleteMutator,0.01,0.3,0.3,0.3,0.09000000000000008,DefaultRecombiner,0.5
1,EvoGeneratorWrapper,1,3,3,EvolutionaryStrategy,8,0.02964494563639164,0,1.2043940926901993,0.23076923076923073,0.4835317499290863,0.0,0.4900931119918823,1,0,29 > 33 > 00 > 11 > 16 > 01 > 19 > 28 > 12 > 02 > 09 > 09 > 15 > 04 > 12 > 19 > 26 > 22 > 23 > 03 > 30 > 12 > 11 > 28 > 15 > 16 > 27,33 > 01 > 02 > 21 > 22 > 03 > 04 > 23 > 05 > 06 > 05 > 07 > 08 > 09 > 10 > 11 > 12 > 06 > 13 > 24 > 25 > 14,EvolutionaryStrategy,1111,34,27,16,1,EvolutionaryStrategy,399,2.0,25.0,100.0,25.0,DefaultInitiator,RouletteWheelSelector,CutPointCrosser,0.1,MultiDeleteMutator,0.01,0.3,0.3,0.3,0.09000000000000008,DefaultRecombiner,0.5
1,EvoGeneratorWrapper,1,3,4,EvolutionaryStrategy,7,0.04671693965792656,0,1.2163206817989156,0.25,0.4847635509853171,0.0,0.48155713081359863,1,0,01 > 19 > 19 > 15 > 24 > 14 > 14 > 30 > 28 > 30 > 26 > 01 > 05 > 26 > 07 > 21 > 26 > 22 > 23 > 26 > 17 > 05 > 00 > 11 > 01 > 24 > 27,33 > 01 > 02 > 21 > 22 > 03 > 04 > 23 > 05 > 06 > 05 > 07 > 08 > 09 > 10 > 11 > 12 > 06 > 13 > 24 > 25 > 14,EvolutionaryStrategy,1111,34,27,16,1,EvolutionaryStrategy,399,2.0,25.0,100.0,25.0,DefaultInitiator,RouletteWheelSelector,CutPointCrosser,0.1,MultiDeleteMutator,0.01,0.3,0.3,0.3,0.09000000000000008,DefaultRecombiner,0.5
1,EvoGeneratorWrapper,1,3,5,EvolutionaryStrategy,6,0.02911986969411373,0,1.2183134684169286,0.2692307692307693,0.45872702873404136,0.0,0.4903556704521179,1,0,12 > 05 > 24 > 22 > 28 > 04 > 33 > 15 > 08 > 27 > 16 > 29 > 12 > 15 > 09 > 06 > 12 > 17 > 22 > 20 > 07 > 29 > 13 > 12 > 25 > 28 > 27,33 > 01 > 02 > 21 > 22 > 03 > 04 > 23 > 05 > 06 > 05 > 07 > 08 > 09 > 10 > 11 > 12 > 06 > 13 > 24 > 25 > 14,EvolutionaryStrategy,1111,34,27,16,1,EvolutionaryStrategy,399,2.0,25.0,100.0,25.0,DefaultInitiator,RouletteWheelSelector,CutPointCrosser,0.1,MultiDeleteMutator,0.01,0.3,0.3,0.3,0.09000000000000008,DefaultRecombiner,0.5
1,EvoGeneratorWrapper,1,3,6,EvolutionaryStrategy,5,0.029266297817230225,0,1.220694623579496,0.25,0.4804121774334845,0.0,0.49028244614601135,1,0,14 > 32 > 13 > 12 > 02 > 16 > 27 > 24 > 20 > 12 > 06 > 27 > 07 > 08 > 09 > 06 > 24 > 00 > 32 > 00 > 30 > 12 > 11 > 28 > 15 > 16 > 27,33 > 01 > 02 > 21 > 22 > 03 > 04 > 23 > 05 > 06 > 05 > 07 > 08 > 09 > 10 > 11 > 12 > 06 > 13 > 24 > 25 > 14,EvolutionaryStrategy,1111,34,27,16,1,EvolutionaryStrategy,399,2.0,25.0,100.0,25.0,DefaultInitiator,RouletteWheelSelector,CutPointCrosser,0.1,MultiDeleteMutator,0.01,0.3,0.3,0.3,0.09000000000000008,DefaultRecombiner,0.5
1,EvoGeneratorWrapper,1,3,7,EvolutionaryStrategy,4,0.029118526726961136,0,1.2245073115866365,0.2692307692307693,0.4649202162526569,0.0,0.49035632610321045,1,0,22 > 24 > 31 > 30 > 31 > 15 > 19 > 13 > 12 > 20 > 06 > 27 > 07 > 08 > 09 > 06 > 12 > 17 > 22 > 20 > 07 > 29 > 13 > 12 > 25 > 28 > 27,33 > 01 > 02 > 21 > 22 > 03 > 04 > 23 > 05 > 06 > 05 > 07 > 08 > 09 > 10 > 11 > 12 > 06 > 13 > 24 > 25 > 14,EvolutionaryStrategy,1111,34,27,16,1,EvolutionaryStrategy,399,2.0,25.0,100.0,25.0,DefaultInitiator,RouletteWheelSelector,CutPointCrosser,0.1,MultiDeleteMutator,0.01,0.3,0.3,0.3,0.09000000000000008,DefaultRecombiner,0.5
1,EvoGeneratorWrapper,1,3,8,EvolutionaryStrategy,3,0.029268480837345123,0,1.2364828559265086,0.25,0.49620151246642563,0.0,0.490281343460083,1,0,21 > 04 > 27 > 18 > 15 > 31 > 13 > 19 > 20 > 12 > 06 > 27 > 07 > 08 > 09 > 06 > 24 > 00 > 32 > 00 > 30 > 12 > 11 > 28 > 15 > 16 > 27,33 > 01 > 02 > 21 > 22 > 03 > 04 > 23 > 05 > 06 > 05 > 07 > 08 > 09 > 10 > 11 > 12 > 06 > 13 > 24 > 25 > 14,EvolutionaryStrategy,1111,34,27,16,1,EvolutionaryStrategy,399,2.0,25.0,100.0,25.0,DefaultInitiator,RouletteWheelSelector,CutPointCrosser,0.1,MultiDeleteMutator,0.01,0.3,0.3,0.3,0.09000000000000008,DefaultRecombiner,0.5
1,EvoGeneratorWrapper,1,3,9,EvolutionaryStrategy,2,0.027547068893909454,0,1.2585455264453382,0.28846153846153844,0.4789419236508379,0.0,0.49114206433296204,1,0,03 > 26 > 23 > 21 > 30 > 05 > 10 > 06 > 14 > 31 > 27 > 07 > 08 > 09 > 06 > 24 > 00 > 32 > 00 > 30 > 12 > 11 > 28 > 15 > 26 > 27,33 > 01 > 02 > 21 > 22 > 03 > 04 > 23 > 05 > 06 > 05 > 07 > 08 > 09 > 10 > 11 > 12 > 06 > 13 > 24 > 25 > 14,EvolutionaryStrategy,1111,34,27,16,1,EvolutionaryStrategy,399,2.0,25.0,100.0,25.0,DefaultInitiator,RouletteWheelSelector,CutPointCrosser,0.1,MultiDeleteMutator,0.01,0.3,0.3,0.3,0.09000000000000008,DefaultRecombiner,0.5
1,EvoGeneratorWrapper,1,3,10,EvolutionaryStrategy,1,0.029267584905028343,0,1.2646397804562777,0.2692307692307693,0.5051272207305895,0.0,0.4902817904949188,1,0,19 > 08 > 08 > 23 > 22 > 10 > 06 > 03 > 19 > 06 > 23 > 27 > 08 > 07 > 09 > 06 > 24 > 00 > 32 > 00 > 30 > 12 > 11 > 28 > 15 > 16 > 27,33 > 01 > 02 > 21 > 22 > 03 > 04 > 23 > 05 > 06 > 05 > 07 > 08 > 09 > 10 > 11 > 12 > 06 > 13 > 24 > 25 > 14,EvolutionaryStrategy,1111,34,27,16,1,EvolutionaryStrategy,399,2.0,25.0,100.0,25.0,DefaultInitiator,RouletteWheelSelector,CutPointCrosser,0.1,MultiDeleteMutator,0.01,0.3,0.3,0.3,0.09000000000000008,DefaultRecombiner,0.5
