,model_name,instance_num,likelihood,outcome,viability,use_sparcity,use_similarity,use_dllh,use_ollh,mask_round
0,SimpleEvoGeneratorWrapper_top5_0001,0,0.45948383,0,0.24107801914215088,False,False,False,True,0
1,SimpleEvoGeneratorWrapper_top5_0001,0,0.45948383,0,0.24107801914215088,False,False,False,True,0
2,SimpleEvoGeneratorWrapper_top5_0001,0,0.45948383,0,0.24107801914215088,False,False,False,True,0
3,SimpleEvoGeneratorWrapper_top5_0001,0,0.45948383,0,0.24107801914215088,False,False,False,True,0
4,SimpleEvoGeneratorWrapper_top5_0001,0,0.45948383,0,0.24107801914215088,False,False,False,True,0
5,SimpleEvoGeneratorWrapper_top5_0001,1,0.5461286,1,0.22405415773391724,False,False,False,True,0
6,SimpleEvoGeneratorWrapper_top5_0001,1,0.5461286,1,0.22405415773391724,False,False,False,True,0
7,SimpleEvoGeneratorWrapper_top5_0001,1,0.5461286,1,0.22405415773391724,False,False,False,True,0
8,SimpleEvoGeneratorWrapper_top5_0001,1,0.5461286,1,0.22405415773391724,False,False,False,True,0
9,SimpleEvoGeneratorWrapper_top5_0001,1,0.5461286,1,0.22405415773391724,False,False,False,True,0
10,SimpleEvoGeneratorWrapper_top5_0001,2,0.466443,0,0.23407000303268433,False,False,False,True,0
11,SimpleEvoGeneratorWrapper_top5_0001,2,0.466443,0,0.23407000303268433,False,False,False,True,0
12,SimpleEvoGeneratorWrapper_top5_0001,2,0.466443,0,0.23407000303268433,False,False,False,True,0
13,SimpleEvoGeneratorWrapper_top5_0001,2,0.466443,0,0.23407000303268433,False,False,False,True,0
14,SimpleEvoGeneratorWrapper_top5_0001,2,0.466443,0,0.23407000303268433,False,False,False,True,0
15,CaseBasedGeneratorWrapper_top5_0001,0,0.22050458,0,0.0020987391471862793,False,False,False,True,0
16,CaseBasedGeneratorWrapper_top5_0001,0,0.2208692,0,0.0024633407592773438,False,False,False,True,0
17,CaseBasedGeneratorWrapper_top5_0001,0,0.22241308,0,0.004007220268249512,False,False,False,True,0
18,CaseBasedGeneratorWrapper_top5_0001,0,0.22733375,0,0.00892794132232666,False,False,False,True,0
19,CaseBasedGeneratorWrapper_top5_0001,0,0.2314959,0,0.013090074062347412,False,False,False,True,0
20,CaseBasedGeneratorWrapper_top5_0001,1,0.22050458,0,-0.009312689304351807,False,False,False,True,0
21,CaseBasedGeneratorWrapper_top5_0001,1,0.2208692,0,-0.008948087692260742,False,False,False,True,0
22,CaseBasedGeneratorWrapper_top5_0001,1,0.22241308,0,-0.007404208183288574,False,False,False,True,0
23,CaseBasedGeneratorWrapper_top5_0001,1,0.22733375,0,-0.0024834871292114258,False,False,False,True,0
24,CaseBasedGeneratorWrapper_top5_0001,1,0.2314959,0,0.0016786456108093262,False,False,False,True,0
25,CaseBasedGeneratorWrapper_top5_0001,2,0.22050458,0,-0.011868417263031006,False,False,False,True,0
26,CaseBasedGeneratorWrapper_top5_0001,2,0.2208692,0,-0.011503815650939941,False,False,False,True,0
27,CaseBasedGeneratorWrapper_top5_0001,2,0.22241308,0,-0.009959936141967773,False,False,False,True,0
28,CaseBasedGeneratorWrapper_top5_0001,2,0.22733375,0,-0.005039215087890625,False,False,False,True,0
29,CaseBasedGeneratorWrapper_top5_0001,2,0.2314959,0,-0.000877082347869873,False,False,False,True,0
30,RandomGeneratorWrapper_top5_0001,0,0.49557945,0,0.27717363834381104,False,False,False,True,0
31,RandomGeneratorWrapper_top5_0001,0,0.50414586,1,0.27744829654693604,False,False,False,True,0
32,RandomGeneratorWrapper_top5_0001,0,0.5023098,1,0.27928435802459717,False,False,False,True,0
33,RandomGeneratorWrapper_top5_0001,0,0.50166076,1,0.2799333930015564,False,False,False,True,0
34,RandomGeneratorWrapper_top5_0001,0,0.49836487,0,0.2799590229988098,False,False,False,True,0
35,RandomGeneratorWrapper_top5_0001,1,0.49726123,0,0.2674439549446106,False,False,False,True,0
36,RandomGeneratorWrapper_top5_0001,1,0.49828288,0,0.26846563816070557,False,False,False,True,0
37,RandomGeneratorWrapper_top5_0001,1,0.50153977,1,0.26864296197891235,False,False,False,True,0
38,RandomGeneratorWrapper_top5_0001,1,0.49889773,0,0.2690804600715637,False,False,False,True,0
39,RandomGeneratorWrapper_top5_0001,1,0.49893868,0,0.2691214084625244,False,False,False,True,0
40,RandomGeneratorWrapper_top5_0001,2,0.50298655,1,0.2646404504776001,False,False,False,True,0
41,RandomGeneratorWrapper_top5_0001,2,0.49725556,0,0.26488256454467773,False,False,False,True,0
42,RandomGeneratorWrapper_top5_0001,2,0.5014597,1,0.2661672830581665,False,False,False,True,0
43,RandomGeneratorWrapper_top5_0001,2,0.5009429,1,0.2666841149330139,False,False,False,True,0
44,RandomGeneratorWrapper_top5_0001,2,0.5004888,1,0.26713818311691284,False,False,False,True,0
45,SimpleVAEGeneratorWrapper_top5_0001,0,0.48548034,0,0.26707446575164795,False,False,False,True,0
46,SimpleVAEGeneratorWrapper_top5_0001,0,0.48571977,0,0.26731395721435547,False,False,False,True,0
47,SimpleVAEGeneratorWrapper_top5_0001,0,0.5103567,1,0.27123743295669556,False,False,False,True,0
48,SimpleVAEGeneratorWrapper_top5_0001,0,0.49128345,0,0.27287757396698,False,False,False,True,0
49,SimpleVAEGeneratorWrapper_top5_0001,0,0.49792156,0,0.27951574325561523,False,False,False,True,0
50,SimpleVAEGeneratorWrapper_top5_0001,1,0.47087473,0,0.24105745553970337,False,False,False,True,0
51,SimpleVAEGeneratorWrapper_top5_0001,1,0.47439966,0,0.2445824146270752,False,False,False,True,0
52,SimpleVAEGeneratorWrapper_top5_0001,1,0.51919514,1,0.25098758935928345,False,False,False,True,0
53,SimpleVAEGeneratorWrapper_top5_0001,1,0.48446694,0,0.25464963912963867,False,False,False,True,0
54,SimpleVAEGeneratorWrapper_top5_0001,1,0.49989644,0,0.2700791358947754,False,False,False,True,0
55,SimpleVAEGeneratorWrapper_top5_0001,2,0.4867773,0,0.25440430641174316,False,False,False,True,0
56,SimpleVAEGeneratorWrapper_top5_0001,2,0.48923618,0,0.25686317682266235,False,False,False,True,0
57,SimpleVAEGeneratorWrapper_top5_0001,2,0.49209478,0,0.2597217559814453,False,False,False,True,0
58,SimpleVAEGeneratorWrapper_top5_0001,2,0.49752808,0,0.2651550769805908,False,False,False,True,0
59,SimpleVAEGeneratorWrapper_top5_0001,2,0.49876103,0,0.26638805866241455,False,False,False,True,0
0,SimpleEvoGeneratorWrapper_top5_0010,0,0.37888956,0,0.0,False,False,True,False,1
1,SimpleEvoGeneratorWrapper_top5_0010,0,0.37888956,0,0.0,False,False,True,False,1
2,SimpleEvoGeneratorWrapper_top5_0010,0,0.37888956,0,0.0,False,False,True,False,1
3,SimpleEvoGeneratorWrapper_top5_0010,0,0.37888956,0,0.0,False,False,True,False,1
4,SimpleEvoGeneratorWrapper_top5_0010,0,0.37888956,0,0.0,False,False,True,False,1
5,SimpleEvoGeneratorWrapper_top5_0010,1,0.42192227,0,0.0,False,False,True,False,1
6,SimpleEvoGeneratorWrapper_top5_0010,1,0.42192227,0,0.0,False,False,True,False,1
7,SimpleEvoGeneratorWrapper_top5_0010,1,0.42192227,0,0.0,False,False,True,False,1
8,SimpleEvoGeneratorWrapper_top5_0010,1,0.42192227,0,0.0,False,False,True,False,1
9,SimpleEvoGeneratorWrapper_top5_0010,1,0.42192227,0,0.0,False,False,True,False,1
10,SimpleEvoGeneratorWrapper_top5_0010,2,0.51802766,1,0.0,False,False,True,False,1
11,SimpleEvoGeneratorWrapper_top5_0010,2,0.51802766,1,0.0,False,False,True,False,1
12,SimpleEvoGeneratorWrapper_top5_0010,2,0.51802766,1,0.0,False,False,True,False,1
13,SimpleEvoGeneratorWrapper_top5_0010,2,0.51802766,1,0.0,False,False,True,False,1
14,SimpleEvoGeneratorWrapper_top5_0010,2,0.51802766,1,0.0,False,False,True,False,1
15,CaseBasedGeneratorWrapper_top5_0010,0,0.22241308,0,1.0104621625751872e-12,False,False,True,False,1
16,CaseBasedGeneratorWrapper_top5_0010,0,0.2208692,0,1.8160284074974923e-12,False,False,True,False,1
17,CaseBasedGeneratorWrapper_top5_0010,0,0.2314959,0,5.860843744541396e-10,False,False,True,False,1
18,CaseBasedGeneratorWrapper_top5_0010,0,0.21797583,0,3.6689047971921844e-08,False,False,True,False,1
19,CaseBasedGeneratorWrapper_top5_0010,0,0.22733375,0,2.445097491157577e-07,False,False,True,False,1
20,CaseBasedGeneratorWrapper_top5_0010,1,0.22241308,0,1.0104621625751872e-12,False,False,True,False,1
21,CaseBasedGeneratorWrapper_top5_0010,1,0.2208692,0,1.8160284074974923e-12,False,False,True,False,1
22,CaseBasedGeneratorWrapper_top5_0010,1,0.2314959,0,5.860843744541396e-10,False,False,True,False,1
23,CaseBasedGeneratorWrapper_top5_0010,1,0.21797583,0,3.6689047971921844e-08,False,False,True,False,1
24,CaseBasedGeneratorWrapper_top5_0010,1,0.22733375,0,2.445097491157577e-07,False,False,True,False,1
25,CaseBasedGeneratorWrapper_top5_0010,2,0.22241308,0,1.0104621625751872e-12,False,False,True,False,1
26,CaseBasedGeneratorWrapper_top5_0010,2,0.2208692,0,1.8160284074974923e-12,False,False,True,False,1
27,CaseBasedGeneratorWrapper_top5_0010,2,0.2314959,0,5.860843744541396e-10,False,False,True,False,1
28,CaseBasedGeneratorWrapper_top5_0010,2,0.21797583,0,3.6689047971921844e-08,False,False,True,False,1
29,CaseBasedGeneratorWrapper_top5_0010,2,0.22733375,0,2.445097491157577e-07,False,False,True,False,1
30,RandomGeneratorWrapper_top5_0010,0,0.346143,0,0.0,False,False,True,False,1
31,RandomGeneratorWrapper_top5_0010,0,0.29770893,0,0.0,False,False,True,False,1
32,RandomGeneratorWrapper_top5_0010,0,0.5629051,1,0.0,False,False,True,False,1
33,RandomGeneratorWrapper_top5_0010,0,0.37956774,0,0.0,False,False,True,False,1
34,RandomGeneratorWrapper_top5_0010,0,0.31328756,0,0.0,False,False,True,False,1
35,RandomGeneratorWrapper_top5_0010,1,0.21086653,0,0.0,False,False,True,False,1
36,RandomGeneratorWrapper_top5_0010,1,0.40456104,0,0.0,False,False,True,False,1
37,RandomGeneratorWrapper_top5_0010,1,0.38045076,0,0.0,False,False,True,False,1
38,RandomGeneratorWrapper_top5_0010,1,0.38392705,0,0.0,False,False,True,False,1
39,RandomGeneratorWrapper_top5_0010,1,0.6836948,1,0.0,False,False,True,False,1
40,RandomGeneratorWrapper_top5_0010,2,0.31545457,0,0.0,False,False,True,False,1
41,RandomGeneratorWrapper_top5_0010,2,0.38102043,0,0.0,False,False,True,False,1
42,RandomGeneratorWrapper_top5_0010,2,0.1927403,0,0.0,False,False,True,False,1
43,RandomGeneratorWrapper_top5_0010,2,0.38009116,0,0.0,False,False,True,False,1
44,RandomGeneratorWrapper_top5_0010,2,0.30010355,0,0.0,False,False,True,False,1
45,SimpleVAEGeneratorWrapper_top5_0010,0,0.237056,0,5.5736950526635896e-14,False,False,True,False,1
46,SimpleVAEGeneratorWrapper_top5_0010,0,0.23461126,0,4.1802726102189224e-12,False,False,True,False,1
47,SimpleVAEGeneratorWrapper_top5_0010,0,0.2363194,0,5.575992706482236e-12,False,False,True,False,1
48,SimpleVAEGeneratorWrapper_top5_0010,0,0.24011317,0,3.2685832997041043e-11,False,False,True,False,1
49,SimpleVAEGeneratorWrapper_top5_0010,0,0.2392642,0,5.4109717579792094e-11,False,False,True,False,1
50,SimpleVAEGeneratorWrapper_top5_0010,1,0.2401617,0,2.1173477099247859e-13,False,False,True,False,1
51,SimpleVAEGeneratorWrapper_top5_0010,1,0.23544665,0,2.076426765440383e-12,False,False,True,False,1
52,SimpleVAEGeneratorWrapper_top5_0010,1,0.23997542,0,3.0921850179349845e-12,False,False,True,False,1
53,SimpleVAEGeneratorWrapper_top5_0010,1,0.23458485,0,6.1913378642621505e-12,False,False,True,False,1
54,SimpleVAEGeneratorWrapper_top5_0010,1,0.23662564,0,2.71202536381107e-10,False,False,True,False,1
55,SimpleVAEGeneratorWrapper_top5_0010,2,0.23906669,0,6.542801035706374e-13,False,False,True,False,1
56,SimpleVAEGeneratorWrapper_top5_0010,2,0.23747931,0,1.8880976250277403e-12,False,False,True,False,1
57,SimpleVAEGeneratorWrapper_top5_0010,2,0.24183762,0,1.5674405856553246e-11,False,False,True,False,1
58,SimpleVAEGeneratorWrapper_top5_0010,2,0.2377587,0,2.5020613671304798e-11,False,False,True,False,1
59,SimpleVAEGeneratorWrapper_top5_0010,2,0.23916177,0,4.247096141782025e-10,False,False,True,False,1
0,SimpleEvoGeneratorWrapper_top5_0011,0,0.37523338,0,0.15682756900787354,False,False,True,True,2
1,SimpleEvoGeneratorWrapper_top5_0011,0,0.37523338,0,0.15682756900787354,False,False,True,True,2
2,SimpleEvoGeneratorWrapper_top5_0011,0,0.37523338,0,0.15682756900787354,False,False,True,True,2
3,SimpleEvoGeneratorWrapper_top5_0011,0,0.37523338,0,0.15682756900787354,False,False,True,True,2
4,SimpleEvoGeneratorWrapper_top5_0011,0,0.37523338,0,0.15682756900787354,False,False,True,True,2
5,SimpleEvoGeneratorWrapper_top5_0011,1,0.2522202,0,0.022402942180633545,False,False,True,True,2
6,SimpleEvoGeneratorWrapper_top5_0011,1,0.2522202,0,0.022402942180633545,False,False,True,True,2
7,SimpleEvoGeneratorWrapper_top5_0011,1,0.2522202,0,0.022402942180633545,False,False,True,True,2
8,SimpleEvoGeneratorWrapper_top5_0011,1,0.2522202,0,0.022402942180633545,False,False,True,True,2
9,SimpleEvoGeneratorWrapper_top5_0011,1,0.2522202,0,0.022402942180633545,False,False,True,True,2
10,SimpleEvoGeneratorWrapper_top5_0011,2,0.36075634,0,0.1283833384513855,False,False,True,True,2
11,SimpleEvoGeneratorWrapper_top5_0011,2,0.36075634,0,0.1283833384513855,False,False,True,True,2
12,SimpleEvoGeneratorWrapper_top5_0011,2,0.36075634,0,0.1283833384513855,False,False,True,True,2
13,SimpleEvoGeneratorWrapper_top5_0011,2,0.36075634,0,0.1283833384513855,False,False,True,True,2
14,SimpleEvoGeneratorWrapper_top5_0011,2,0.36075634,0,0.1283833384513855,False,False,True,True,2
15,CaseBasedGeneratorWrapper_top5_0011,0,0.22050458,0,0.002098739147340583,False,False,True,True,2
16,CaseBasedGeneratorWrapper_top5_0011,0,0.2208692,0,0.002463340761093372,False,False,True,True,2
17,CaseBasedGeneratorWrapper_top5_0011,0,0.22241308,0,0.004007220269259974,False,False,True,True,2
18,CaseBasedGeneratorWrapper_top5_0011,0,0.22733375,0,0.008928185832075776,False,False,True,True,2
19,CaseBasedGeneratorWrapper_top5_0011,0,0.2314959,0,0.013090074648431786,False,False,True,True,2
20,CaseBasedGeneratorWrapper_top5_0011,1,0.22050458,0,-0.009312689304197503,False,False,True,True,2
21,CaseBasedGeneratorWrapper_top5_0011,1,0.2208692,0,-0.008948087690444714,False,False,True,True,2
22,CaseBasedGeneratorWrapper_top5_0011,1,0.22241308,0,-0.007404208182278112,False,False,True,True,2
23,CaseBasedGeneratorWrapper_top5_0011,1,0.22733375,0,-0.00248324261946231,False,False,True,True,2
24,CaseBasedGeneratorWrapper_top5_0011,1,0.2314959,0,0.0016786461968937006,False,False,True,True,2
25,CaseBasedGeneratorWrapper_top5_0011,2,0.22050458,0,-0.011868417262876702,False,False,True,True,2
26,CaseBasedGeneratorWrapper_top5_0011,2,0.2208692,0,-0.011503815649123913,False,False,True,True,2
27,CaseBasedGeneratorWrapper_top5_0011,2,0.22241308,0,-0.009959936140957311,False,False,True,True,2
28,CaseBasedGeneratorWrapper_top5_0011,2,0.22733375,0,-0.005038970578141509,False,False,True,True,2
29,CaseBasedGeneratorWrapper_top5_0011,2,0.2314959,0,-0.0008770817617854985,False,False,True,True,2
30,RandomGeneratorWrapper_top5_0011,0,0.5012226,1,0.2803715467453003,False,False,True,True,2
31,RandomGeneratorWrapper_top5_0011,0,0.5008805,1,0.28071367740631104,False,False,True,True,2
32,RandomGeneratorWrapper_top5_0011,0,0.49930978,0,0.2809039354324341,False,False,True,True,2
33,RandomGeneratorWrapper_top5_0011,0,0.4998185,0,0.28141266107559204,False,False,True,True,2
34,RandomGeneratorWrapper_top5_0011,0,0.50003153,1,0.2815626263618469,False,False,True,True,2
35,RandomGeneratorWrapper_top5_0011,1,0.5025705,1,0.2676122188568115,False,False,True,True,2
36,RandomGeneratorWrapper_top5_0011,1,0.50128955,1,0.26889318227767944,False,False,True,True,2
37,RandomGeneratorWrapper_top5_0011,1,0.49877486,0,0.26895761489868164,False,False,True,True,2
38,RandomGeneratorWrapper_top5_0011,1,0.49884325,0,0.269025981426239,False,False,True,True,2
39,RandomGeneratorWrapper_top5_0011,1,0.4995411,0,0.2697238326072693,False,False,True,True,2
40,RandomGeneratorWrapper_top5_0011,2,0.49863374,0,0.2662607431411743,False,False,True,True,2
41,RandomGeneratorWrapper_top5_0011,2,0.5012691,1,0.2663578987121582,False,False,True,True,2
42,RandomGeneratorWrapper_top5_0011,2,0.5008617,1,0.266765296459198,False,False,True,True,2
43,RandomGeneratorWrapper_top5_0011,2,0.4993834,0,0.2670103907585144,False,False,True,True,2
44,RandomGeneratorWrapper_top5_0011,2,0.5002487,1,0.2673783302307129,False,False,True,True,2
45,SimpleVAEGeneratorWrapper_top5_0011,0,0.48338598,0,0.26498013734817505,False,False,True,True,2
46,SimpleVAEGeneratorWrapper_top5_0011,0,0.48569435,0,0.2672885060310364,False,False,True,True,2
47,SimpleVAEGeneratorWrapper_top5_0011,0,0.49242932,0,0.27402347326278687,False,False,True,True,2
48,SimpleVAEGeneratorWrapper_top5_0011,0,0.5066862,1,0.2749079465866089,False,False,True,True,2
49,SimpleVAEGeneratorWrapper_top5_0011,0,0.49335572,0,0.27494990825653076,False,False,True,True,2
50,SimpleVAEGeneratorWrapper_top5_0011,1,0.5076141,1,0.2625686526298523,False,False,True,True,2
51,SimpleVAEGeneratorWrapper_top5_0011,1,0.49471453,0,0.2648972272872925,False,False,True,True,2
52,SimpleVAEGeneratorWrapper_top5_0011,1,0.49768806,0,0.26787078380584717,False,False,True,True,2
53,SimpleVAEGeneratorWrapper_top5_0011,1,0.49775764,0,0.2679404020309448,False,False,True,True,2
54,SimpleVAEGeneratorWrapper_top5_0011,1,0.49907333,0,0.269256055355072,False,False,True,True,2
55,SimpleVAEGeneratorWrapper_top5_0011,2,0.48982215,0,0.2574491500854492,False,False,True,True,2
56,SimpleVAEGeneratorWrapper_top5_0011,2,0.49143887,0,0.2590658664703369,False,False,True,True,2
57,SimpleVAEGeneratorWrapper_top5_0011,2,0.49345803,0,0.26108503341674805,False,False,True,True,2
58,SimpleVAEGeneratorWrapper_top5_0011,2,0.49885416,0,0.2664811611175537,False,False,True,True,2
59,SimpleVAEGeneratorWrapper_top5_0011,2,0.5006479,1,0.2669790983200073,False,False,True,True,2
0,SimpleEvoGeneratorWrapper_top5_0100,0,0.23493153,0,0.3242701067606185,False,True,False,False,3
1,SimpleEvoGeneratorWrapper_top5_0100,0,0.23493153,0,0.3242701067606185,False,True,False,False,3
2,SimpleEvoGeneratorWrapper_top5_0100,0,0.23493153,0,0.3242701067606185,False,True,False,False,3
3,SimpleEvoGeneratorWrapper_top5_0100,0,0.23493153,0,0.3242701067606185,False,True,False,False,3
4,SimpleEvoGeneratorWrapper_top5_0100,0,0.23493153,0,0.3242701067606185,False,True,False,False,3
5,SimpleEvoGeneratorWrapper_top5_0100,1,0.34823385,0,0.5729823442742296,False,True,False,False,3
6,SimpleEvoGeneratorWrapper_top5_0100,1,0.34823385,0,0.5729823442742296,False,True,False,False,3
7,SimpleEvoGeneratorWrapper_top5_0100,1,0.34823385,0,0.5729823442742296,False,True,False,False,3
8,SimpleEvoGeneratorWrapper_top5_0100,1,0.34823385,0,0.5729823442742296,False,True,False,False,3
9,SimpleEvoGeneratorWrapper_top5_0100,1,0.34823385,0,0.5729823442742296,False,True,False,False,3
10,SimpleEvoGeneratorWrapper_top5_0100,2,0.2472137,0,0.48129118080160904,False,True,False,False,3
11,SimpleEvoGeneratorWrapper_top5_0100,2,0.2472137,0,0.48129118080160904,False,True,False,False,3
12,SimpleEvoGeneratorWrapper_top5_0100,2,0.2472137,0,0.48129118080160904,False,True,False,False,3
13,SimpleEvoGeneratorWrapper_top5_0100,2,0.2472137,0,0.48129118080160904,False,True,False,False,3
14,SimpleEvoGeneratorWrapper_top5_0100,2,0.2472137,0,0.48129118080160904,False,True,False,False,3
15,CaseBasedGeneratorWrapper_top5_0100,0,0.22241308,0,0.5930266949674597,False,True,False,False,3
16,CaseBasedGeneratorWrapper_top5_0100,0,0.2314959,0,0.5959800519448956,False,True,False,False,3
17,CaseBasedGeneratorWrapper_top5_0100,0,0.22733375,0,0.6212835576067977,False,True,False,False,3
18,CaseBasedGeneratorWrapper_top5_0100,0,0.22020298,0,0.6917648077826692,False,True,False,False,3
19,CaseBasedGeneratorWrapper_top5_0100,0,0.21720387,0,0.6998839494882616,False,True,False,False,3
20,CaseBasedGeneratorWrapper_top5_0100,1,0.22050458,0,0.5851107123786756,False,True,False,False,3
21,CaseBasedGeneratorWrapper_top5_0100,1,0.22733375,0,0.6423069220445294,False,True,False,False,3
22,CaseBasedGeneratorWrapper_top5_0100,1,0.21720387,0,0.6488311886906946,False,True,False,False,3
23,CaseBasedGeneratorWrapper_top5_0100,1,0.22020298,0,0.6525529590083378,False,True,False,False,3
24,CaseBasedGeneratorWrapper_top5_0100,1,0.2314959,0,0.6597672486616173,False,True,False,False,3
25,CaseBasedGeneratorWrapper_top5_0100,2,0.2208692,0,0.6360913571711623,False,True,False,False,3
26,CaseBasedGeneratorWrapper_top5_0100,2,0.22241308,0,0.6367472337740584,False,True,False,False,3
27,CaseBasedGeneratorWrapper_top5_0100,2,0.21797583,0,0.6449364320031118,False,True,False,False,3
28,CaseBasedGeneratorWrapper_top5_0100,2,0.2314959,0,0.8534113026265986,False,True,False,False,3
29,CaseBasedGeneratorWrapper_top5_0100,2,0.22733375,0,0.8676025110449056,False,True,False,False,3
30,RandomGeneratorWrapper_top5_0100,0,0.40297028,0,0.5418711011078993,False,True,False,False,3
31,RandomGeneratorWrapper_top5_0100,0,0.1762336,0,0.5504627044083474,False,True,False,False,3
32,RandomGeneratorWrapper_top5_0100,0,0.33956245,0,0.5618923913845582,False,True,False,False,3
33,RandomGeneratorWrapper_top5_0100,0,0.45804432,0,0.5623242436200065,False,True,False,False,3
34,RandomGeneratorWrapper_top5_0100,0,0.38828635,0,0.5847167142822838,False,True,False,False,3
35,RandomGeneratorWrapper_top5_0100,1,0.42772755,0,0.5806329855089352,False,True,False,False,3
36,RandomGeneratorWrapper_top5_0100,1,0.53024167,1,0.5893149999157413,False,True,False,False,3
37,RandomGeneratorWrapper_top5_0100,1,0.5459827,1,0.6002756323762424,False,True,False,False,3
38,RandomGeneratorWrapper_top5_0100,1,0.41971287,0,0.6117528969307122,False,True,False,False,3
39,RandomGeneratorWrapper_top5_0100,1,0.18627876,0,0.6122157836799843,False,True,False,False,3
40,RandomGeneratorWrapper_top5_0100,2,0.41298926,0,0.5510906745013437,False,True,False,False,3
41,RandomGeneratorWrapper_top5_0100,2,0.54666835,1,0.5515254232651394,False,True,False,False,3
42,RandomGeneratorWrapper_top5_0100,2,0.27134478,0,0.5665803927053754,False,True,False,False,3
43,RandomGeneratorWrapper_top5_0100,2,0.58965236,1,0.5775209338309055,False,True,False,False,3
44,RandomGeneratorWrapper_top5_0100,2,0.42594758,0,0.58318816917918,False,True,False,False,3
45,SimpleVAEGeneratorWrapper_top5_0100,0,0.24788058,0,0.5466451689943994,False,True,False,False,3
46,SimpleVAEGeneratorWrapper_top5_0100,0,0.24478215,0,0.5470945777721362,False,True,False,False,3
47,SimpleVAEGeneratorWrapper_top5_0100,0,0.24725196,0,0.5483457118385104,False,True,False,False,3
48,SimpleVAEGeneratorWrapper_top5_0100,0,0.24568489,0,0.5497567496744435,False,True,False,False,3
49,SimpleVAEGeneratorWrapper_top5_0100,0,0.24587892,0,0.5508668491204755,False,True,False,False,3
50,SimpleVAEGeneratorWrapper_top5_0100,1,0.24283798,0,0.629312459258582,False,True,False,False,3
51,SimpleVAEGeneratorWrapper_top5_0100,1,0.32900763,0,0.6317313281776545,False,True,False,False,3
52,SimpleVAEGeneratorWrapper_top5_0100,1,0.27300617,0,0.6409335426433362,False,True,False,False,3
53,SimpleVAEGeneratorWrapper_top5_0100,1,0.2749773,0,0.659097410285227,False,True,False,False,3
54,SimpleVAEGeneratorWrapper_top5_0100,1,0.24262226,0,0.664186722963039,False,True,False,False,3
55,SimpleVAEGeneratorWrapper_top5_0100,2,0.2506445,0,0.6368283544247832,False,True,False,False,3
56,SimpleVAEGeneratorWrapper_top5_0100,2,0.24486898,0,0.6453117032242586,False,True,False,False,3
57,SimpleVAEGeneratorWrapper_top5_0100,2,0.24261619,0,0.6502858918844967,False,True,False,False,3
58,SimpleVAEGeneratorWrapper_top5_0100,2,0.24111974,0,0.6949330120384414,False,True,False,False,3
59,SimpleVAEGeneratorWrapper_top5_0100,2,0.241773,0,0.7212266041773192,False,True,False,False,3
0,SimpleEvoGeneratorWrapper_top5_0101,0,0.39564353,0,0.5536946210179577,False,True,False,True,4
1,SimpleEvoGeneratorWrapper_top5_0101,0,0.39564353,0,0.5536946210179577,False,True,False,True,4
2,SimpleEvoGeneratorWrapper_top5_0101,0,0.39564353,0,0.5536946210179577,False,True,False,True,4
3,SimpleEvoGeneratorWrapper_top5_0101,0,0.39564353,0,0.5536946210179577,False,True,False,True,4
4,SimpleEvoGeneratorWrapper_top5_0101,0,0.39564353,0,0.5536946210179577,False,True,False,True,4
5,SimpleEvoGeneratorWrapper_top5_0101,1,0.31810546,0,0.811346931387927,False,True,False,True,4
6,SimpleEvoGeneratorWrapper_top5_0101,1,0.31810546,0,0.811346931387927,False,True,False,True,4
7,SimpleEvoGeneratorWrapper_top5_0101,1,0.31810546,0,0.811346931387927,False,True,False,True,4
8,SimpleEvoGeneratorWrapper_top5_0101,1,0.31810546,0,0.811346931387927,False,True,False,True,4
9,SimpleEvoGeneratorWrapper_top5_0101,1,0.31810546,0,0.811346931387927,False,True,False,True,4
10,SimpleEvoGeneratorWrapper_top5_0101,2,0.359461,0,0.6807832142489565,False,True,False,True,4
11,SimpleEvoGeneratorWrapper_top5_0101,2,0.359461,0,0.6807832142489565,False,True,False,True,4
12,SimpleEvoGeneratorWrapper_top5_0101,2,0.359461,0,0.6807832142489565,False,True,False,True,4
13,SimpleEvoGeneratorWrapper_top5_0101,2,0.359461,0,0.6807832142489565,False,True,False,True,4
14,SimpleEvoGeneratorWrapper_top5_0101,2,0.359461,0,0.6807832142489565,False,True,False,True,4
15,CaseBasedGeneratorWrapper_top5_0101,0,0.22241308,0,0.5970339152357093,False,True,False,True,4
16,CaseBasedGeneratorWrapper_top5_0101,0,0.2314959,0,0.609070126007243,False,True,False,True,4
17,CaseBasedGeneratorWrapper_top5_0101,0,0.22733375,0,0.6302114989291243,False,True,False,True,4
18,CaseBasedGeneratorWrapper_top5_0101,0,0.22020298,0,0.693561947427292,False,True,False,True,4
19,CaseBasedGeneratorWrapper_top5_0101,0,0.21720387,0,0.6986819622217211,False,True,False,True,4
20,CaseBasedGeneratorWrapper_top5_0101,1,0.22050458,0,0.5757980230743238,False,True,False,True,4
21,CaseBasedGeneratorWrapper_top5_0101,1,0.21720387,0,0.636217772972616,False,True,False,True,4
22,CaseBasedGeneratorWrapper_top5_0101,1,0.22733375,0,0.639823434915318,False,True,False,True,4
23,CaseBasedGeneratorWrapper_top5_0101,1,0.22020298,0,0.6429386702014225,False,True,False,True,4
24,CaseBasedGeneratorWrapper_top5_0101,1,0.2314959,0,0.6614458942724266,False,True,False,True,4
25,CaseBasedGeneratorWrapper_top5_0101,2,0.2208692,0,0.6245875415202223,False,True,False,True,4
26,CaseBasedGeneratorWrapper_top5_0101,2,0.22241308,0,0.6267872976320906,False,True,False,True,4
27,CaseBasedGeneratorWrapper_top5_0101,2,0.21797583,0,0.6305392876854848,False,True,False,True,4
28,CaseBasedGeneratorWrapper_top5_0101,2,0.2314959,0,0.8525342202787287,False,True,False,True,4
29,CaseBasedGeneratorWrapper_top5_0101,2,0.22733375,0,0.862563295957015,False,True,False,True,4
30,RandomGeneratorWrapper_top5_0101,0,0.5328152,1,0.7501406916104432,False,True,False,True,4
31,RandomGeneratorWrapper_top5_0101,0,0.42000514,0,0.7621674624485768,False,True,False,True,4
32,RandomGeneratorWrapper_top5_0101,0,0.4119248,0,0.7658571800050495,False,True,False,True,4
33,RandomGeneratorWrapper_top5_0101,0,0.53340864,1,0.776581674613325,False,True,False,True,4
34,RandomGeneratorWrapper_top5_0101,0,0.5305637,1,0.801017250327724,False,True,False,True,4
35,RandomGeneratorWrapper_top5_0101,1,0.42092317,0,0.7466443556874012,False,True,False,True,4
36,RandomGeneratorWrapper_top5_0101,1,0.49389192,0,0.7540850072910088,False,True,False,True,4
37,RandomGeneratorWrapper_top5_0101,1,0.49623093,0,0.769346082343905,False,True,False,True,4
38,RandomGeneratorWrapper_top5_0101,1,0.49333712,0,0.7817455829656512,False,True,False,True,4
39,RandomGeneratorWrapper_top5_0101,1,0.51228446,1,0.784193701818095,False,True,False,True,4
40,RandomGeneratorWrapper_top5_0101,2,0.5591412,1,0.7750611260422471,False,True,False,True,4
41,RandomGeneratorWrapper_top5_0101,2,0.5440097,1,0.7866522574112778,False,True,False,True,4
42,RandomGeneratorWrapper_top5_0101,2,0.52737916,1,0.8023388062376275,False,True,False,True,4
43,RandomGeneratorWrapper_top5_0101,2,0.48018405,0,0.8045054227142179,False,True,False,True,4
44,RandomGeneratorWrapper_top5_0101,2,0.5007407,1,0.847359745252882,False,True,False,True,4
45,SimpleVAEGeneratorWrapper_top5_0101,0,0.33477932,0,0.6684872289009296,False,True,False,True,4
46,SimpleVAEGeneratorWrapper_top5_0101,0,0.33966294,0,0.67109078407947,False,True,False,True,4
47,SimpleVAEGeneratorWrapper_top5_0101,0,0.3480786,0,0.671112700114783,False,True,False,True,4
48,SimpleVAEGeneratorWrapper_top5_0101,0,0.44493043,0,0.678391421743774,False,True,False,True,4
49,SimpleVAEGeneratorWrapper_top5_0101,0,0.35077235,0,0.6857916251820058,False,True,False,True,4
50,SimpleVAEGeneratorWrapper_top5_0101,1,0.34244123,0,0.7717111905346868,False,True,False,True,4
51,SimpleVAEGeneratorWrapper_top5_0101,1,0.34532028,0,0.7771863052414751,False,True,False,True,4
52,SimpleVAEGeneratorWrapper_top5_0101,1,0.40079072,0,0.8056110231542586,False,True,False,True,4
53,SimpleVAEGeneratorWrapper_top5_0101,1,0.44017234,0,0.8233708869472165,False,True,False,True,4
54,SimpleVAEGeneratorWrapper_top5_0101,1,0.42931324,0,0.8341412705782252,False,True,False,True,4
55,SimpleVAEGeneratorWrapper_top5_0101,2,0.3424582,0,0.7340653376289226,False,True,False,True,4
56,SimpleVAEGeneratorWrapper_top5_0101,2,0.3858572,0,0.7344916278928257,False,True,False,True,4
57,SimpleVAEGeneratorWrapper_top5_0101,2,0.43183047,0,0.7387109271597091,False,True,False,True,4
58,SimpleVAEGeneratorWrapper_top5_0101,2,0.3671632,0,0.7398964089726424,False,True,False,True,4
59,SimpleVAEGeneratorWrapper_top5_0101,2,0.42113143,0,0.768749604696396,False,True,False,True,4
0,SimpleEvoGeneratorWrapper_top5_0110,0,0.39567658,0,0.29169361601184784,False,True,True,False,5
1,SimpleEvoGeneratorWrapper_top5_0110,0,0.39567658,0,0.29169361601184784,False,True,True,False,5
2,SimpleEvoGeneratorWrapper_top5_0110,0,0.39567658,0,0.29169361601184784,False,True,True,False,5
3,SimpleEvoGeneratorWrapper_top5_0110,0,0.39567658,0,0.29169361601184784,False,True,True,False,5
4,SimpleEvoGeneratorWrapper_top5_0110,0,0.39567658,0,0.29169361601184784,False,True,True,False,5
5,SimpleEvoGeneratorWrapper_top5_0110,1,0.39121765,0,0.48075882017130245,False,True,True,False,5
6,SimpleEvoGeneratorWrapper_top5_0110,1,0.39121765,0,0.48075882017130245,False,True,True,False,5
7,SimpleEvoGeneratorWrapper_top5_0110,1,0.39121765,0,0.48075882017130245,False,True,True,False,5
8,SimpleEvoGeneratorWrapper_top5_0110,1,0.39121765,0,0.48075882017130245,False,True,True,False,5
9,SimpleEvoGeneratorWrapper_top5_0110,1,0.39121765,0,0.48075882017130245,False,True,True,False,5
10,SimpleEvoGeneratorWrapper_top5_0110,2,0.33345658,0,0.3430654697870885,False,True,True,False,5
11,SimpleEvoGeneratorWrapper_top5_0110,2,0.33345658,0,0.3430654697870885,False,True,True,False,5
12,SimpleEvoGeneratorWrapper_top5_0110,2,0.33345658,0,0.3430654697870885,False,True,True,False,5
13,SimpleEvoGeneratorWrapper_top5_0110,2,0.33345658,0,0.3430654697870885,False,True,True,False,5
14,SimpleEvoGeneratorWrapper_top5_0110,2,0.33345658,0,0.3430654697870885,False,True,True,False,5
15,CaseBasedGeneratorWrapper_top5_0110,0,0.22241308,0,0.5930266949684702,False,True,True,False,5
16,CaseBasedGeneratorWrapper_top5_0110,0,0.2314959,0,0.59598005253098,False,True,True,False,5
17,CaseBasedGeneratorWrapper_top5_0110,0,0.22733375,0,0.6212838021165468,False,True,True,False,5
18,CaseBasedGeneratorWrapper_top5_0110,0,0.22020298,0,0.6917648077826692,False,True,True,False,5
19,CaseBasedGeneratorWrapper_top5_0110,0,0.21720387,0,0.6998839494882656,False,True,True,False,5
20,CaseBasedGeneratorWrapper_top5_0110,1,0.22050458,0,0.58511071237883,False,True,True,False,5
21,CaseBasedGeneratorWrapper_top5_0110,1,0.22733375,0,0.6423071665542786,False,True,True,False,5
22,CaseBasedGeneratorWrapper_top5_0110,1,0.21720387,0,0.6488311886906986,False,True,True,False,5
23,CaseBasedGeneratorWrapper_top5_0110,1,0.22020298,0,0.6525529590083378,False,True,True,False,5
24,CaseBasedGeneratorWrapper_top5_0110,1,0.2314959,0,0.6597672492477017,False,True,True,False,5
25,CaseBasedGeneratorWrapper_top5_0110,2,0.2208692,0,0.6360913571729783,False,True,True,False,5
26,CaseBasedGeneratorWrapper_top5_0110,2,0.22241308,0,0.6367472337750688,False,True,True,False,5
27,CaseBasedGeneratorWrapper_top5_0110,2,0.21797583,0,0.6449364686921598,False,True,True,False,5
28,CaseBasedGeneratorWrapper_top5_0110,2,0.2314959,0,0.853411303212683,False,True,True,False,5
29,CaseBasedGeneratorWrapper_top5_0110,2,0.22733375,0,0.8676027555546547,False,True,True,False,5
30,RandomGeneratorWrapper_top5_0110,0,0.64613634,1,0.5041773923848478,False,True,True,False,5
31,RandomGeneratorWrapper_top5_0110,0,0.3647736,0,0.5116364642781117,False,True,True,False,5
32,RandomGeneratorWrapper_top5_0110,0,0.5104252,1,0.521208759660384,False,True,True,False,5
33,RandomGeneratorWrapper_top5_0110,0,0.39879397,0,0.5271574241423505,False,True,True,False,5
34,RandomGeneratorWrapper_top5_0110,0,0.5847922,1,0.5514420506296662,False,True,True,False,5
35,RandomGeneratorWrapper_top5_0110,1,0.5096687,1,0.5452381755879205,False,True,True,False,5
36,RandomGeneratorWrapper_top5_0110,1,0.37652862,0,0.5455123965807402,False,True,True,False,5
37,RandomGeneratorWrapper_top5_0110,1,0.60691017,1,0.55058270902666,False,True,True,False,5
38,RandomGeneratorWrapper_top5_0110,1,0.37772012,0,0.5673523704340147,False,True,True,False,5
39,RandomGeneratorWrapper_top5_0110,1,0.40526915,0,0.5811813070958147,False,True,True,False,5
40,RandomGeneratorWrapper_top5_0110,2,0.4354282,0,0.5712425846292355,False,True,True,False,5
41,RandomGeneratorWrapper_top5_0110,2,0.2703398,0,0.5728379034857687,False,True,True,False,5
42,RandomGeneratorWrapper_top5_0110,2,0.63348156,1,0.5737231718484044,False,True,True,False,5
43,RandomGeneratorWrapper_top5_0110,2,0.39838347,0,0.5856653161303941,False,True,True,False,5
44,RandomGeneratorWrapper_top5_0110,2,0.45146772,0,0.6060378086664143,False,True,True,False,5
45,SimpleVAEGeneratorWrapper_top5_0110,0,0.24410722,0,0.5503559080218894,False,True,True,False,5
46,SimpleVAEGeneratorWrapper_top5_0110,0,0.24444263,0,0.5510190709578326,False,True,True,False,5
47,SimpleVAEGeneratorWrapper_top5_0110,0,0.2483093,0,0.5550187687138244,False,True,True,False,5
48,SimpleVAEGeneratorWrapper_top5_0110,0,0.29237202,0,0.5753701041578492,False,True,True,False,5
49,SimpleVAEGeneratorWrapper_top5_0110,0,0.24324739,0,0.5879406211969606,False,True,True,False,5
50,SimpleVAEGeneratorWrapper_top5_0110,1,0.36409748,0,0.650527853108096,False,True,True,False,5
51,SimpleVAEGeneratorWrapper_top5_0110,1,0.35543373,0,0.6518555983013361,False,True,True,False,5
52,SimpleVAEGeneratorWrapper_top5_0110,1,0.3409675,0,0.657675937485219,False,True,True,False,5
53,SimpleVAEGeneratorWrapper_top5_0110,1,0.3401507,0,0.664552387330021,False,True,True,False,5
54,SimpleVAEGeneratorWrapper_top5_0110,1,0.24173339,0,0.7026386587740221,False,True,True,False,5
55,SimpleVAEGeneratorWrapper_top5_0110,2,0.23978007,0,0.6535057877775017,False,True,True,False,5
56,SimpleVAEGeneratorWrapper_top5_0110,2,0.23725739,0,0.6647589528229834,False,True,True,False,5
57,SimpleVAEGeneratorWrapper_top5_0110,2,0.23598601,0,0.671360688674945,False,True,True,False,5
58,SimpleVAEGeneratorWrapper_top5_0110,2,0.24214204,0,0.6852547412744108,False,True,True,False,5
59,SimpleVAEGeneratorWrapper_top5_0110,2,0.23584118,0,0.696196529858977,False,True,True,False,5
0,SimpleEvoGeneratorWrapper_top5_0111,0,0.34726384,0,0.5165394321753523,False,True,True,True,6
1,SimpleEvoGeneratorWrapper_top5_0111,0,0.34726384,0,0.5165394321753523,False,True,True,True,6
2,SimpleEvoGeneratorWrapper_top5_0111,0,0.34726384,0,0.5165394321753523,False,True,True,True,6
3,SimpleEvoGeneratorWrapper_top5_0111,0,0.34726384,0,0.5165394321753523,False,True,True,True,6
4,SimpleEvoGeneratorWrapper_top5_0111,0,0.34726384,0,0.5165394321753523,False,True,True,True,6
5,SimpleEvoGeneratorWrapper_top5_0111,1,0.31923413,0,0.5709727904016196,False,True,True,True,6
6,SimpleEvoGeneratorWrapper_top5_0111,1,0.31923413,0,0.5709727904016196,False,True,True,True,6
7,SimpleEvoGeneratorWrapper_top5_0111,1,0.31923413,0,0.5709727904016196,False,True,True,True,6
8,SimpleEvoGeneratorWrapper_top5_0111,1,0.31923413,0,0.5709727904016196,False,True,True,True,6
9,SimpleEvoGeneratorWrapper_top5_0111,1,0.31923413,0,0.5709727904016196,False,True,True,True,6
10,SimpleEvoGeneratorWrapper_top5_0111,2,0.48827538,0,0.7682559415842509,False,True,True,True,6
11,SimpleEvoGeneratorWrapper_top5_0111,2,0.48827538,0,0.7682559415842509,False,True,True,True,6
12,SimpleEvoGeneratorWrapper_top5_0111,2,0.48827538,0,0.7682559415842509,False,True,True,True,6
13,SimpleEvoGeneratorWrapper_top5_0111,2,0.48827538,0,0.7682559415842509,False,True,True,True,6
14,SimpleEvoGeneratorWrapper_top5_0111,2,0.48827538,0,0.7682559415842509,False,True,True,True,6
15,CaseBasedGeneratorWrapper_top5_0111,0,0.22241308,0,0.5970339152367197,False,True,True,True,6
16,CaseBasedGeneratorWrapper_top5_0111,0,0.2314959,0,0.6090701265933274,False,True,True,True,6
17,CaseBasedGeneratorWrapper_top5_0111,0,0.22733375,0,0.6302117434388734,False,True,True,True,6
18,CaseBasedGeneratorWrapper_top5_0111,0,0.22020298,0,0.693561947427292,False,True,True,True,6
19,CaseBasedGeneratorWrapper_top5_0111,0,0.21720387,0,0.6986819622217251,False,True,True,True,6
20,CaseBasedGeneratorWrapper_top5_0111,1,0.22050458,0,0.5757980230744781,False,True,True,True,6
21,CaseBasedGeneratorWrapper_top5_0111,1,0.21720387,0,0.6362177729726199,False,True,True,True,6
22,CaseBasedGeneratorWrapper_top5_0111,1,0.22733375,0,0.6398236794250671,False,True,True,True,6
23,CaseBasedGeneratorWrapper_top5_0111,1,0.22020298,0,0.6429386702014225,False,True,True,True,6
24,CaseBasedGeneratorWrapper_top5_0111,1,0.2314959,0,0.661445894858511,False,True,True,True,6
25,CaseBasedGeneratorWrapper_top5_0111,2,0.2208692,0,0.6245875415220383,False,True,True,True,6
26,CaseBasedGeneratorWrapper_top5_0111,2,0.22241308,0,0.626787297633101,False,True,True,True,6
27,CaseBasedGeneratorWrapper_top5_0111,2,0.21797583,0,0.6305393243745329,False,True,True,True,6
28,CaseBasedGeneratorWrapper_top5_0111,2,0.2314959,0,0.8525342208648131,False,True,True,True,6
29,CaseBasedGeneratorWrapper_top5_0111,2,0.22733375,0,0.8625635404667641,False,True,True,True,6
30,RandomGeneratorWrapper_top5_0111,0,0.41991413,0,0.7602419751588654,False,True,True,True,6
31,RandomGeneratorWrapper_top5_0111,0,0.45771062,0,0.7605766843382363,False,True,True,True,6
32,RandomGeneratorWrapper_top5_0111,0,0.42008987,0,0.7698200920067044,False,True,True,True,6
33,RandomGeneratorWrapper_top5_0111,0,0.42337495,0,0.7723027290599067,False,True,True,True,6
34,RandomGeneratorWrapper_top5_0111,0,0.5290744,1,0.7799368627418459,False,True,True,True,6
35,RandomGeneratorWrapper_top5_0111,1,0.47788942,0,0.7808502274223419,False,True,True,True,6
36,RandomGeneratorWrapper_top5_0111,1,0.32951996,0,0.7836132566653877,False,True,True,True,6
37,RandomGeneratorWrapper_top5_0111,1,0.50431746,1,0.7877323567794934,False,True,True,True,6
38,RandomGeneratorWrapper_top5_0111,1,0.50504816,1,0.7947992808800448,False,True,True,True,6
39,RandomGeneratorWrapper_top5_0111,1,0.532809,1,0.9011504774728698,False,True,True,True,6
40,RandomGeneratorWrapper_top5_0111,2,0.45645154,0,0.731954798912767,False,True,True,True,6
41,RandomGeneratorWrapper_top5_0111,2,0.5135282,1,0.7435090252704734,False,True,True,True,6
42,RandomGeneratorWrapper_top5_0111,2,0.47599185,0,0.7500167728388176,False,True,True,True,6
43,RandomGeneratorWrapper_top5_0111,2,0.50668526,1,0.7560256386145935,False,True,True,True,6
44,RandomGeneratorWrapper_top5_0111,2,0.5386159,1,0.7755662261689993,False,True,True,True,6
45,SimpleVAEGeneratorWrapper_top5_0111,0,0.37156734,0,0.6836151424180084,False,True,True,True,6
46,SimpleVAEGeneratorWrapper_top5_0111,0,0.3935043,0,0.6939678028035672,False,True,True,True,6
47,SimpleVAEGeneratorWrapper_top5_0111,0,0.39423186,0,0.7145578350505051,False,True,True,True,6
48,SimpleVAEGeneratorWrapper_top5_0111,0,0.40943775,0,0.721360306508749,False,True,True,True,6
49,SimpleVAEGeneratorWrapper_top5_0111,0,0.4060751,0,0.7263910912843038,False,True,True,True,6
50,SimpleVAEGeneratorWrapper_top5_0111,1,0.383891,0,0.7636950792328914,False,True,True,True,6
51,SimpleVAEGeneratorWrapper_top5_0111,1,0.36712882,0,0.7769509938726739,False,True,True,True,6
52,SimpleVAEGeneratorWrapper_top5_0111,1,0.38042867,0,0.7920410046752744,False,True,True,True,6
53,SimpleVAEGeneratorWrapper_top5_0111,1,0.39990985,0,0.7971510427911889,False,True,True,True,6
54,SimpleVAEGeneratorWrapper_top5_0111,1,0.41307756,0,0.8119305905020436,False,True,True,True,6
55,SimpleVAEGeneratorWrapper_top5_0111,2,0.362446,0,0.7139173934894818,False,True,True,True,6
56,SimpleVAEGeneratorWrapper_top5_0111,2,0.35701534,0,0.7370675618705034,False,True,True,True,6
57,SimpleVAEGeneratorWrapper_top5_0111,2,0.3437893,0,0.7409163333494808,False,True,True,True,6
58,SimpleVAEGeneratorWrapper_top5_0111,2,0.3786088,0,0.7434834667226086,False,True,True,True,6
59,SimpleVAEGeneratorWrapper_top5_0111,2,0.3748407,0,0.7454296549423578,False,True,True,True,6
0,SimpleEvoGeneratorWrapper_top5_1000,0,0.42005646,0,0.29761904761904767,True,False,False,False,7
1,SimpleEvoGeneratorWrapper_top5_1000,0,0.42005646,0,0.29761904761904767,True,False,False,False,7
2,SimpleEvoGeneratorWrapper_top5_1000,0,0.42005646,0,0.29761904761904767,True,False,False,False,7
3,SimpleEvoGeneratorWrapper_top5_1000,0,0.42005646,0,0.29761904761904767,True,False,False,False,7
4,SimpleEvoGeneratorWrapper_top5_1000,0,0.42005646,0,0.29761904761904767,True,False,False,False,7
5,SimpleEvoGeneratorWrapper_top5_1000,1,0.2636404,0,0.5773809523809523,True,False,False,False,7
6,SimpleEvoGeneratorWrapper_top5_1000,1,0.2636404,0,0.5773809523809523,True,False,False,False,7
7,SimpleEvoGeneratorWrapper_top5_1000,1,0.2636404,0,0.5773809523809523,True,False,False,False,7
8,SimpleEvoGeneratorWrapper_top5_1000,1,0.2636404,0,0.5773809523809523,True,False,False,False,7
9,SimpleEvoGeneratorWrapper_top5_1000,1,0.2636404,0,0.5773809523809523,True,False,False,False,7
10,SimpleEvoGeneratorWrapper_top5_1000,2,0.5595132,1,0.363095238095238,True,False,False,False,7
11,SimpleEvoGeneratorWrapper_top5_1000,2,0.5595132,1,0.363095238095238,True,False,False,False,7
12,SimpleEvoGeneratorWrapper_top5_1000,2,0.5595132,1,0.363095238095238,True,False,False,False,7
13,SimpleEvoGeneratorWrapper_top5_1000,2,0.5595132,1,0.363095238095238,True,False,False,False,7
14,SimpleEvoGeneratorWrapper_top5_1000,2,0.5595132,1,0.363095238095238,True,False,False,False,7
15,CaseBasedGeneratorWrapper_top5_1000,0,0.22241308,0,0.47619047619047616,True,False,False,False,7
16,CaseBasedGeneratorWrapper_top5_1000,0,0.2314959,0,0.5178571428571428,True,False,False,False,7
17,CaseBasedGeneratorWrapper_top5_1000,0,0.22733375,0,0.5178571428571428,True,False,False,False,7
18,CaseBasedGeneratorWrapper_top5_1000,0,0.22020298,0,0.5773809523809523,True,False,False,False,7
19,CaseBasedGeneratorWrapper_top5_1000,0,0.21720387,0,0.5833333333333333,True,False,False,False,7
20,CaseBasedGeneratorWrapper_top5_1000,1,0.21797583,0,0.45238095238095233,True,False,False,False,7
21,CaseBasedGeneratorWrapper_top5_1000,1,0.22733375,0,0.5773809523809523,True,False,False,False,7
22,CaseBasedGeneratorWrapper_top5_1000,1,0.2314959,0,0.5773809523809523,True,False,False,False,7
23,CaseBasedGeneratorWrapper_top5_1000,1,0.21720387,0,0.5773809523809523,True,False,False,False,7
24,CaseBasedGeneratorWrapper_top5_1000,1,0.22020298,0,0.5833333333333333,True,False,False,False,7
25,CaseBasedGeneratorWrapper_top5_1000,2,0.21797583,0,0.5773809523809523,True,False,False,False,7
26,CaseBasedGeneratorWrapper_top5_1000,2,0.22241308,0,0.5773809523809523,True,False,False,False,7
27,CaseBasedGeneratorWrapper_top5_1000,2,0.2208692,0,0.5773809523809523,True,False,False,False,7
28,CaseBasedGeneratorWrapper_top5_1000,2,0.22733375,0,0.7857142857142857,True,False,False,False,7
29,CaseBasedGeneratorWrapper_top5_1000,2,0.2314959,0,0.8095238095238095,True,False,False,False,7
30,RandomGeneratorWrapper_top5_1000,0,0.37111238,0,0.38095238095238093,True,False,False,False,7
31,RandomGeneratorWrapper_top5_1000,0,0.36055514,0,0.38095238095238093,True,False,False,False,7
32,RandomGeneratorWrapper_top5_1000,0,0.38669726,0,0.43452380952380953,True,False,False,False,7
33,RandomGeneratorWrapper_top5_1000,0,0.19661506,0,0.43452380952380953,True,False,False,False,7
34,RandomGeneratorWrapper_top5_1000,0,0.25951925,0,0.4464285714285715,True,False,False,False,7
35,RandomGeneratorWrapper_top5_1000,1,0.6415845,1,0.5059523809523809,True,False,False,False,7
36,RandomGeneratorWrapper_top5_1000,1,0.7114545,1,0.5059523809523809,True,False,False,False,7
37,RandomGeneratorWrapper_top5_1000,1,0.3795808,0,0.5714285714285714,True,False,False,False,7
38,RandomGeneratorWrapper_top5_1000,1,0.39784244,0,0.5714285714285714,True,False,False,False,7
39,RandomGeneratorWrapper_top5_1000,1,0.4215237,0,0.5714285714285714,True,False,False,False,7
40,RandomGeneratorWrapper_top5_1000,2,0.50851643,1,0.5714285714285714,True,False,False,False,7
41,RandomGeneratorWrapper_top5_1000,2,0.3786211,0,0.5714285714285714,True,False,False,False,7
42,RandomGeneratorWrapper_top5_1000,2,0.1638487,0,0.5714285714285714,True,False,False,False,7
43,RandomGeneratorWrapper_top5_1000,2,0.6648541,1,0.5714285714285714,True,False,False,False,7
44,RandomGeneratorWrapper_top5_1000,2,0.31756857,0,0.5773809523809523,True,False,False,False,7
45,SimpleVAEGeneratorWrapper_top5_1000,0,0.23051336,0,0.2321428571428571,True,False,False,False,7
46,SimpleVAEGeneratorWrapper_top5_1000,0,0.23092507,0,0.2321428571428571,True,False,False,False,7
47,SimpleVAEGeneratorWrapper_top5_1000,0,0.23336694,0,0.2321428571428571,True,False,False,False,7
48,SimpleVAEGeneratorWrapper_top5_1000,0,0.23188755,0,0.2321428571428571,True,False,False,False,7
49,SimpleVAEGeneratorWrapper_top5_1000,0,0.2942241,0,0.2321428571428571,True,False,False,False,7
50,SimpleVAEGeneratorWrapper_top5_1000,1,0.24511269,0,0.43452380952380953,True,False,False,False,7
51,SimpleVAEGeneratorWrapper_top5_1000,1,0.24530354,0,0.43452380952380953,True,False,False,False,7
52,SimpleVAEGeneratorWrapper_top5_1000,1,0.24816164,0,0.5,True,False,False,False,7
53,SimpleVAEGeneratorWrapper_top5_1000,1,0.24188152,0,0.5,True,False,False,False,7
54,SimpleVAEGeneratorWrapper_top5_1000,1,0.24965426,0,0.5,True,False,False,False,7
55,SimpleVAEGeneratorWrapper_top5_1000,2,0.24844737,0,0.43452380952380953,True,False,False,False,7
56,SimpleVAEGeneratorWrapper_top5_1000,2,0.23936112,0,0.43452380952380953,True,False,False,False,7
57,SimpleVAEGeneratorWrapper_top5_1000,2,0.2648194,0,0.43452380952380953,True,False,False,False,7
58,SimpleVAEGeneratorWrapper_top5_1000,2,0.24521847,0,0.43452380952380953,True,False,False,False,7
59,SimpleVAEGeneratorWrapper_top5_1000,2,0.27196172,0,0.5059523809523809,True,False,False,False,7
0,SimpleEvoGeneratorWrapper_top5_1001,0,0.32573277,0,0.34542216289611094,True,False,False,True,8
1,SimpleEvoGeneratorWrapper_top5_1001,0,0.32573277,0,0.34542216289611094,True,False,False,True,8
2,SimpleEvoGeneratorWrapper_top5_1001,0,0.32573277,0,0.34542216289611094,True,False,False,True,8
3,SimpleEvoGeneratorWrapper_top5_1001,0,0.32573277,0,0.34542216289611094,True,False,False,True,8
4,SimpleEvoGeneratorWrapper_top5_1001,0,0.32573277,0,0.34542216289611094,True,False,False,True,8
5,SimpleEvoGeneratorWrapper_top5_1001,1,0.3461594,0,0.5508659368469602,True,False,False,True,8
6,SimpleEvoGeneratorWrapper_top5_1001,1,0.3461594,0,0.5508659368469602,True,False,False,True,8
7,SimpleEvoGeneratorWrapper_top5_1001,1,0.3461594,0,0.5508659368469602,True,False,False,True,8
8,SimpleEvoGeneratorWrapper_top5_1001,1,0.3461594,0,0.5508659368469602,True,False,False,True,8
9,SimpleEvoGeneratorWrapper_top5_1001,1,0.3461594,0,0.5508659368469602,True,False,False,True,8
10,SimpleEvoGeneratorWrapper_top5_1001,2,0.32080185,0,0.308666950180417,True,False,False,True,8
11,SimpleEvoGeneratorWrapper_top5_1001,2,0.32080185,0,0.308666950180417,True,False,False,True,8
12,SimpleEvoGeneratorWrapper_top5_1001,2,0.32080185,0,0.308666950180417,True,False,False,True,8
13,SimpleEvoGeneratorWrapper_top5_1001,2,0.32080185,0,0.308666950180417,True,False,False,True,8
14,SimpleEvoGeneratorWrapper_top5_1001,2,0.32080185,0,0.308666950180417,True,False,False,True,8
15,CaseBasedGeneratorWrapper_top5_1001,0,0.22241308,0,0.4801976964587257,True,False,False,True,8
16,CaseBasedGeneratorWrapper_top5_1001,0,0.22733375,0,0.5267850841794695,True,False,False,True,8
17,CaseBasedGeneratorWrapper_top5_1001,0,0.2314959,0,0.5309472169194902,True,False,False,True,8
18,CaseBasedGeneratorWrapper_top5_1001,0,0.22020298,0,0.5791780920255751,True,False,False,True,8
19,CaseBasedGeneratorWrapper_top5_1001,0,0.21720387,0,0.5821313460667927,True,False,False,True,8
20,CaseBasedGeneratorWrapper_top5_1001,1,0.21797583,0,0.4405395360220046,True,False,False,True,8
21,CaseBasedGeneratorWrapper_top5_1001,1,0.21720387,0,0.5647675366628737,True,False,False,True,8
22,CaseBasedGeneratorWrapper_top5_1001,1,0.22020298,0,0.573719044526418,True,False,False,True,8
23,CaseBasedGeneratorWrapper_top5_1001,1,0.22733375,0,0.5748974652517409,True,False,False,True,8
24,CaseBasedGeneratorWrapper_top5_1001,1,0.2314959,0,0.5790595979917617,True,False,False,True,8
25,CaseBasedGeneratorWrapper_top5_1001,2,0.21797583,0,0.5629838080633254,True,False,False,True,8
26,CaseBasedGeneratorWrapper_top5_1001,2,0.2208692,0,0.5658771367300124,True,False,False,True,8
27,CaseBasedGeneratorWrapper_top5_1001,2,0.22241308,0,0.5674210162389846,True,False,False,True,8
28,CaseBasedGeneratorWrapper_top5_1001,2,0.22733375,0,0.7806750706263951,True,False,False,True,8
29,CaseBasedGeneratorWrapper_top5_1001,2,0.2314959,0,0.8086467271759397,True,False,False,True,8
30,RandomGeneratorWrapper_top5_1001,0,0.4056355,0,0.6158010619027274,True,False,False,True,8
31,RandomGeneratorWrapper_top5_1001,0,0.47986642,0,0.624555780774071,True,False,False,True,8
32,RandomGeneratorWrapper_top5_1001,0,0.5157452,1,0.6348965536980402,True,False,False,True,8
33,RandomGeneratorWrapper_top5_1001,0,0.3676007,0,0.6491948366165161,True,False,False,True,8
34,RandomGeneratorWrapper_top5_1001,0,0.59747356,1,0.7019777383123125,True,False,False,True,8
35,RandomGeneratorWrapper_top5_1001,1,0.5666215,1,0.7035612463951111,True,False,False,True,8
36,RandomGeneratorWrapper_top5_1001,1,0.45090425,0,0.7270393598647344,True,False,False,True,8
37,RandomGeneratorWrapper_top5_1001,1,0.46154204,0,0.731724739074707,True,False,False,True,8
38,RandomGeneratorWrapper_top5_1001,1,0.4000537,0,0.7476174206960768,True,False,False,True,8
39,RandomGeneratorWrapper_top5_1001,1,0.49654856,0,0.8381598336356026,True,False,False,True,8
40,RandomGeneratorWrapper_top5_1001,2,0.49804193,0,0.6942403571946281,True,False,False,True,8
41,RandomGeneratorWrapper_top5_1001,2,0.4224442,0,0.6960236061187017,True,False,False,True,8
42,RandomGeneratorWrapper_top5_1001,2,0.3745325,0,0.713588033403669,True,False,False,True,8
43,RandomGeneratorWrapper_top5_1001,2,0.32995346,0,0.7404375757489885,True,False,False,True,8
44,RandomGeneratorWrapper_top5_1001,2,0.5827573,1,0.7622506590116591,True,False,False,True,8
45,SimpleVAEGeneratorWrapper_top5_1001,0,0.4563557,0,0.38675937198457266,True,False,False,True,8
46,SimpleVAEGeneratorWrapper_top5_1001,0,0.45843637,0,0.388840050924392,True,False,False,True,8
47,SimpleVAEGeneratorWrapper_top5_1001,0,0.44217822,0,0.3904390732447306,True,False,False,True,8
48,SimpleVAEGeneratorWrapper_top5_1001,0,0.43338558,0,0.4411702439898536,True,False,False,True,8
49,SimpleVAEGeneratorWrapper_top5_1001,0,0.49307153,0,0.5008561895007179,True,False,False,True,8
50,SimpleVAEGeneratorWrapper_top5_1001,1,0.3480917,0,0.5468458788735526,True,False,False,True,8
51,SimpleVAEGeneratorWrapper_top5_1001,1,0.4870718,0,0.5489212075869242,True,False,False,True,8
52,SimpleVAEGeneratorWrapper_top5_1001,1,0.48902878,0,0.5508782068888346,True,False,False,True,8
53,SimpleVAEGeneratorWrapper_top5_1001,1,0.5068704,1,0.5549790064493815,True,False,False,True,8
54,SimpleVAEGeneratorWrapper_top5_1001,1,0.48354197,0,0.6108675513948713,True,False,False,True,8
55,SimpleVAEGeneratorWrapper_top5_1001,2,0.5107436,1,0.47712147803533644,True,False,False,True,8
56,SimpleVAEGeneratorWrapper_top5_1001,2,0.49949202,0,0.4873571452640352,True,False,False,True,8
57,SimpleVAEGeneratorWrapper_top5_1001,2,0.44796038,0,0.5072540442148844,True,False,False,True,8
58,SimpleVAEGeneratorWrapper_top5_1001,2,0.24189894,0,0.5095259547233582,True,False,False,True,8
59,SimpleVAEGeneratorWrapper_top5_1001,2,0.46824932,0,0.5275429884592692,True,False,False,True,8
0,SimpleEvoGeneratorWrapper_top5_1010,0,0.31277058,0,0.29761904761904767,True,False,True,False,9
1,SimpleEvoGeneratorWrapper_top5_1010,0,0.31277058,0,0.29761904761904767,True,False,True,False,9
2,SimpleEvoGeneratorWrapper_top5_1010,0,0.31277058,0,0.29761904761904767,True,False,True,False,9
3,SimpleEvoGeneratorWrapper_top5_1010,0,0.31277058,0,0.29761904761904767,True,False,True,False,9
4,SimpleEvoGeneratorWrapper_top5_1010,0,0.31277058,0,0.29761904761904767,True,False,True,False,9
5,SimpleEvoGeneratorWrapper_top5_1010,1,0.33005655,0,0.4285714285714286,True,False,True,False,9
6,SimpleEvoGeneratorWrapper_top5_1010,1,0.33005655,0,0.4285714285714286,True,False,True,False,9
7,SimpleEvoGeneratorWrapper_top5_1010,1,0.33005655,0,0.4285714285714286,True,False,True,False,9
8,SimpleEvoGeneratorWrapper_top5_1010,1,0.33005655,0,0.4285714285714286,True,False,True,False,9
9,SimpleEvoGeneratorWrapper_top5_1010,1,0.33005655,0,0.4285714285714286,True,False,True,False,9
10,SimpleEvoGeneratorWrapper_top5_1010,2,0.34131384,0,0.363095238095238,True,False,True,False,9
11,SimpleEvoGeneratorWrapper_top5_1010,2,0.34131384,0,0.363095238095238,True,False,True,False,9
12,SimpleEvoGeneratorWrapper_top5_1010,2,0.34131384,0,0.363095238095238,True,False,True,False,9
13,SimpleEvoGeneratorWrapper_top5_1010,2,0.34131384,0,0.363095238095238,True,False,True,False,9
14,SimpleEvoGeneratorWrapper_top5_1010,2,0.34131384,0,0.363095238095238,True,False,True,False,9
15,CaseBasedGeneratorWrapper_top5_1010,0,0.22241308,0,0.47619047619148663,True,False,True,False,9
16,CaseBasedGeneratorWrapper_top5_1010,0,0.2314959,0,0.5178571434432272,True,False,True,False,9
17,CaseBasedGeneratorWrapper_top5_1010,0,0.22733375,0,0.5178573873668919,True,False,True,False,9
18,CaseBasedGeneratorWrapper_top5_1010,0,0.22020298,0,0.5773809523809523,True,False,True,False,9
19,CaseBasedGeneratorWrapper_top5_1010,0,0.21720387,0,0.5833333333333373,True,False,True,False,9
20,CaseBasedGeneratorWrapper_top5_1010,1,0.21797583,0,0.4523809890700003,True,False,True,False,9
21,CaseBasedGeneratorWrapper_top5_1010,1,0.21720387,0,0.5773809523809563,True,False,True,False,9
22,CaseBasedGeneratorWrapper_top5_1010,1,0.2314959,0,0.5773809529670367,True,False,True,False,9
23,CaseBasedGeneratorWrapper_top5_1010,1,0.22733375,0,0.5773811968907014,True,False,True,False,9
24,CaseBasedGeneratorWrapper_top5_1010,1,0.22020298,0,0.5833333333333333,True,False,True,False,9
25,CaseBasedGeneratorWrapper_top5_1010,2,0.22241308,0,0.5773809523819627,True,False,True,False,9
26,CaseBasedGeneratorWrapper_top5_1010,2,0.2208692,0,0.5773809523827683,True,False,True,False,9
27,CaseBasedGeneratorWrapper_top5_1010,2,0.21797583,0,0.5773809890700003,True,False,True,False,9
28,CaseBasedGeneratorWrapper_top5_1010,2,0.22733375,0,0.7857145302240348,True,False,True,False,9
29,CaseBasedGeneratorWrapper_top5_1010,2,0.2314959,0,0.8095238101098939,True,False,True,False,9
30,RandomGeneratorWrapper_top5_1010,0,0.59771997,1,0.43452380952380953,True,False,True,False,9
31,RandomGeneratorWrapper_top5_1010,0,0.3363473,0,0.43452380952380953,True,False,True,False,9
32,RandomGeneratorWrapper_top5_1010,0,0.40088296,0,0.44047619047619047,True,False,True,False,9
33,RandomGeneratorWrapper_top5_1010,0,0.2894339,0,0.4464285714285715,True,False,True,False,9
34,RandomGeneratorWrapper_top5_1010,0,0.3646321,0,0.4464285714285715,True,False,True,False,9
35,RandomGeneratorWrapper_top5_1010,1,0.6749536,1,0.5059523809523809,True,False,True,False,9
36,RandomGeneratorWrapper_top5_1010,1,0.39907554,0,0.5059523809523809,True,False,True,False,9
37,RandomGeneratorWrapper_top5_1010,1,0.36060634,0,0.5059523809523809,True,False,True,False,9
38,RandomGeneratorWrapper_top5_1010,1,0.37175435,0,0.5059523809523809,True,False,True,False,9
39,RandomGeneratorWrapper_top5_1010,1,0.3920887,0,0.5059523809523809,True,False,True,False,9
40,RandomGeneratorWrapper_top5_1010,2,0.28650928,0,0.5059523809523809,True,False,True,False,9
41,RandomGeneratorWrapper_top5_1010,2,0.40423182,0,0.5059523809523809,True,False,True,False,9
42,RandomGeneratorWrapper_top5_1010,2,0.36908728,0,0.5059523809523809,True,False,True,False,9
43,RandomGeneratorWrapper_top5_1010,2,0.38216943,0,0.5059523809523809,True,False,True,False,9
44,RandomGeneratorWrapper_top5_1010,2,0.3129641,0,0.5773809523809523,True,False,True,False,9
45,SimpleVAEGeneratorWrapper_top5_1010,0,0.23076564,0,0.2321428571428571,True,False,True,False,9
46,SimpleVAEGeneratorWrapper_top5_1010,0,0.2306175,0,0.2321428571428571,True,False,True,False,9
47,SimpleVAEGeneratorWrapper_top5_1010,0,0.2326264,0,0.2321428571428571,True,False,True,False,9
48,SimpleVAEGeneratorWrapper_top5_1010,0,0.31605062,0,0.29761904761904767,True,False,True,False,9
49,SimpleVAEGeneratorWrapper_top5_1010,0,0.23803404,0,0.30952380952380953,True,False,True,False,9
50,SimpleVAEGeneratorWrapper_top5_1010,1,0.24886946,0,0.43452380952380953,True,False,True,False,9
51,SimpleVAEGeneratorWrapper_top5_1010,1,0.24380286,0,0.43452380952380953,True,False,True,False,9
52,SimpleVAEGeneratorWrapper_top5_1010,1,0.25164446,0,0.43452380952380953,True,False,True,False,9
53,SimpleVAEGeneratorWrapper_top5_1010,1,0.24724956,0,0.5,True,False,True,False,9
54,SimpleVAEGeneratorWrapper_top5_1010,1,0.2424032,0,0.5,True,False,True,False,9
55,SimpleVAEGeneratorWrapper_top5_1010,2,0.24410956,0,0.43452380952380953,True,False,True,False,9
56,SimpleVAEGeneratorWrapper_top5_1010,2,0.24967694,0,0.43452380952380953,True,False,True,False,9
57,SimpleVAEGeneratorWrapper_top5_1010,2,0.2614075,0,0.43452380952380953,True,False,True,False,9
58,SimpleVAEGeneratorWrapper_top5_1010,2,0.2477865,0,0.43452380952380953,True,False,True,False,9
59,SimpleVAEGeneratorWrapper_top5_1010,2,0.24980727,0,0.43452380952380953,True,False,True,False,9
0,SimpleEvoGeneratorWrapper_top5_1011,0,0.5046338,1,0.5150556110200428,True,False,True,True,10
1,SimpleEvoGeneratorWrapper_top5_1011,0,0.5046338,1,0.5150556110200428,True,False,True,True,10
2,SimpleEvoGeneratorWrapper_top5_1011,0,0.5046338,1,0.5150556110200428,True,False,True,True,10
3,SimpleEvoGeneratorWrapper_top5_1011,0,0.5046338,1,0.5150556110200428,True,False,True,True,10
4,SimpleEvoGeneratorWrapper_top5_1011,0,0.5046338,1,0.5150556110200428,True,False,True,True,10
5,SimpleEvoGeneratorWrapper_top5_1011,1,0.33959132,0,0.5442978626205808,True,False,True,True,10
6,SimpleEvoGeneratorWrapper_top5_1011,1,0.33959132,0,0.5442978626205808,True,False,True,True,10
7,SimpleEvoGeneratorWrapper_top5_1011,1,0.33959132,0,0.5442978626205808,True,False,True,True,10
8,SimpleEvoGeneratorWrapper_top5_1011,1,0.33959132,0,0.5442978626205808,True,False,True,True,10
9,SimpleEvoGeneratorWrapper_top5_1011,1,0.33959132,0,0.5442978626205808,True,False,True,True,10
10,SimpleEvoGeneratorWrapper_top5_1011,2,0.3715938,0,0.430887500445048,True,False,True,True,10
11,SimpleEvoGeneratorWrapper_top5_1011,2,0.3715938,0,0.430887500445048,True,False,True,True,10
12,SimpleEvoGeneratorWrapper_top5_1011,2,0.3715938,0,0.430887500445048,True,False,True,True,10
13,SimpleEvoGeneratorWrapper_top5_1011,2,0.3715938,0,0.430887500445048,True,False,True,True,10
14,SimpleEvoGeneratorWrapper_top5_1011,2,0.3715938,0,0.430887500445048,True,False,True,True,10
15,CaseBasedGeneratorWrapper_top5_1011,0,0.22241308,0,0.48019769645973615,True,False,True,True,10
16,CaseBasedGeneratorWrapper_top5_1011,0,0.22733375,0,0.5267853286892186,True,False,True,True,10
17,CaseBasedGeneratorWrapper_top5_1011,0,0.2314959,0,0.5309472175055746,True,False,True,True,10
18,CaseBasedGeneratorWrapper_top5_1011,0,0.22020298,0,0.5791780920255751,True,False,True,True,10
19,CaseBasedGeneratorWrapper_top5_1011,0,0.21720387,0,0.5821313460667967,True,False,True,True,10
20,CaseBasedGeneratorWrapper_top5_1011,1,0.21797583,0,0.44053957271105254,True,False,True,True,10
21,CaseBasedGeneratorWrapper_top5_1011,1,0.21720387,0,0.5647675366628777,True,False,True,True,10
22,CaseBasedGeneratorWrapper_top5_1011,1,0.22020298,0,0.573719044526418,True,False,True,True,10
23,CaseBasedGeneratorWrapper_top5_1011,1,0.22733375,0,0.57489770976149,True,False,True,True,10
24,CaseBasedGeneratorWrapper_top5_1011,1,0.2314959,0,0.5790595985778461,True,False,True,True,10
25,CaseBasedGeneratorWrapper_top5_1011,2,0.21797583,0,0.5629838447523734,True,False,True,True,10
26,CaseBasedGeneratorWrapper_top5_1011,2,0.2208692,0,0.5658771367318284,True,False,True,True,10
27,CaseBasedGeneratorWrapper_top5_1011,2,0.22241308,0,0.567421016239995,True,False,True,True,10
28,CaseBasedGeneratorWrapper_top5_1011,2,0.22733375,0,0.7806753151361442,True,False,True,True,10
29,CaseBasedGeneratorWrapper_top5_1011,2,0.2314959,0,0.8086467277620241,True,False,True,True,10
30,RandomGeneratorWrapper_top5_1011,0,0.39940438,0,0.62147475424267,True,False,True,True,10
31,RandomGeneratorWrapper_top5_1011,0,0.5285007,1,0.6280934810638429,True,False,True,True,10
32,RandomGeneratorWrapper_top5_1011,0,0.40253627,0,0.6305590016501291,True,False,True,True,10
33,RandomGeneratorWrapper_top5_1011,0,0.525374,1,0.6312201619148256,True,False,True,True,10
34,RandomGeneratorWrapper_top5_1011,0,0.43375877,0,0.6677338452566237,True,False,True,True,10
35,RandomGeneratorWrapper_top5_1011,1,0.37487647,0,0.7164877993719918,True,False,True,True,10
36,RandomGeneratorWrapper_top5_1011,1,0.5557466,1,0.720388494786762,True,False,True,True,10
37,RandomGeneratorWrapper_top5_1011,1,0.38313144,0,0.7247427446501595,True,False,True,True,10
38,RandomGeneratorWrapper_top5_1011,1,0.5494414,1,0.726693712529682,True,False,True,True,10
39,RandomGeneratorWrapper_top5_1011,1,0.48811457,0,0.764249705132984,True,False,True,True,10
40,RandomGeneratorWrapper_top5_1011,2,0.5161639,1,0.685986924739111,True,False,True,True,10
41,RandomGeneratorWrapper_top5_1011,2,0.5055639,1,0.690634514604296,True,False,True,True,10
42,RandomGeneratorWrapper_top5_1011,2,0.5024552,1,0.6996956354095822,True,False,True,True,10
43,RandomGeneratorWrapper_top5_1011,2,0.37722775,0,0.7222357363927931,True,False,True,True,10
44,RandomGeneratorWrapper_top5_1011,2,0.3983042,0,0.7373597962515694,True,False,True,True,10
45,SimpleVAEGeneratorWrapper_top5_1011,0,0.44827923,0,0.39654008547465003,True,False,True,True,10
46,SimpleVAEGeneratorWrapper_top5_1011,0,0.3893807,0,0.3971653268450782,True,False,True,True,10
47,SimpleVAEGeneratorWrapper_top5_1011,0,0.43510348,0,0.44288810945692514,True,False,True,True,10
48,SimpleVAEGeneratorWrapper_top5_1011,0,0.45643783,0,0.4642224595660255,True,False,True,True,10
49,SimpleVAEGeneratorWrapper_top5_1011,0,0.49252146,0,0.5003060982340858,True,False,True,True,10
50,SimpleVAEGeneratorWrapper_top5_1011,1,0.4974766,0,0.5593259731928507,True,False,True,True,10
51,SimpleVAEGeneratorWrapper_top5_1011,1,0.5012691,1,0.560580293337504,True,False,True,True,10
52,SimpleVAEGeneratorWrapper_top5_1011,1,0.4360477,0,0.563373259135655,True,False,True,True,10
53,SimpleVAEGeneratorWrapper_top5_1011,1,0.46107137,0,0.5943493388947986,True,False,True,True,10
54,SimpleVAEGeneratorWrapper_top5_1011,1,0.26950377,0,0.611115072454725,True,False,True,True,10
55,SimpleVAEGeneratorWrapper_top5_1011,2,0.42769963,0,0.4869932929674784,True,False,True,True,10
56,SimpleVAEGeneratorWrapper_top5_1011,2,0.43045282,0,0.48974649111429847,True,False,True,True,10
57,SimpleVAEGeneratorWrapper_top5_1011,2,0.43550804,0,0.4948016802469889,True,False,True,True,10
58,SimpleVAEGeneratorWrapper_top5_1011,2,0.4483437,0,0.5076373616854349,True,False,True,True,10
59,SimpleVAEGeneratorWrapper_top5_1011,2,0.47723946,0,0.5365331570307413,True,False,True,True,10
0,SimpleEvoGeneratorWrapper_top5_1100,0,0.4355794,0,0.6438433458018096,True,True,False,False,11
1,SimpleEvoGeneratorWrapper_top5_1100,0,0.4355794,0,0.6438433458018096,True,True,False,False,11
2,SimpleEvoGeneratorWrapper_top5_1100,0,0.4355794,0,0.6438433458018096,True,True,False,False,11
3,SimpleEvoGeneratorWrapper_top5_1100,0,0.4355794,0,0.6438433458018096,True,True,False,False,11
4,SimpleEvoGeneratorWrapper_top5_1100,0,0.4355794,0,0.6438433458018096,True,True,False,False,11
5,SimpleEvoGeneratorWrapper_top5_1100,1,0.45008254,0,0.6468187904345221,True,True,False,False,11
6,SimpleEvoGeneratorWrapper_top5_1100,1,0.45008254,0,0.6468187904345221,True,True,False,False,11
7,SimpleEvoGeneratorWrapper_top5_1100,1,0.45008254,0,0.6468187904345221,True,True,False,False,11
8,SimpleEvoGeneratorWrapper_top5_1100,1,0.45008254,0,0.6468187904345221,True,True,False,False,11
9,SimpleEvoGeneratorWrapper_top5_1100,1,0.45008254,0,0.6468187904345221,True,True,False,False,11
10,SimpleEvoGeneratorWrapper_top5_1100,2,0.39430922,0,1.3563338184403704,True,True,False,False,11
11,SimpleEvoGeneratorWrapper_top5_1100,2,0.39430922,0,1.3563338184403704,True,True,False,False,11
12,SimpleEvoGeneratorWrapper_top5_1100,2,0.39430922,0,1.3563338184403704,True,True,False,False,11
13,SimpleEvoGeneratorWrapper_top5_1100,2,0.39430922,0,1.3563338184403704,True,True,False,False,11
14,SimpleEvoGeneratorWrapper_top5_1100,2,0.39430922,0,1.3563338184403704,True,True,False,False,11
15,CaseBasedGeneratorWrapper_top5_1100,0,0.22241308,0,1.069217171157936,True,True,False,False,11
16,CaseBasedGeneratorWrapper_top5_1100,0,0.2314959,0,1.1138371948020382,True,True,False,False,11
17,CaseBasedGeneratorWrapper_top5_1100,0,0.22733375,0,1.1391407004639404,True,True,False,False,11
18,CaseBasedGeneratorWrapper_top5_1100,0,0.22020298,0,1.2691457601636216,True,True,False,False,11
19,CaseBasedGeneratorWrapper_top5_1100,0,0.21720387,0,1.2832172828215949,True,True,False,False,11
20,CaseBasedGeneratorWrapper_top5_1100,1,0.22050458,0,1.025586902854866,True,True,False,False,11
21,CaseBasedGeneratorWrapper_top5_1100,1,0.22733375,0,1.2196878744254818,True,True,False,False,11
22,CaseBasedGeneratorWrapper_top5_1100,1,0.21720387,0,1.2262121410716469,True,True,False,False,11
23,CaseBasedGeneratorWrapper_top5_1100,1,0.22020298,0,1.2358862923416711,True,True,False,False,11
24,CaseBasedGeneratorWrapper_top5_1100,1,0.2314959,0,1.2371482010425696,True,True,False,False,11
25,CaseBasedGeneratorWrapper_top5_1100,2,0.2208692,0,1.2134723095521145,True,True,False,False,11
26,CaseBasedGeneratorWrapper_top5_1100,2,0.22241308,0,1.2141281861550106,True,True,False,False,11
27,CaseBasedGeneratorWrapper_top5_1100,2,0.21797583,0,1.222317384384064,True,True,False,False,11
28,CaseBasedGeneratorWrapper_top5_1100,2,0.22733375,0,1.6533167967591913,True,True,False,False,11
29,CaseBasedGeneratorWrapper_top5_1100,2,0.2314959,0,1.6629351121504081,True,True,False,False,11
30,RandomGeneratorWrapper_top5_1100,0,0.31495813,0,0.9526905637561022,True,True,False,False,11
31,RandomGeneratorWrapper_top5_1100,0,0.19397359,0,0.9616351700633147,True,True,False,False,11
32,RandomGeneratorWrapper_top5_1100,0,0.41212106,0,0.9619720818193325,True,True,False,False,11
33,RandomGeneratorWrapper_top5_1100,0,0.35460714,0,1.0321945734705358,True,True,False,False,11
34,RandomGeneratorWrapper_top5_1100,0,0.63947576,1,1.0757198842827658,True,True,False,False,11
35,RandomGeneratorWrapper_top5_1100,1,0.59731144,1,1.0807889135378983,True,True,False,False,11
36,RandomGeneratorWrapper_top5_1100,1,0.64522433,1,1.0864881358352778,True,True,False,False,11
37,RandomGeneratorWrapper_top5_1100,1,0.2044361,0,1.0958089213365136,True,True,False,False,11
38,RandomGeneratorWrapper_top5_1100,1,0.31125945,0,1.1252520502679593,True,True,False,False,11
39,RandomGeneratorWrapper_top5_1100,1,0.6468519,1,1.2122675825992109,True,True,False,False,11
40,RandomGeneratorWrapper_top5_1100,2,0.64709926,1,1.0913166136433046,True,True,False,False,11
41,RandomGeneratorWrapper_top5_1100,2,0.37694097,0,1.1084584482826898,True,True,False,False,11
42,RandomGeneratorWrapper_top5_1100,2,0.40178376,0,1.1153893730784419,True,True,False,False,11
43,RandomGeneratorWrapper_top5_1100,2,0.59155065,1,1.135164614338382,True,True,False,False,11
44,RandomGeneratorWrapper_top5_1100,2,0.55461115,1,1.1766893530274711,True,True,False,False,11
45,SimpleVAEGeneratorWrapper_top5_1100,0,0.2473205,0,0.7836032668494952,True,True,False,False,11
46,SimpleVAEGeneratorWrapper_top5_1100,0,0.2700014,0,0.7851928125525152,True,True,False,False,11
47,SimpleVAEGeneratorWrapper_top5_1100,0,0.24158989,0,0.7876192753478105,True,True,False,False,11
48,SimpleVAEGeneratorWrapper_top5_1100,0,0.24264951,0,0.7892068765707352,True,True,False,False,11
49,SimpleVAEGeneratorWrapper_top5_1100,0,0.2443942,0,0.881306670863013,True,True,False,False,11
50,SimpleVAEGeneratorWrapper_top5_1100,1,0.23850752,0,1.0588069537583567,True,True,False,False,11
51,SimpleVAEGeneratorWrapper_top5_1100,1,0.2416106,0,1.0686633955424925,True,True,False,False,11
52,SimpleVAEGeneratorWrapper_top5_1100,1,0.26289803,0,1.138972181225931,True,True,False,False,11
53,SimpleVAEGeneratorWrapper_top5_1100,1,0.25613752,0,1.1452989393738089,True,True,False,False,11
54,SimpleVAEGeneratorWrapper_top5_1100,1,0.24197002,0,1.1896379364950818,True,True,False,False,11
55,SimpleVAEGeneratorWrapper_top5_1100,2,0.2456159,0,1.071688336460065,True,True,False,False,11
56,SimpleVAEGeneratorWrapper_top5_1100,2,0.24472788,0,1.0727180584815756,True,True,False,False,11
57,SimpleVAEGeneratorWrapper_top5_1100,2,0.24299373,0,1.0991366176801596,True,True,False,False,11
58,SimpleVAEGeneratorWrapper_top5_1100,2,0.24059057,0,1.118196062039051,True,True,False,False,11
59,SimpleVAEGeneratorWrapper_top5_1100,2,0.23990329,0,1.1861692568763458,True,True,False,False,11
0,SimpleEvoGeneratorWrapper_top5_1101,0,0.41030124,0,0.8794792922318829,True,True,False,True,12
1,SimpleEvoGeneratorWrapper_top5_1101,0,0.41030124,0,0.8794792922318829,True,True,False,True,12
2,SimpleEvoGeneratorWrapper_top5_1101,0,0.41030124,0,0.8794792922318829,True,True,False,True,12
3,SimpleEvoGeneratorWrapper_top5_1101,0,0.41030124,0,0.8794792922318829,True,True,False,True,12
4,SimpleEvoGeneratorWrapper_top5_1101,0,0.41030124,0,0.8794792922318829,True,True,False,True,12
5,SimpleEvoGeneratorWrapper_top5_1101,1,0.40415588,0,0.984407817638528,True,True,False,True,12
6,SimpleEvoGeneratorWrapper_top5_1101,1,0.40415588,0,0.984407817638528,True,True,False,True,12
7,SimpleEvoGeneratorWrapper_top5_1101,1,0.40415588,0,0.984407817638528,True,True,False,True,12
8,SimpleEvoGeneratorWrapper_top5_1101,1,0.40415588,0,0.984407817638528,True,True,False,True,12
9,SimpleEvoGeneratorWrapper_top5_1101,1,0.40415588,0,0.984407817638528,True,True,False,True,12
10,SimpleEvoGeneratorWrapper_top5_1101,2,0.29340997,0,0.7091287878034308,True,True,False,True,12
11,SimpleEvoGeneratorWrapper_top5_1101,2,0.29340997,0,0.7091287878034308,True,True,False,True,12
12,SimpleEvoGeneratorWrapper_top5_1101,2,0.29340997,0,0.7091287878034308,True,True,False,True,12
13,SimpleEvoGeneratorWrapper_top5_1101,2,0.29340997,0,0.7091287878034308,True,True,False,True,12
14,SimpleEvoGeneratorWrapper_top5_1101,2,0.29340997,0,0.7091287878034308,True,True,False,True,12
15,CaseBasedGeneratorWrapper_top5_1101,0,0.22241308,0,1.0732243914261854,True,True,False,True,12
16,CaseBasedGeneratorWrapper_top5_1101,0,0.2314959,0,1.1269272688643857,True,True,False,True,12
17,CaseBasedGeneratorWrapper_top5_1101,0,0.22733375,0,1.148068641786267,True,True,False,True,12
18,CaseBasedGeneratorWrapper_top5_1101,0,0.22020298,0,1.2709428998082444,True,True,False,True,12
19,CaseBasedGeneratorWrapper_top5_1101,0,0.21720387,0,1.2820152955550543,True,True,False,True,12
20,CaseBasedGeneratorWrapper_top5_1101,1,0.22050458,0,1.0162742135505143,True,True,False,True,12
21,CaseBasedGeneratorWrapper_top5_1101,1,0.21720387,0,1.2135987253535683,True,True,False,True,12
22,CaseBasedGeneratorWrapper_top5_1101,1,0.22733375,0,1.2172043872962703,True,True,False,True,12
23,CaseBasedGeneratorWrapper_top5_1101,1,0.22020298,0,1.2262720035347559,True,True,False,True,12
24,CaseBasedGeneratorWrapper_top5_1101,1,0.2314959,0,1.238826846653379,True,True,False,True,12
25,CaseBasedGeneratorWrapper_top5_1101,2,0.2208692,0,1.2019684939011746,True,True,False,True,12
26,CaseBasedGeneratorWrapper_top5_1101,2,0.22241308,0,1.2041682500130428,True,True,False,True,12
27,CaseBasedGeneratorWrapper_top5_1101,2,0.21797583,0,1.207920240066437,True,True,False,True,12
28,CaseBasedGeneratorWrapper_top5_1101,2,0.22733375,0,1.6482775816713007,True,True,False,True,12
29,CaseBasedGeneratorWrapper_top5_1101,2,0.2314959,0,1.6620580298025383,True,True,False,True,12
30,RandomGeneratorWrapper_top5_1101,0,0.3887484,0,1.0867383056293844,True,True,False,True,12
31,RandomGeneratorWrapper_top5_1101,0,0.6778616,1,1.126402182965332,True,True,False,True,12
32,RandomGeneratorWrapper_top5_1101,0,0.37508094,0,1.163463927857216,True,True,False,True,12
33,RandomGeneratorWrapper_top5_1101,0,0.48839277,0,1.219878889148807,True,True,False,True,12
34,RandomGeneratorWrapper_top5_1101,0,0.4643365,0,1.3620824319335707,True,True,False,True,12
35,RandomGeneratorWrapper_top5_1101,1,0.3782327,0,1.2541235305152163,True,True,False,True,12
36,RandomGeneratorWrapper_top5_1101,1,0.4599842,0,1.268429178546051,True,True,False,True,12
37,RandomGeneratorWrapper_top5_1101,1,0.4780348,0,1.281456053296856,True,True,False,True,12
38,RandomGeneratorWrapper_top5_1101,1,0.5215122,1,1.3115775477981013,True,True,False,True,12
39,RandomGeneratorWrapper_top5_1101,1,0.6666156,1,1.368047813506834,True,True,False,True,12
40,RandomGeneratorWrapper_top5_1101,2,0.67039365,1,1.2107443636446442,True,True,False,True,12
41,RandomGeneratorWrapper_top5_1101,2,0.3666519,0,1.220503200699121,True,True,False,True,12
42,RandomGeneratorWrapper_top5_1101,2,0.3754146,0,1.2399972235189347,True,True,False,True,12
43,RandomGeneratorWrapper_top5_1101,2,0.38888857,0,1.2536114668163676,True,True,False,True,12
44,RandomGeneratorWrapper_top5_1101,2,0.5112712,1,1.2945117388489327,True,True,False,True,12
45,SimpleVAEGeneratorWrapper_top5_1101,0,0.47751933,0,0.8738878843900725,True,True,False,True,12
46,SimpleVAEGeneratorWrapper_top5_1101,0,0.3173488,0,0.8756642615293232,True,True,False,True,12
47,SimpleVAEGeneratorWrapper_top5_1101,0,0.33774963,0,0.8782811380734332,True,True,False,True,12
48,SimpleVAEGeneratorWrapper_top5_1101,0,0.39601249,0,0.8816599381067854,True,True,False,True,12
49,SimpleVAEGeneratorWrapper_top5_1101,0,0.28214425,0,0.9711529309666609,True,True,False,True,12
50,SimpleVAEGeneratorWrapper_top5_1101,1,0.23992233,0,1.1877034563753992,True,True,False,True,12
51,SimpleVAEGeneratorWrapper_top5_1101,1,0.24532428,0,1.1906003957823679,True,True,False,True,12
52,SimpleVAEGeneratorWrapper_top5_1101,1,0.24368776,0,1.1908958271404866,True,True,False,True,12
53,SimpleVAEGeneratorWrapper_top5_1101,1,0.24186839,0,1.1916547117222405,True,True,False,True,12
54,SimpleVAEGeneratorWrapper_top5_1101,1,0.24012485,0,1.2220818840815275,True,True,False,True,12
55,SimpleVAEGeneratorWrapper_top5_1101,2,0.2423069,0,1.0902795590621401,True,True,False,True,12
56,SimpleVAEGeneratorWrapper_top5_1101,2,0.24572387,0,1.098488591151535,True,True,False,True,12
57,SimpleVAEGeneratorWrapper_top5_1101,2,0.24392216,0,1.1011478639013892,True,True,False,True,12
58,SimpleVAEGeneratorWrapper_top5_1101,2,0.242604,0,1.1209610323664543,True,True,False,True,12
59,SimpleVAEGeneratorWrapper_top5_1101,2,0.24145599,0,1.1274431836262022,True,True,False,True,12
0,SimpleEvoGeneratorWrapper_top5_1110,0,0.37346235,0,0.720485781077244,True,True,True,False,13
1,SimpleEvoGeneratorWrapper_top5_1110,0,0.37346235,0,0.720485781077244,True,True,True,False,13
2,SimpleEvoGeneratorWrapper_top5_1110,0,0.37346235,0,0.720485781077244,True,True,True,False,13
3,SimpleEvoGeneratorWrapper_top5_1110,0,0.37346235,0,0.720485781077244,True,True,True,False,13
4,SimpleEvoGeneratorWrapper_top5_1110,0,0.37346235,0,0.720485781077244,True,True,True,False,13
5,SimpleEvoGeneratorWrapper_top5_1110,1,0.3201996,0,0.9425813543327415,True,True,True,False,13
6,SimpleEvoGeneratorWrapper_top5_1110,1,0.3201996,0,0.9425813543327415,True,True,True,False,13
7,SimpleEvoGeneratorWrapper_top5_1110,1,0.3201996,0,0.9425813543327415,True,True,True,False,13
8,SimpleEvoGeneratorWrapper_top5_1110,1,0.3201996,0,0.9425813543327415,True,True,True,False,13
9,SimpleEvoGeneratorWrapper_top5_1110,1,0.3201996,0,0.9425813543327415,True,True,True,False,13
10,SimpleEvoGeneratorWrapper_top5_1110,2,0.3093037,0,0.632626507778664,True,True,True,False,13
11,SimpleEvoGeneratorWrapper_top5_1110,2,0.3093037,0,0.632626507778664,True,True,True,False,13
12,SimpleEvoGeneratorWrapper_top5_1110,2,0.3093037,0,0.632626507778664,True,True,True,False,13
13,SimpleEvoGeneratorWrapper_top5_1110,2,0.3093037,0,0.632626507778664,True,True,True,False,13
14,SimpleEvoGeneratorWrapper_top5_1110,2,0.3093037,0,0.632626507778664,True,True,True,False,13
15,CaseBasedGeneratorWrapper_top5_1110,0,0.22241308,0,1.0692171711589464,True,True,True,False,13
16,CaseBasedGeneratorWrapper_top5_1110,0,0.2314959,0,1.1138371953881225,True,True,True,False,13
17,CaseBasedGeneratorWrapper_top5_1110,0,0.22733375,0,1.1391409449736896,True,True,True,False,13
18,CaseBasedGeneratorWrapper_top5_1110,0,0.22020298,0,1.2691457601636216,True,True,True,False,13
19,CaseBasedGeneratorWrapper_top5_1110,0,0.21720387,0,1.2832172828215989,True,True,True,False,13
20,CaseBasedGeneratorWrapper_top5_1110,1,0.22050458,0,1.0255869028550204,True,True,True,False,13
21,CaseBasedGeneratorWrapper_top5_1110,1,0.22733375,0,1.2196881189352309,True,True,True,False,13
22,CaseBasedGeneratorWrapper_top5_1110,1,0.21720387,0,1.2262121410716509,True,True,True,False,13
23,CaseBasedGeneratorWrapper_top5_1110,1,0.22020298,0,1.2358862923416711,True,True,True,False,13
24,CaseBasedGeneratorWrapper_top5_1110,1,0.2314959,0,1.237148201628654,True,True,True,False,13
25,CaseBasedGeneratorWrapper_top5_1110,2,0.2208692,0,1.2134723095539306,True,True,True,False,13
26,CaseBasedGeneratorWrapper_top5_1110,2,0.22241308,0,1.2141281861560211,True,True,True,False,13
27,CaseBasedGeneratorWrapper_top5_1110,2,0.21797583,0,1.222317421073112,True,True,True,False,13
28,CaseBasedGeneratorWrapper_top5_1110,2,0.22733375,0,1.6533170412689404,True,True,True,False,13
29,CaseBasedGeneratorWrapper_top5_1110,2,0.2314959,0,1.6629351127364924,True,True,True,False,13
30,RandomGeneratorWrapper_top5_1110,0,0.55704206,1,0.9220655296035947,True,True,True,False,13
31,RandomGeneratorWrapper_top5_1110,0,0.3925058,0,0.9571175686707997,True,True,True,False,13
32,RandomGeneratorWrapper_top5_1110,0,0.18707249,0,0.9733040299537707,True,True,True,False,13
33,RandomGeneratorWrapper_top5_1110,0,0.33940992,0,1.0297607186187094,True,True,True,False,13
34,RandomGeneratorWrapper_top5_1110,0,0.2790055,0,1.070756746769141,True,True,True,False,13
35,RandomGeneratorWrapper_top5_1110,1,0.17433383,0,1.0690335079527822,True,True,True,False,13
36,RandomGeneratorWrapper_top5_1110,1,0.3646466,0,1.0744460243595555,True,True,True,False,13
37,RandomGeneratorWrapper_top5_1110,1,0.51461893,1,1.0780491029040975,True,True,True,False,13
38,RandomGeneratorWrapper_top5_1110,1,0.19699377,0,1.1117080202412226,True,True,True,False,13
39,RandomGeneratorWrapper_top5_1110,1,0.37295717,0,1.153677700467766,True,True,True,False,13
40,RandomGeneratorWrapper_top5_1110,2,0.19030115,0,1.0535743766674928,True,True,True,False,13
41,RandomGeneratorWrapper_top5_1110,2,0.36600912,0,1.0842579507720564,True,True,True,False,13
42,RandomGeneratorWrapper_top5_1110,2,0.15172808,0,1.1223980007168297,True,True,True,False,13
43,RandomGeneratorWrapper_top5_1110,2,0.38465455,0,1.172103955704851,True,True,True,False,13
44,RandomGeneratorWrapper_top5_1110,2,0.40113425,0,1.2061749588767363,True,True,True,False,13
45,SimpleVAEGeneratorWrapper_top5_1110,0,0.3306803,0,0.7788358039308868,True,True,True,False,13
46,SimpleVAEGeneratorWrapper_top5_1110,0,0.2591908,0,0.7791837489545254,True,True,True,False,13
47,SimpleVAEGeneratorWrapper_top5_1110,0,0.24994792,0,0.7799587307225809,True,True,True,False,13
48,SimpleVAEGeneratorWrapper_top5_1110,0,0.29793203,0,0.78207317799909,True,True,True,False,13
49,SimpleVAEGeneratorWrapper_top5_1110,0,0.23848699,0,0.8727170687432184,True,True,True,False,13
50,SimpleVAEGeneratorWrapper_top5_1110,1,0.23801878,0,1.1771263365617466,True,True,True,False,13
51,SimpleVAEGeneratorWrapper_top5_1110,1,0.24319777,0,1.1821156319924704,True,True,True,False,13
52,SimpleVAEGeneratorWrapper_top5_1110,1,0.24199937,0,1.183318003034894,True,True,True,False,13
53,SimpleVAEGeneratorWrapper_top5_1110,1,0.24051198,0,1.2051224431699454,True,True,True,False,13
54,SimpleVAEGeneratorWrapper_top5_1110,1,0.24076685,0,1.206813112283718,True,True,True,False,13
55,SimpleVAEGeneratorWrapper_top5_1110,2,0.24574547,0,1.0617754190847177,True,True,True,False,13
56,SimpleVAEGeneratorWrapper_top5_1110,2,0.2542812,0,1.0831141007541856,True,True,True,False,13
57,SimpleVAEGeneratorWrapper_top5_1110,2,0.24394839,0,1.1062364885504443,True,True,True,False,13
58,SimpleVAEGeneratorWrapper_top5_1110,2,0.2393077,0,1.1108685346704936,True,True,True,False,13
59,SimpleVAEGeneratorWrapper_top5_1110,2,0.2412634,0,1.111899523266374,True,True,True,False,13
0,SimpleEvoGeneratorWrapper_top5_1111,0,0.5017083,1,0.9497397880521125,True,True,True,True,14
1,SimpleEvoGeneratorWrapper_top5_1111,0,0.5017083,1,0.9497397880521125,True,True,True,True,14
2,SimpleEvoGeneratorWrapper_top5_1111,0,0.5017083,1,0.9497397880521125,True,True,True,True,14
3,SimpleEvoGeneratorWrapper_top5_1111,0,0.5017083,1,0.9497397880521125,True,True,True,True,14
4,SimpleEvoGeneratorWrapper_top5_1111,0,0.5017083,1,0.9497397880521125,True,True,True,True,14
5,SimpleEvoGeneratorWrapper_top5_1111,1,0.43129027,0,1.1496370097335675,True,True,True,True,14
6,SimpleEvoGeneratorWrapper_top5_1111,1,0.43129027,0,1.1496370097335675,True,True,True,True,14
7,SimpleEvoGeneratorWrapper_top5_1111,1,0.43129027,0,1.1496370097335675,True,True,True,True,14
8,SimpleEvoGeneratorWrapper_top5_1111,1,0.43129027,0,1.1496370097335675,True,True,True,True,14
9,SimpleEvoGeneratorWrapper_top5_1111,1,0.43129027,0,1.1496370097335675,True,True,True,True,14
10,SimpleEvoGeneratorWrapper_top5_1111,2,0.28029153,0,1.1288827955465586,True,True,True,True,14
11,SimpleEvoGeneratorWrapper_top5_1111,2,0.28029153,0,1.1288827955465586,True,True,True,True,14
12,SimpleEvoGeneratorWrapper_top5_1111,2,0.28029153,0,1.1288827955465586,True,True,True,True,14
13,SimpleEvoGeneratorWrapper_top5_1111,2,0.28029153,0,1.1288827955465586,True,True,True,True,14
14,SimpleEvoGeneratorWrapper_top5_1111,2,0.28029153,0,1.1288827955465586,True,True,True,True,14
15,CaseBasedGeneratorWrapper_top5_1111,0,0.22241308,0,1.073224391427196,True,True,True,True,14
16,CaseBasedGeneratorWrapper_top5_1111,0,0.2314959,0,1.12692726945047,True,True,True,True,14
17,CaseBasedGeneratorWrapper_top5_1111,0,0.22733375,0,1.1480688862960162,True,True,True,True,14
18,CaseBasedGeneratorWrapper_top5_1111,0,0.22020298,0,1.2709428998082444,True,True,True,True,14
19,CaseBasedGeneratorWrapper_top5_1111,0,0.21720387,0,1.2820152955550583,True,True,True,True,14
20,CaseBasedGeneratorWrapper_top5_1111,1,0.22050458,0,1.0162742135506686,True,True,True,True,14
21,CaseBasedGeneratorWrapper_top5_1111,1,0.21720387,0,1.2135987253535723,True,True,True,True,14
22,CaseBasedGeneratorWrapper_top5_1111,1,0.22733375,0,1.2172046318060195,True,True,True,True,14
23,CaseBasedGeneratorWrapper_top5_1111,1,0.22020298,0,1.2262720035347559,True,True,True,True,14
24,CaseBasedGeneratorWrapper_top5_1111,1,0.2314959,0,1.2388268472394632,True,True,True,True,14
25,CaseBasedGeneratorWrapper_top5_1111,2,0.2208692,0,1.2019684939029907,True,True,True,True,14
26,CaseBasedGeneratorWrapper_top5_1111,2,0.22241308,0,1.2041682500140534,True,True,True,True,14
27,CaseBasedGeneratorWrapper_top5_1111,2,0.21797583,0,1.207920276755485,True,True,True,True,14
28,CaseBasedGeneratorWrapper_top5_1111,2,0.22733375,0,1.6482778261810498,True,True,True,True,14
29,CaseBasedGeneratorWrapper_top5_1111,2,0.2314959,0,1.6620580303886225,True,True,True,True,14
30,RandomGeneratorWrapper_top5_1111,0,0.38847816,0,1.0912568816496493,True,True,True,True,14
31,RandomGeneratorWrapper_top5_1111,0,0.38536796,0,1.113078149412418,True,True,True,True,14
32,RandomGeneratorWrapper_top5_1111,0,0.3189874,0,1.1251242057722552,True,True,True,True,14
33,RandomGeneratorWrapper_top5_1111,0,0.4890826,0,1.1709294390299472,True,True,True,True,14
34,RandomGeneratorWrapper_top5_1111,0,0.44717872,0,1.2585741083758484,True,True,True,True,14
35,RandomGeneratorWrapper_top5_1111,1,0.43063563,0,1.2694236988225245,True,True,True,True,14
36,RandomGeneratorWrapper_top5_1111,1,0.3859518,0,1.2862607781841198,True,True,True,True,14
37,RandomGeneratorWrapper_top5_1111,1,0.43867686,0,1.3423637666035593,True,True,True,True,14
38,RandomGeneratorWrapper_top5_1111,1,0.4903192,0,1.3503260744994092,True,True,True,True,14
39,RandomGeneratorWrapper_top5_1111,1,0.38787556,0,1.4817341225950607,True,True,True,True,14
40,RandomGeneratorWrapper_top5_1111,2,0.37114713,0,1.1818901080893847,True,True,True,True,14
41,RandomGeneratorWrapper_top5_1111,2,0.41527414,0,1.2061860041091417,True,True,True,True,14
42,RandomGeneratorWrapper_top5_1111,2,0.48401153,0,1.2197886398806814,True,True,True,True,14
43,RandomGeneratorWrapper_top5_1111,2,0.5461307,1,1.2729387940130348,True,True,True,True,14
44,RandomGeneratorWrapper_top5_1111,2,0.3449261,0,1.3337095579359488,True,True,True,True,14
45,SimpleVAEGeneratorWrapper_top5_1111,0,0.44089803,0,0.8625896739485169,True,True,True,True,14
46,SimpleVAEGeneratorWrapper_top5_1111,0,0.3803268,0,0.8660331925803991,True,True,True,True,14
47,SimpleVAEGeneratorWrapper_top5_1111,0,0.35909098,0,0.8914285512815802,True,True,True,True,14
48,SimpleVAEGeneratorWrapper_top5_1111,0,0.3102041,0,0.8919078511324267,True,True,True,True,14
49,SimpleVAEGeneratorWrapper_top5_1111,0,0.44031733,0,0.8993274741486713,True,True,True,True,14
50,SimpleVAEGeneratorWrapper_top5_1111,1,0.24743585,0,1.1493564054135035,True,True,True,True,14
51,SimpleVAEGeneratorWrapper_top5_1111,1,0.40612212,0,1.1527473308012284,True,True,True,True,14
52,SimpleVAEGeneratorWrapper_top5_1111,1,0.24416335,0,1.1549494583748383,True,True,True,True,14
53,SimpleVAEGeneratorWrapper_top5_1111,1,0.24332663,0,1.1755211409023416,True,True,True,True,14
54,SimpleVAEGeneratorWrapper_top5_1111,1,0.24227239,0,1.1888804498800967,True,True,True,True,14
55,SimpleVAEGeneratorWrapper_top5_1111,2,0.23872238,0,1.0979726760991584,True,True,True,True,14
56,SimpleVAEGeneratorWrapper_top5_1111,2,0.25645092,0,1.1035843729355763,True,True,True,True,14
57,SimpleVAEGeneratorWrapper_top5_1111,2,0.24087097,0,1.1298235922678699,True,True,True,True,14
58,SimpleVAEGeneratorWrapper_top5_1111,2,0.2693632,0,1.1675314779263462,True,True,True,True,14
59,SimpleVAEGeneratorWrapper_top5_1111,2,0.23905887,0,1.1963060687741867,True,True,True,True,14
