,trace,input_x_seq_len,true_y_seq_len,pred_y_seq_len,acc,recall,precision,f1,levenshtein,damerau_levenshtein,local_alignment,global_alignment,emph_start,longest_subsequence,longest_substring,overlap,entropy,input,true_encoded,pred_encoded,true_decoded,pred_decoded
0,0,13,2,2,1.0,1.0,1.0,1.0,1.0,1.0,1.0,1.0,1.0,1.0,1.0,1.0,1.0,019 | 019-001 | 019-001-002 | 019-001-002-006 | 019-001-002-006-001 | 019-001-002-006-001-002 | 019-001-002-006-001-002-006 | 019-001-002-006-001-002-006-001 | 019-001-002-006-001-002-006-001-002 | 019-001-002-006-001-002-006-001-002-006 | 019-001-002-006-001-002-006-001-002-006-001 | 019-001-002-006-001-002-006-001-002-006-001-002 | 019-001-002-006-001-002-006-001-002-006-001-002-003,004 -> 020,004 -> 020,Payment_Handled -> <E>,Payment_Handled -> <E>
1,1,2,5,5,1.0,1.0,1.0,1.0,1.0,1.0,1.0,1.0,1.0,1.0,1.0,1.0,1.0,019 | 019-001,011 -> 002 -> 003 -> 004 -> 020,011 -> 002 -> 003 -> 004 -> 020,DECL_APPROVED_ADMINISTRATION -> DECL_FINAL_APPROVED_SUPERVISOR -> Request_Payment -> Payment_Handled -> <E>,DECL_APPROVED_ADMINISTRATION -> DECL_FINAL_APPROVED_SUPERVISOR -> Request_Payment -> Payment_Handled -> <E>
2,2,1,6,6,1.0,1.0,1.0,1.0,1.0,1.0,1.0,1.0,1.0,1.0,1.0,1.0,1.0,019,001 -> 011 -> 002 -> 003 -> 004 -> 020,001 -> 011 -> 002 -> 003 -> 004 -> 020,DECL_SUBMITTED_EMPLOYEE -> DECL_APPROVED_ADMINISTRATION -> DECL_FINAL_APPROVED_SUPERVISOR -> Request_Payment -> Payment_Handled -> <E>,DECL_SUBMITTED_EMPLOYEE -> DECL_APPROVED_ADMINISTRATION -> DECL_FINAL_APPROVED_SUPERVISOR -> Request_Payment -> Payment_Handled -> <E>
3,3,4,3,3,1.0,1.0,1.0,1.0,1.0,1.0,1.0,1.0,1.0,1.0,1.0,1.0,1.0,019 | 019-001 | 019-001-011 | 019-001-011-002,003 -> 004 -> 020,003 -> 004 -> 020,Request_Payment -> Payment_Handled -> <E>,Request_Payment -> Payment_Handled -> <E>
4,4,4,4,4,1.0,1.0,1.0,1.0,1.0,1.0,1.0,1.0,1.0,1.0,1.0,1.0,1.0,019 | 019-001 | 019-001-011 | 019-001-011-012,002 -> 003 -> 004 -> 020,002 -> 003 -> 004 -> 020,DECL_FINAL_APPROVED_SUPERVISOR -> Request_Payment -> Payment_Handled -> <E>,DECL_FINAL_APPROVED_SUPERVISOR -> Request_Payment -> Payment_Handled -> <E>
5,5,6,1,1,1.0,1.0,1.0,1.0,1.0,1.0,1.0,1.0,1.0,1.0,1.0,1.0,1.0,019 | 019-001 | 019-001-011 | 019-001-011-002 | 019-001-011-002-003 | 019-001-011-002-003-004,020,020,<E>,<E>
6,6,2,6,5,0.16666666666666666,0.16666666666666666,0.16666666666666666,0.16666666666666666,0.6666666666666667,0.6666666666666667,0.5,0.75,0.9,0.8333333333333334,0.6666666666666667,0.8333333333333334,0.953509509058145,019 | 019-001,011 -> 012 -> 002 -> 003 -> 004 -> 020,011 -> 002 -> 003 -> 004 -> 020 -> 000,DECL_APPROVED_ADMINISTRATION -> DECL_APPROVED_BUDGET_OWNER -> DECL_FINAL_APPROVED_SUPERVISOR -> Request_Payment -> Payment_Handled -> <E>,DECL_APPROVED_ADMINISTRATION -> DECL_FINAL_APPROVED_SUPERVISOR -> Request_Payment -> Payment_Handled -> <E> -> <P>
7,7,2,6,5,0.16666666666666666,0.16666666666666666,0.16666666666666666,0.16666666666666666,0.6666666666666667,0.6666666666666667,0.5,0.75,0.9,0.8333333333333334,0.6666666666666667,0.8333333333333334,0.953509509058145,019 | 019-001,011 -> 012 -> 002 -> 003 -> 004 -> 020,011 -> 002 -> 003 -> 004 -> 020 -> 000,DECL_APPROVED_ADMINISTRATION -> DECL_APPROVED_BUDGET_OWNER -> DECL_FINAL_APPROVED_SUPERVISOR -> Request_Payment -> Payment_Handled -> <E>,DECL_APPROVED_ADMINISTRATION -> DECL_FINAL_APPROVED_SUPERVISOR -> Request_Payment -> Payment_Handled -> <E> -> <P>
8,8,6,2,2,1.0,1.0,1.0,1.0,1.0,1.0,1.0,1.0,1.0,1.0,1.0,1.0,1.0,019 | 019-001 | 019-001-011 | 019-001-011-012 | 019-001-011-012-002 | 019-001-011-012-002-003,004 -> 020,004 -> 020,Payment_Handled -> <E>,Payment_Handled -> <E>
9,9,7,1,1,1.0,1.0,1.0,1.0,1.0,1.0,1.0,1.0,1.0,1.0,1.0,1.0,1.0,019 | 019-001 | 019-001-011 | 019-001-011-012 | 019-001-011-012-002 | 019-001-011-012-002-003 | 019-001-011-012-002-003-004,020,020,<E>,<E>
10,10,3,7,5,0.14285714285714285,0.14285714285714285,0.2857142857142857,0.19047619047619047,0.1428571428571429,0.1428571428571429,0.1428571428571429,0.5714285714285714,0.5238095238095238,0.2857142857142857,0.1428571428571429,0.4285714285714286,0.7373504649628067,019 | 019-001 | 019-001-014,008 -> 001 -> 011 -> 002 -> 003 -> 004 -> 020,008 -> 008 -> 020 -> 000 -> 004 -> 000 -> 000,DECL_REJECTED_EMPLOYEE -> DECL_SUBMITTED_EMPLOYEE -> DECL_APPROVED_ADMINISTRATION -> DECL_FINAL_APPROVED_SUPERVISOR -> Request_Payment -> Payment_Handled -> <E>,DECL_REJECTED_EMPLOYEE -> DECL_REJECTED_EMPLOYEE -> <E> -> <P> -> Payment_Handled -> <P> -> <P>
11,11,3,4,4,1.0,1.0,1.0,1.0,1.0,1.0,1.0,1.0,1.0,1.0,1.0,1.0,1.0,019 | 019-001 | 019-001-011,002 -> 003 -> 004 -> 020,002 -> 003 -> 004 -> 020,DECL_FINAL_APPROVED_SUPERVISOR -> Request_Payment -> Payment_Handled -> <E>,DECL_FINAL_APPROVED_SUPERVISOR -> Request_Payment -> Payment_Handled -> <E>
12,12,7,11,6,0.18181818181818182,0.18181818181818182,0.09090909090909091,0.1212121212121212,0.18181818181818177,0.18181818181818177,0.18181818181818177,0.5909090909090909,0.4545454545454546,0.2727272727272727,0.18181818181818177,0.2727272727272727,0.6516735734865726,019 | 019-001 | 019-001-014 | 019-001-014-008 | 019-001-014-008-001 | 019-001-014-008-001-014 | 019-001-014-008-001-014-008,001 -> 011 -> 010 -> 008 -> 001 -> 011 -> 012 -> 002 -> 003 -> 004 -> 020,001 -> 011 -> 000 -> 000 -> 020 -> 020 -> 000 -> 000 -> 000 -> 000 -> 000,DECL_SUBMITTED_EMPLOYEE -> DECL_APPROVED_ADMINISTRATION -> DECL_REJECTED_SUPERVISOR -> DECL_REJECTED_EMPLOYEE -> DECL_SUBMITTED_EMPLOYEE -> DECL_APPROVED_ADMINISTRATION -> DECL_APPROVED_BUDGET_OWNER -> DECL_FINAL_APPROVED_SUPERVISOR -> Request_Payment -> Payment_Handled -> <E>,DECL_SUBMITTED_EMPLOYEE -> DECL_APPROVED_ADMINISTRATION -> <P> -> <P> -> <E> -> <E> -> <P> -> <P> -> <P> -> <P> -> <P>
13,13,2,5,5,1.0,1.0,1.0,1.0,1.0,1.0,1.0,1.0,1.0,1.0,1.0,1.0,1.0,019 | 019-001,011 -> 002 -> 003 -> 004 -> 020,011 -> 002 -> 003 -> 004 -> 020,DECL_APPROVED_ADMINISTRATION -> DECL_FINAL_APPROVED_SUPERVISOR -> Request_Payment -> Payment_Handled -> <E>,DECL_APPROVED_ADMINISTRATION -> DECL_FINAL_APPROVED_SUPERVISOR -> Request_Payment -> Payment_Handled -> <E>
14,14,3,3,3,1.0,1.0,1.0,1.0,1.0,1.0,1.0,1.0,1.0,1.0,1.0,1.0,1.0,019 | 019-001 | 019-001-002,003 -> 004 -> 020,003 -> 004 -> 020,Request_Payment -> Payment_Handled -> <E>,Request_Payment -> Payment_Handled -> <E>
15,15,1,7,6,0.2857142857142857,0.2857142857142857,0.2857142857142857,0.2857142857142857,0.7142857142857143,0.7142857142857143,0.5714285714285714,0.7857142857142857,0.9238095238095239,0.8571428571428572,0.5714285714285714,0.8571428571428571,0.9624786378518294,019,001 -> 011 -> 012 -> 002 -> 003 -> 004 -> 020,001 -> 011 -> 002 -> 003 -> 004 -> 020 -> 000,DECL_SUBMITTED_EMPLOYEE -> DECL_APPROVED_ADMINISTRATION -> DECL_APPROVED_BUDGET_OWNER -> DECL_FINAL_APPROVED_SUPERVISOR -> Request_Payment -> Payment_Handled -> <E>,DECL_SUBMITTED_EMPLOYEE -> DECL_APPROVED_ADMINISTRATION -> DECL_FINAL_APPROVED_SUPERVISOR -> Request_Payment -> Payment_Handled -> <E> -> <P>
16,16,3,5,4,0.0,0.0,0.0,0.0,0.6,0.6,0.6,0.7,0.8666666666666667,0.8,0.8,0.8,0.9397940008672039,019 | 019-001 | 019-001-011,012 -> 002 -> 003 -> 004 -> 020,002 -> 003 -> 004 -> 020 -> 000,DECL_APPROVED_BUDGET_OWNER -> DECL_FINAL_APPROVED_SUPERVISOR -> Request_Payment -> Payment_Handled -> <E>,DECL_FINAL_APPROVED_SUPERVISOR -> Request_Payment -> Payment_Handled -> <E> -> <P>
17,17,1,7,6,0.2857142857142857,0.2857142857142857,0.2857142857142857,0.2857142857142857,0.7142857142857143,0.7142857142857143,0.5714285714285714,0.7857142857142857,0.9238095238095239,0.8571428571428572,0.5714285714285714,0.8571428571428571,0.9624786378518294,019,001 -> 011 -> 012 -> 002 -> 003 -> 004 -> 020,001 -> 011 -> 002 -> 003 -> 004 -> 020 -> 000,DECL_SUBMITTED_EMPLOYEE -> DECL_APPROVED_ADMINISTRATION -> DECL_APPROVED_BUDGET_OWNER -> DECL_FINAL_APPROVED_SUPERVISOR -> Request_Payment -> Payment_Handled -> <E>,DECL_SUBMITTED_EMPLOYEE -> DECL_APPROVED_ADMINISTRATION -> DECL_FINAL_APPROVED_SUPERVISOR -> Request_Payment -> Payment_Handled -> <E> -> <P>
18,18,1,6,6,1.0,1.0,1.0,1.0,1.0,1.0,1.0,1.0,1.0,1.0,1.0,1.0,1.0,019,001 -> 011 -> 002 -> 003 -> 004 -> 020,001 -> 011 -> 002 -> 003 -> 004 -> 020,DECL_SUBMITTED_EMPLOYEE -> DECL_APPROVED_ADMINISTRATION -> DECL_FINAL_APPROVED_SUPERVISOR -> Request_Payment -> Payment_Handled -> <E>,DECL_SUBMITTED_EMPLOYEE -> DECL_APPROVED_ADMINISTRATION -> DECL_FINAL_APPROVED_SUPERVISOR -> Request_Payment -> Payment_Handled -> <E>
19,19,5,2,2,1.0,1.0,1.0,1.0,1.0,1.0,1.0,1.0,1.0,1.0,1.0,1.0,1.0,019 | 019-001 | 019-001-011 | 019-001-011-002 | 019-001-011-002-003,004 -> 020,004 -> 020,Payment_Handled -> <E>,Payment_Handled -> <E>
20,20,4,3,3,1.0,1.0,1.0,1.0,1.0,1.0,1.0,1.0,1.0,1.0,1.0,1.0,1.0,019 | 019-001 | 019-001-011 | 019-001-011-002,003 -> 004 -> 020,003 -> 004 -> 020,Request_Payment -> Payment_Handled -> <E>,Request_Payment -> Payment_Handled -> <E>
21,21,5,2,2,1.0,1.0,1.0,1.0,1.0,1.0,1.0,1.0,1.0,1.0,1.0,1.0,1.0,019 | 019-001 | 019-001-011 | 019-001-011-002 | 019-001-011-002-003,004 -> 020,004 -> 020,Payment_Handled -> <E>,Payment_Handled -> <E>
22,22,3,5,4,0.2,0.2,0.4,0.26666666666666666,0.4,0.4,0.4,0.6,0.7333333333333334,0.6,0.4,0.6,0.8421063807519175,019 | 019-001 | 019-001-011,012 -> 002 -> 003 -> 004 -> 020,002 -> 003 -> 003 -> 020 -> 000,DECL_APPROVED_BUDGET_OWNER -> DECL_FINAL_APPROVED_SUPERVISOR -> Request_Payment -> Payment_Handled -> <E>,DECL_FINAL_APPROVED_SUPERVISOR -> Request_Payment -> Request_Payment -> <E> -> <P>
23,23,2,5,5,1.0,1.0,1.0,1.0,1.0,1.0,1.0,1.0,1.0,1.0,1.0,1.0,1.0,019 | 019-001,011 -> 002 -> 003 -> 004 -> 020,011 -> 002 -> 003 -> 004 -> 020,DECL_APPROVED_ADMINISTRATION -> DECL_FINAL_APPROVED_SUPERVISOR -> Request_Payment -> Payment_Handled -> <E>,DECL_APPROVED_ADMINISTRATION -> DECL_FINAL_APPROVED_SUPERVISOR -> Request_Payment -> Payment_Handled -> <E>
24,24,3,4,4,1.0,1.0,1.0,1.0,1.0,1.0,1.0,1.0,1.0,1.0,1.0,1.0,1.0,019 | 019-001 | 019-001-011,002 -> 003 -> 004 -> 020,002 -> 003 -> 004 -> 020,DECL_FINAL_APPROVED_SUPERVISOR -> Request_Payment -> Payment_Handled -> <E>,DECL_FINAL_APPROVED_SUPERVISOR -> Request_Payment -> Payment_Handled -> <E>
25,25,2,5,5,0.8,0.8,0.8,0.8,0.8,0.8,0.8,0.9,0.8666666666666667,0.8,0.8,0.8,0.9397940008672037,019 | 019-001,005 -> 002 -> 003 -> 004 -> 020,011 -> 002 -> 003 -> 004 -> 020,DECL_APPROVED_PRE_APPROVER -> DECL_FINAL_APPROVED_SUPERVISOR -> Request_Payment -> Payment_Handled -> <E>,DECL_APPROVED_ADMINISTRATION -> DECL_FINAL_APPROVED_SUPERVISOR -> Request_Payment -> Payment_Handled -> <E>
26,26,6,1,1,1.0,1.0,1.0,1.0,1.0,1.0,1.0,1.0,1.0,1.0,1.0,1.0,1.0,019 | 019-001 | 019-001-005 | 019-001-005-002 | 019-001-005-002-003 | 019-001-005-002-003-004,020,020,<E>,<E>
27,27,1,6,6,1.0,1.0,1.0,1.0,1.0,1.0,1.0,1.0,1.0,1.0,1.0,1.0,1.0,019,001 -> 011 -> 002 -> 003 -> 004 -> 020,001 -> 011 -> 002 -> 003 -> 004 -> 020,DECL_SUBMITTED_EMPLOYEE -> DECL_APPROVED_ADMINISTRATION -> DECL_FINAL_APPROVED_SUPERVISOR -> Request_Payment -> Payment_Handled -> <E>,DECL_SUBMITTED_EMPLOYEE -> DECL_APPROVED_ADMINISTRATION -> DECL_FINAL_APPROVED_SUPERVISOR -> Request_Payment -> Payment_Handled -> <E>
28,28,4,2,2,1.0,1.0,1.0,1.0,1.0,1.0,1.0,1.0,1.0,1.0,1.0,1.0,1.0,019 | 019-001 | 019-001-002 | 019-001-002-003,004 -> 020,004 -> 020,Payment_Handled -> <E>,Payment_Handled -> <E>
29,29,3,4,4,0.75,0.75,0.75,0.75,0.75,0.75,0.75,0.875,0.8333333333333334,0.75,0.75,0.75,0.9166666666666666,019 | 019-001 | 019-001-011,002 -> 003 -> 004 -> 020,012 -> 003 -> 004 -> 020,DECL_FINAL_APPROVED_SUPERVISOR -> Request_Payment -> Payment_Handled -> <E>,DECL_APPROVED_BUDGET_OWNER -> Request_Payment -> Payment_Handled -> <E>
30,30,1,4,6,0.16666666666666666,0.16666666666666666,0.16666666666666666,0.16666666666666666,0.16666666666666663,0.16666666666666663,0.16666666666666663,0.5833333333333334,0.5555555555555555,0.33333333333333337,0.16666666666666663,0.33333333333333326,0.7675475452907251,019,001 -> 014 -> 008 -> 020 -> 000 -> 000,001 -> 011 -> 002 -> 003 -> 004 -> 020,DECL_SUBMITTED_EMPLOYEE -> DECL_REJECTED_ADMINISTRATION -> DECL_REJECTED_EMPLOYEE -> <E> -> <P> -> <P>,DECL_SUBMITTED_EMPLOYEE -> DECL_APPROVED_ADMINISTRATION -> DECL_FINAL_APPROVED_SUPERVISOR -> Request_Payment -> Payment_Handled -> <E>
31,31,1,6,6,1.0,1.0,1.0,1.0,1.0,1.0,1.0,1.0,1.0,1.0,1.0,1.0,1.0,019,001 -> 011 -> 002 -> 003 -> 004 -> 020,001 -> 011 -> 002 -> 003 -> 004 -> 020,DECL_SUBMITTED_EMPLOYEE -> DECL_APPROVED_ADMINISTRATION -> DECL_FINAL_APPROVED_SUPERVISOR -> Request_Payment -> Payment_Handled -> <E>,DECL_SUBMITTED_EMPLOYEE -> DECL_APPROVED_ADMINISTRATION -> DECL_FINAL_APPROVED_SUPERVISOR -> Request_Payment -> Payment_Handled -> <E>
32,32,6,2,2,1.0,1.0,1.0,1.0,1.0,1.0,1.0,1.0,1.0,1.0,1.0,1.0,1.0,019 | 019-001 | 019-001-011 | 019-001-011-012 | 019-001-011-012-002 | 019-001-011-012-002-003,004 -> 020,004 -> 020,Payment_Handled -> <E>,Payment_Handled -> <E>
33,33,3,7,3,0.14285714285714285,0.14285714285714285,0.2857142857142857,0.19047619047619047,0.1428571428571429,0.1428571428571429,0.1428571428571429,0.5714285714285714,0.4285714285714286,0.2857142857142857,0.1428571428571429,0.2857142857142857,0.6389485821931967,019 | 019-001 | 019-001-014,008 -> 001 -> 011 -> 002 -> 003 -> 004 -> 020,008 -> 008 -> 020 -> 000 -> 000 -> 000 -> 000,DECL_REJECTED_EMPLOYEE -> DECL_SUBMITTED_EMPLOYEE -> DECL_APPROVED_ADMINISTRATION -> DECL_FINAL_APPROVED_SUPERVISOR -> Request_Payment -> Payment_Handled -> <E>,DECL_REJECTED_EMPLOYEE -> DECL_REJECTED_EMPLOYEE -> <E> -> <P> -> <P> -> <P> -> <P>
34,34,3,4,4,0.75,0.75,0.75,0.75,0.75,0.75,0.75,0.875,0.8333333333333334,0.75,0.75,0.75,0.9166666666666666,019 | 019-001 | 019-001-011,002 -> 003 -> 004 -> 020,012 -> 003 -> 004 -> 020,DECL_FINAL_APPROVED_SUPERVISOR -> Request_Payment -> Payment_Handled -> <E>,DECL_APPROVED_BUDGET_OWNER -> Request_Payment -> Payment_Handled -> <E>
35,35,4,2,2,1.0,1.0,1.0,1.0,1.0,1.0,1.0,1.0,1.0,1.0,1.0,1.0,1.0,019 | 019-001 | 019-001-002 | 019-001-002-003,004 -> 020,004 -> 020,Payment_Handled -> <E>,Payment_Handled -> <E>
36,36,4,4,4,1.0,1.0,1.0,1.0,1.0,1.0,1.0,1.0,1.0,1.0,1.0,1.0,1.0,019 | 019-001 | 019-001-011 | 019-001-011-012,002 -> 003 -> 004 -> 020,002 -> 003 -> 004 -> 020,DECL_FINAL_APPROVED_SUPERVISOR -> Request_Payment -> Payment_Handled -> <E>,DECL_FINAL_APPROVED_SUPERVISOR -> Request_Payment -> Payment_Handled -> <E>
37,37,4,3,3,1.0,1.0,1.0,1.0,1.0,1.0,1.0,1.0,1.0,1.0,1.0,1.0,1.0,019 | 019-001 | 019-001-011 | 019-001-011-002,003 -> 004 -> 020,003 -> 004 -> 020,Request_Payment -> Payment_Handled -> <E>,Request_Payment -> Payment_Handled -> <E>
38,38,2,5,5,1.0,1.0,1.0,1.0,1.0,1.0,1.0,1.0,1.0,1.0,1.0,1.0,1.0,019 | 019-001,011 -> 002 -> 003 -> 004 -> 020,011 -> 002 -> 003 -> 004 -> 020,DECL_APPROVED_ADMINISTRATION -> DECL_FINAL_APPROVED_SUPERVISOR -> Request_Payment -> Payment_Handled -> <E>,DECL_APPROVED_ADMINISTRATION -> DECL_FINAL_APPROVED_SUPERVISOR -> Request_Payment -> Payment_Handled -> <E>
39,39,3,4,4,1.0,1.0,1.0,1.0,1.0,1.0,1.0,1.0,1.0,1.0,1.0,1.0,1.0,019 | 019-001 | 019-001-011,002 -> 003 -> 004 -> 020,002 -> 003 -> 004 -> 020,DECL_FINAL_APPROVED_SUPERVISOR -> Request_Payment -> Payment_Handled -> <E>,DECL_FINAL_APPROVED_SUPERVISOR -> Request_Payment -> Payment_Handled -> <E>
40,40,2,5,5,1.0,1.0,1.0,1.0,1.0,1.0,1.0,1.0,1.0,1.0,1.0,1.0,1.0,019 | 019-001,011 -> 002 -> 003 -> 004 -> 020,011 -> 002 -> 003 -> 004 -> 020,DECL_APPROVED_ADMINISTRATION -> DECL_FINAL_APPROVED_SUPERVISOR -> Request_Payment -> Payment_Handled -> <E>,DECL_APPROVED_ADMINISTRATION -> DECL_FINAL_APPROVED_SUPERVISOR -> Request_Payment -> Payment_Handled -> <E>
41,41,7,1,1,1.0,1.0,1.0,1.0,1.0,1.0,1.0,1.0,1.0,1.0,1.0,1.0,1.0,019 | 019-001 | 019-001-011 | 019-001-011-012 | 019-001-011-012-002 | 019-001-011-012-002-003 | 019-001-011-012-002-003-004,020,020,<E>,<E>
42,42,1,6,6,1.0,1.0,1.0,1.0,1.0,1.0,1.0,1.0,1.0,1.0,1.0,1.0,1.0,019,001 -> 011 -> 002 -> 003 -> 004 -> 020,001 -> 011 -> 002 -> 003 -> 004 -> 020,DECL_SUBMITTED_EMPLOYEE -> DECL_APPROVED_ADMINISTRATION -> DECL_FINAL_APPROVED_SUPERVISOR -> Request_Payment -> Payment_Handled -> <E>,DECL_SUBMITTED_EMPLOYEE -> DECL_APPROVED_ADMINISTRATION -> DECL_FINAL_APPROVED_SUPERVISOR -> Request_Payment -> Payment_Handled -> <E>
43,43,3,5,4,0.0,0.0,0.0,0.0,0.6,0.6,0.6,0.7,0.8666666666666667,0.8,0.8,0.8,0.9397940008672039,019 | 019-001 | 019-001-011,012 -> 002 -> 003 -> 004 -> 020,002 -> 003 -> 004 -> 020 -> 000,DECL_APPROVED_BUDGET_OWNER -> DECL_FINAL_APPROVED_SUPERVISOR -> Request_Payment -> Payment_Handled -> <E>,DECL_FINAL_APPROVED_SUPERVISOR -> Request_Payment -> Payment_Handled -> <E> -> <P>
44,44,3,4,4,1.0,1.0,1.0,1.0,1.0,1.0,1.0,1.0,1.0,1.0,1.0,1.0,1.0,019 | 019-001 | 019-001-005,002 -> 003 -> 004 -> 020,002 -> 003 -> 004 -> 020,DECL_FINAL_APPROVED_SUPERVISOR -> Request_Payment -> Payment_Handled -> <E>,DECL_FINAL_APPROVED_SUPERVISOR -> Request_Payment -> Payment_Handled -> <E>
45,45,4,3,3,1.0,1.0,1.0,1.0,1.0,1.0,1.0,1.0,1.0,1.0,1.0,1.0,1.0,019 | 019-001 | 019-001-011 | 019-001-011-002,003 -> 004 -> 020,003 -> 004 -> 020,Request_Payment -> Payment_Handled -> <E>,Request_Payment -> Payment_Handled -> <E>
46,46,1,6,6,1.0,1.0,1.0,1.0,1.0,1.0,1.0,1.0,1.0,1.0,1.0,1.0,1.0,019,001 -> 011 -> 002 -> 003 -> 004 -> 020,001 -> 011 -> 002 -> 003 -> 004 -> 020,DECL_SUBMITTED_EMPLOYEE -> DECL_APPROVED_ADMINISTRATION -> DECL_FINAL_APPROVED_SUPERVISOR -> Request_Payment -> Payment_Handled -> <E>,DECL_SUBMITTED_EMPLOYEE -> DECL_APPROVED_ADMINISTRATION -> DECL_FINAL_APPROVED_SUPERVISOR -> Request_Payment -> Payment_Handled -> <E>
47,47,4,4,4,1.0,1.0,1.0,1.0,1.0,1.0,1.0,1.0,1.0,1.0,1.0,1.0,1.0,019 | 019-001 | 019-001-011 | 019-001-011-012,002 -> 003 -> 004 -> 020,002 -> 003 -> 004 -> 020,DECL_FINAL_APPROVED_SUPERVISOR -> Request_Payment -> Payment_Handled -> <E>,DECL_FINAL_APPROVED_SUPERVISOR -> Request_Payment -> Payment_Handled -> <E>
48,48,2,5,5,1.0,1.0,1.0,1.0,1.0,1.0,1.0,1.0,1.0,1.0,1.0,1.0,1.0,019 | 019-001,011 -> 002 -> 003 -> 004 -> 020,011 -> 002 -> 003 -> 004 -> 020,DECL_APPROVED_ADMINISTRATION -> DECL_FINAL_APPROVED_SUPERVISOR -> Request_Payment -> Payment_Handled -> <E>,DECL_APPROVED_ADMINISTRATION -> DECL_FINAL_APPROVED_SUPERVISOR -> Request_Payment -> Payment_Handled -> <E>
49,49,6,1,1,1.0,1.0,1.0,1.0,1.0,1.0,1.0,1.0,1.0,1.0,1.0,1.0,1.0,019 | 019-001 | 019-001-011 | 019-001-011-002 | 019-001-011-002-003 | 019-001-011-002-003-004,020,020,<E>,<E>
50,50,1,6,6,1.0,1.0,1.0,1.0,1.0,1.0,1.0,1.0,1.0,1.0,1.0,1.0,1.0,019,001 -> 011 -> 002 -> 003 -> 004 -> 020,001 -> 011 -> 002 -> 003 -> 004 -> 020,DECL_SUBMITTED_EMPLOYEE -> DECL_APPROVED_ADMINISTRATION -> DECL_FINAL_APPROVED_SUPERVISOR -> Request_Payment -> Payment_Handled -> <E>,DECL_SUBMITTED_EMPLOYEE -> DECL_APPROVED_ADMINISTRATION -> DECL_FINAL_APPROVED_SUPERVISOR -> Request_Payment -> Payment_Handled -> <E>
51,51,6,1,1,1.0,1.0,1.0,1.0,1.0,1.0,1.0,1.0,1.0,1.0,1.0,1.0,1.0,019 | 019-001 | 019-001-011 | 019-001-011-002 | 019-001-011-002-003 | 019-001-011-002-003-004,020,020,<E>,<E>
52,52,7,1,1,1.0,1.0,1.0,1.0,1.0,1.0,1.0,1.0,1.0,1.0,1.0,1.0,1.0,019 | 019-001 | 019-001-011 | 019-001-011-012 | 019-001-011-012-002 | 019-001-011-012-002-003 | 019-001-011-012-002-003-004,020,020,<E>,<E>
53,53,5,2,2,1.0,1.0,1.0,1.0,1.0,1.0,1.0,1.0,1.0,1.0,1.0,1.0,1.0,019 | 019-001 | 019-001-011 | 019-001-011-002 | 019-001-011-002-003,004 -> 020,004 -> 020,Payment_Handled -> <E>,Payment_Handled -> <E>
54,54,1,4,6,0.16666666666666666,0.16666666666666666,0.16666666666666666,0.16666666666666666,0.16666666666666663,0.16666666666666663,0.16666666666666663,0.5833333333333334,0.5555555555555555,0.33333333333333337,0.16666666666666663,0.33333333333333326,0.7675475452907251,019,001 -> 014 -> 008 -> 020 -> 000 -> 000,001 -> 011 -> 002 -> 003 -> 004 -> 020,DECL_SUBMITTED_EMPLOYEE -> DECL_REJECTED_ADMINISTRATION -> DECL_REJECTED_EMPLOYEE -> <E> -> <P> -> <P>,DECL_SUBMITTED_EMPLOYEE -> DECL_APPROVED_ADMINISTRATION -> DECL_FINAL_APPROVED_SUPERVISOR -> Request_Payment -> Payment_Handled -> <E>
55,55,6,1,1,1.0,1.0,1.0,1.0,1.0,1.0,1.0,1.0,1.0,1.0,1.0,1.0,1.0,019 | 019-001 | 019-001-011 | 019-001-011-002 | 019-001-011-002-003 | 019-001-011-002-003-004,020,020,<E>,<E>
56,56,1,5,6,0.16666666666666666,0.16666666666666666,0.16666666666666666,0.16666666666666666,0.6666666666666667,0.6666666666666667,0.5,0.75,0.9,0.8333333333333334,0.6666666666666667,0.8333333333333334,0.953509509058145,019,001 -> 002 -> 003 -> 004 -> 020 -> 000,001 -> 011 -> 002 -> 003 -> 004 -> 020,DECL_SUBMITTED_EMPLOYEE -> DECL_FINAL_APPROVED_SUPERVISOR -> Request_Payment -> Payment_Handled -> <E> -> <P>,DECL_SUBMITTED_EMPLOYEE -> DECL_APPROVED_ADMINISTRATION -> DECL_FINAL_APPROVED_SUPERVISOR -> Request_Payment -> Payment_Handled -> <E>
57,57,7,3,5,0.0,0.0,0.0,0.0,0.0,0.0,0.0,0.5,0.46666666666666656,0.19999999999999996,0.19999999999999996,0.19999999999999996,0.7520434363010626,019 | 019-001 | 019-001-011 | 019-001-011-012 | 019-001-011-012-010 | 019-001-011-012-010-008 | 019-001-011-012-010-008-001,014 -> 008 -> 020 -> 000 -> 000,011 -> 002 -> 003 -> 020 -> 020,DECL_REJECTED_ADMINISTRATION -> DECL_REJECTED_EMPLOYEE -> <E> -> <P> -> <P>,DECL_APPROVED_ADMINISTRATION -> DECL_FINAL_APPROVED_SUPERVISOR -> Request_Payment -> <E> -> <E>
58,58,2,6,5,0.16666666666666666,0.16666666666666666,0.16666666666666666,0.16666666666666666,0.6666666666666667,0.6666666666666667,0.5,0.75,0.9,0.8333333333333334,0.6666666666666667,0.8333333333333334,0.953509509058145,019 | 019-001,011 -> 012 -> 002 -> 003 -> 004 -> 020,011 -> 002 -> 003 -> 004 -> 020 -> 000,DECL_APPROVED_ADMINISTRATION -> DECL_APPROVED_BUDGET_OWNER -> DECL_FINAL_APPROVED_SUPERVISOR -> Request_Payment -> Payment_Handled -> <E>,DECL_APPROVED_ADMINISTRATION -> DECL_FINAL_APPROVED_SUPERVISOR -> Request_Payment -> Payment_Handled -> <E> -> <P>
59,59,5,2,2,1.0,1.0,1.0,1.0,1.0,1.0,1.0,1.0,1.0,1.0,1.0,1.0,1.0,019 | 019-001 | 019-001-011 | 019-001-011-002 | 019-001-011-002-003,004 -> 020,004 -> 020,Payment_Handled -> <E>,Payment_Handled -> <E>
60,60,3,4,4,1.0,1.0,1.0,1.0,1.0,1.0,1.0,1.0,1.0,1.0,1.0,1.0,1.0,019 | 019-001 | 019-001-011,002 -> 003 -> 004 -> 020,002 -> 003 -> 004 -> 020,DECL_FINAL_APPROVED_SUPERVISOR -> Request_Payment -> Payment_Handled -> <E>,DECL_FINAL_APPROVED_SUPERVISOR -> Request_Payment -> Payment_Handled -> <E>
61,61,3,4,4,1.0,1.0,1.0,1.0,1.0,1.0,1.0,1.0,1.0,1.0,1.0,1.0,1.0,019 | 019-001 | 019-001-011,002 -> 003 -> 004 -> 020,002 -> 003 -> 004 -> 020,DECL_FINAL_APPROVED_SUPERVISOR -> Request_Payment -> Payment_Handled -> <E>,DECL_FINAL_APPROVED_SUPERVISOR -> Request_Payment -> Payment_Handled -> <E>
62,62,6,1,1,1.0,1.0,1.0,1.0,1.0,1.0,1.0,1.0,1.0,1.0,1.0,1.0,1.0,019 | 019-001 | 019-001-005 | 019-001-005-002 | 019-001-005-002-003 | 019-001-005-002-003-004,020,020,<E>,<E>
63,63,1,5,6,0.16666666666666666,0.16666666666666666,0.16666666666666666,0.16666666666666666,0.6666666666666667,0.6666666666666667,0.5,0.75,0.9,0.8333333333333334,0.6666666666666667,0.8333333333333334,0.953509509058145,019,001 -> 002 -> 003 -> 004 -> 020 -> 000,001 -> 011 -> 002 -> 003 -> 004 -> 020,DECL_SUBMITTED_EMPLOYEE -> DECL_FINAL_APPROVED_SUPERVISOR -> Request_Payment -> Payment_Handled -> <E> -> <P>,DECL_SUBMITTED_EMPLOYEE -> DECL_APPROVED_ADMINISTRATION -> DECL_FINAL_APPROVED_SUPERVISOR -> Request_Payment -> Payment_Handled -> <E>
64,64,3,4,4,1.0,1.0,1.0,1.0,1.0,1.0,1.0,1.0,1.0,1.0,1.0,1.0,1.0,019 | 019-001 | 019-001-011,002 -> 003 -> 004 -> 020,002 -> 003 -> 004 -> 020,DECL_FINAL_APPROVED_SUPERVISOR -> Request_Payment -> Payment_Handled -> <E>,DECL_FINAL_APPROVED_SUPERVISOR -> Request_Payment -> Payment_Handled -> <E>
65,65,4,1,6,0.0,0.0,0.0,0.0,0.0,0.0,0.0,0.5,0.0,0.25,0.25,0.25,0.6000000000000002,019 | 019-001 | 019-001-014 | 019-001-014-008,020 -> 000 -> 000 -> 000,001 -> 011 -> 020 -> 020,<E> -> <P> -> <P> -> <P>,DECL_SUBMITTED_EMPLOYEE -> DECL_APPROVED_ADMINISTRATION -> <E> -> <E>
66,66,1,6,6,0.8333333333333334,0.8333333333333334,0.8333333333333334,0.8333333333333334,0.8333333333333334,0.8333333333333334,0.8333333333333334,0.9166666666666666,0.9,0.8333333333333334,0.6666666666666667,0.8333333333333334,0.953509509058145,019,001 -> 005 -> 002 -> 003 -> 004 -> 020,001 -> 011 -> 002 -> 003 -> 004 -> 020,DECL_SUBMITTED_EMPLOYEE -> DECL_APPROVED_PRE_APPROVER -> DECL_FINAL_APPROVED_SUPERVISOR -> Request_Payment -> Payment_Handled -> <E>,DECL_SUBMITTED_EMPLOYEE -> DECL_APPROVED_ADMINISTRATION -> DECL_FINAL_APPROVED_SUPERVISOR -> Request_Payment -> Payment_Handled -> <E>
67,67,2,6,5,0.16666666666666666,0.16666666666666666,0.16666666666666666,0.16666666666666666,0.6666666666666667,0.6666666666666667,0.5,0.75,0.9,0.8333333333333334,0.6666666666666667,0.8333333333333334,0.953509509058145,019 | 019-001,011 -> 012 -> 002 -> 003 -> 004 -> 020,011 -> 002 -> 003 -> 004 -> 020 -> 000,DECL_APPROVED_ADMINISTRATION -> DECL_APPROVED_BUDGET_OWNER -> DECL_FINAL_APPROVED_SUPERVISOR -> Request_Payment -> Payment_Handled -> <E>,DECL_APPROVED_ADMINISTRATION -> DECL_FINAL_APPROVED_SUPERVISOR -> Request_Payment -> Payment_Handled -> <E> -> <P>
68,68,1,7,6,0.2857142857142857,0.2857142857142857,0.2857142857142857,0.2857142857142857,0.7142857142857143,0.7142857142857143,0.5714285714285714,0.7857142857142857,0.9238095238095239,0.8571428571428572,0.5714285714285714,0.8571428571428571,0.9624786378518294,019,001 -> 011 -> 012 -> 002 -> 003 -> 004 -> 020,001 -> 011 -> 002 -> 003 -> 004 -> 020 -> 000,DECL_SUBMITTED_EMPLOYEE -> DECL_APPROVED_ADMINISTRATION -> DECL_APPROVED_BUDGET_OWNER -> DECL_FINAL_APPROVED_SUPERVISOR -> Request_Payment -> Payment_Handled -> <E>,DECL_SUBMITTED_EMPLOYEE -> DECL_APPROVED_ADMINISTRATION -> DECL_FINAL_APPROVED_SUPERVISOR -> Request_Payment -> Payment_Handled -> <E> -> <P>
69,69,4,2,2,1.0,1.0,1.0,1.0,1.0,1.0,1.0,1.0,1.0,1.0,1.0,1.0,1.0,019 | 019-001 | 019-001-002 | 019-001-002-003,004 -> 020,004 -> 020,Payment_Handled -> <E>,Payment_Handled -> <E>
70,70,4,2,2,1.0,1.0,1.0,1.0,1.0,1.0,1.0,1.0,1.0,1.0,1.0,1.0,1.0,019 | 019-001 | 019-001-002 | 019-001-002-003,004 -> 020,004 -> 020,Payment_Handled -> <E>,Payment_Handled -> <E>
71,71,2,6,5,0.16666666666666666,0.16666666666666666,0.16666666666666666,0.16666666666666666,0.6666666666666667,0.6666666666666667,0.5,0.75,0.9,0.8333333333333334,0.6666666666666667,0.8333333333333334,0.953509509058145,019 | 019-001,011 -> 012 -> 002 -> 003 -> 004 -> 020,011 -> 002 -> 003 -> 004 -> 020 -> 000,DECL_APPROVED_ADMINISTRATION -> DECL_APPROVED_BUDGET_OWNER -> DECL_FINAL_APPROVED_SUPERVISOR -> Request_Payment -> Payment_Handled -> <E>,DECL_APPROVED_ADMINISTRATION -> DECL_FINAL_APPROVED_SUPERVISOR -> Request_Payment -> Payment_Handled -> <E> -> <P>
72,72,2,1,1,1.0,1.0,1.0,1.0,1.0,1.0,1.0,1.0,1.0,1.0,1.0,1.0,1.0,019 | 019-009,020,020,<E>,<E>
73,73,5,1,1,1.0,1.0,1.0,1.0,1.0,1.0,1.0,1.0,1.0,1.0,1.0,1.0,1.0,019 | 019-001 | 019-001-002 | 019-001-002-003 | 019-001-002-003-004,020,020,<E>,<E>
74,74,3,4,4,1.0,1.0,1.0,1.0,1.0,1.0,1.0,1.0,1.0,1.0,1.0,1.0,1.0,019 | 019-001 | 019-001-011,002 -> 003 -> 004 -> 020,002 -> 003 -> 004 -> 020,DECL_FINAL_APPROVED_SUPERVISOR -> Request_Payment -> Payment_Handled -> <E>,DECL_FINAL_APPROVED_SUPERVISOR -> Request_Payment -> Payment_Handled -> <E>
75,75,3,3,3,1.0,1.0,1.0,1.0,1.0,1.0,1.0,1.0,1.0,1.0,1.0,1.0,1.0,019 | 019-001 | 019-001-002,003 -> 004 -> 020,003 -> 004 -> 020,Request_Payment -> Payment_Handled -> <E>,Request_Payment -> Payment_Handled -> <E>
76,76,3,5,5,0.6,0.6,0.8,0.6666666666666666,0.6,0.6,0.6,0.8,0.88,0.8,0.4,0.8,0.9023123798847138,019 | 019-001 | 019-001-011,012 -> 002 -> 003 -> 004 -> 020,012 -> 003 -> 004 -> 004 -> 020,DECL_APPROVED_BUDGET_OWNER -> DECL_FINAL_APPROVED_SUPERVISOR -> Request_Payment -> Payment_Handled -> <E>,DECL_APPROVED_BUDGET_OWNER -> Request_Payment -> Payment_Handled -> Payment_Handled -> <E>
77,77,6,2,2,1.0,1.0,1.0,1.0,1.0,1.0,1.0,1.0,1.0,1.0,1.0,1.0,1.0,019 | 019-001 | 019-001-011 | 019-001-011-012 | 019-001-011-012-002 | 019-001-011-012-002-003,004 -> 020,004 -> 020,Payment_Handled -> <E>,Payment_Handled -> <E>
78,78,4,3,3,1.0,1.0,1.0,1.0,1.0,1.0,1.0,1.0,1.0,1.0,1.0,1.0,1.0,019 | 019-001 | 019-001-011 | 019-001-011-002,003 -> 004 -> 020,003 -> 004 -> 020,Request_Payment -> Payment_Handled -> <E>,Request_Payment -> Payment_Handled -> <E>
79,79,5,1,1,1.0,1.0,1.0,1.0,1.0,1.0,1.0,1.0,1.0,1.0,1.0,1.0,1.0,019 | 019-001 | 019-001-002 | 019-001-002-003 | 019-001-002-003-004,020,020,<E>,<E>
80,80,3,4,4,1.0,1.0,1.0,1.0,1.0,1.0,1.0,1.0,1.0,1.0,1.0,1.0,1.0,019 | 019-001 | 019-001-011,002 -> 003 -> 004 -> 020,002 -> 003 -> 004 -> 020,DECL_FINAL_APPROVED_SUPERVISOR -> Request_Payment -> Payment_Handled -> <E>,DECL_FINAL_APPROVED_SUPERVISOR -> Request_Payment -> Payment_Handled -> <E>
81,81,3,3,3,1.0,1.0,1.0,1.0,1.0,1.0,1.0,1.0,1.0,1.0,1.0,1.0,1.0,019 | 019-001 | 019-001-002,003 -> 004 -> 020,003 -> 004 -> 020,Request_Payment -> Payment_Handled -> <E>,Request_Payment -> Payment_Handled -> <E>
82,82,7,1,1,1.0,1.0,1.0,1.0,1.0,1.0,1.0,1.0,1.0,1.0,1.0,1.0,1.0,019 | 019-001 | 019-001-011 | 019-001-011-012 | 019-001-011-012-002 | 019-001-011-012-002-003 | 019-001-011-012-002-003-004,020,020,<E>,<E>
83,83,4,3,3,1.0,1.0,1.0,1.0,1.0,1.0,1.0,1.0,1.0,1.0,1.0,1.0,1.0,019 | 019-001 | 019-001-011 | 019-001-011-002,003 -> 004 -> 020,003 -> 004 -> 020,Request_Payment -> Payment_Handled -> <E>,Request_Payment -> Payment_Handled -> <E>
84,84,5,1,1,1.0,1.0,1.0,1.0,1.0,1.0,1.0,1.0,1.0,1.0,1.0,1.0,1.0,019 | 019-001 | 019-001-002 | 019-001-002-003 | 019-001-002-003-004,020,020,<E>,<E>
85,85,6,2,2,1.0,1.0,1.0,1.0,1.0,1.0,1.0,1.0,1.0,1.0,1.0,1.0,1.0,019 | 019-001 | 019-001-011 | 019-001-011-012 | 019-001-011-012-002 | 019-001-011-012-002-003,004 -> 020,004 -> 020,Payment_Handled -> <E>,Payment_Handled -> <E>
86,86,5,1,1,1.0,1.0,1.0,1.0,1.0,1.0,1.0,1.0,1.0,1.0,1.0,1.0,1.0,019 | 019-001 | 019-001-002 | 019-001-002-003 | 019-001-002-003-004,020,020,<E>,<E>
87,87,4,1,5,0.0,0.0,0.0,0.0,0.0,0.0,0.0,0.5,0.0,0.25,0.25,0.25,0.5518796874098555,019 | 019-001 | 019-001-014 | 019-001-014-008,020 -> 000 -> 000 -> 000,001 -> 011 -> 002 -> 020,<E> -> <P> -> <P> -> <P>,DECL_SUBMITTED_EMPLOYEE -> DECL_APPROVED_ADMINISTRATION -> DECL_FINAL_APPROVED_SUPERVISOR -> <E>
88,88,6,2,2,1.0,1.0,1.0,1.0,1.0,1.0,1.0,1.0,1.0,1.0,1.0,1.0,1.0,019 | 019-001 | 019-001-011 | 019-001-011-012 | 019-001-011-012-002 | 019-001-011-012-002-003,004 -> 020,004 -> 020,Payment_Handled -> <E>,Payment_Handled -> <E>
89,89,5,2,2,1.0,1.0,1.0,1.0,1.0,1.0,1.0,1.0,1.0,1.0,1.0,1.0,1.0,019 | 019-001 | 019-001-011 | 019-001-011-002 | 019-001-011-002-003,004 -> 020,004 -> 020,Payment_Handled -> <E>,Payment_Handled -> <E>
90,90,6,2,2,1.0,1.0,1.0,1.0,1.0,1.0,1.0,1.0,1.0,1.0,1.0,1.0,1.0,019 | 019-001 | 019-001-011 | 019-001-011-012 | 019-001-011-012-002 | 019-001-011-012-002-003,004 -> 020,004 -> 020,Payment_Handled -> <E>,Payment_Handled -> <E>
91,91,4,3,3,1.0,1.0,1.0,1.0,1.0,1.0,1.0,1.0,1.0,1.0,1.0,1.0,1.0,019 | 019-001 | 019-001-011 | 019-001-011-002,003 -> 004 -> 020,003 -> 004 -> 020,Request_Payment -> Payment_Handled -> <E>,Request_Payment -> Payment_Handled -> <E>
92,92,2,5,5,0.8,0.8,0.8,0.8,0.8,0.8,0.8,0.9,0.8666666666666667,0.8,0.8,0.8,0.9397940008672037,019 | 019-001,005 -> 002 -> 003 -> 004 -> 020,011 -> 002 -> 003 -> 004 -> 020,DECL_APPROVED_PRE_APPROVER -> DECL_FINAL_APPROVED_SUPERVISOR -> Request_Payment -> Payment_Handled -> <E>,DECL_APPROVED_ADMINISTRATION -> DECL_FINAL_APPROVED_SUPERVISOR -> Request_Payment -> Payment_Handled -> <E>
93,93,4,3,3,1.0,1.0,1.0,1.0,1.0,1.0,1.0,1.0,1.0,1.0,1.0,1.0,1.0,019 | 019-001 | 019-001-011 | 019-001-011-002,003 -> 004 -> 020,003 -> 004 -> 020,Request_Payment -> Payment_Handled -> <E>,Request_Payment -> Payment_Handled -> <E>
94,94,4,2,2,1.0,1.0,1.0,1.0,1.0,1.0,1.0,1.0,1.0,1.0,1.0,1.0,1.0,019 | 019-001 | 019-001-002 | 019-001-002-003,004 -> 020,004 -> 020,Payment_Handled -> <E>,Payment_Handled -> <E>
95,95,3,5,4,0.2,0.2,0.2,0.2,0.6,0.6,0.4,0.7,0.88,0.8,0.6,0.8,0.9397940008672039,019 | 019-001 | 019-001-011,012 -> 002 -> 003 -> 004 -> 020,012 -> 003 -> 004 -> 020 -> 000,DECL_APPROVED_BUDGET_OWNER -> DECL_FINAL_APPROVED_SUPERVISOR -> Request_Payment -> Payment_Handled -> <E>,DECL_APPROVED_BUDGET_OWNER -> Request_Payment -> Payment_Handled -> <E> -> <P>
96,96,5,2,2,1.0,1.0,1.0,1.0,1.0,1.0,1.0,1.0,1.0,1.0,1.0,1.0,1.0,019 | 019-001 | 019-001-005 | 019-001-005-002 | 019-001-005-002-003,004 -> 020,004 -> 020,Payment_Handled -> <E>,Payment_Handled -> <E>
97,97,2,5,5,1.0,1.0,1.0,1.0,1.0,1.0,1.0,1.0,1.0,1.0,1.0,1.0,1.0,019 | 019-001,011 -> 002 -> 003 -> 004 -> 020,011 -> 002 -> 003 -> 004 -> 020,DECL_APPROVED_ADMINISTRATION -> DECL_FINAL_APPROVED_SUPERVISOR -> Request_Payment -> Payment_Handled -> <E>,DECL_APPROVED_ADMINISTRATION -> DECL_FINAL_APPROVED_SUPERVISOR -> Request_Payment -> Payment_Handled -> <E>
98,98,3,4,4,1.0,1.0,1.0,1.0,1.0,1.0,1.0,1.0,1.0,1.0,1.0,1.0,1.0,019 | 019-001 | 019-001-011,002 -> 003 -> 004 -> 020,002 -> 003 -> 004 -> 020,DECL_FINAL_APPROVED_SUPERVISOR -> Request_Payment -> Payment_Handled -> <E>,DECL_FINAL_APPROVED_SUPERVISOR -> Request_Payment -> Payment_Handled -> <E>
99,99,2,6,5,0.16666666666666666,0.16666666666666666,0.16666666666666666,0.16666666666666666,0.6666666666666667,0.6666666666666667,0.5,0.75,0.9,0.8333333333333334,0.6666666666666667,0.8333333333333334,0.953509509058145,019 | 019-001,011 -> 012 -> 002 -> 003 -> 004 -> 020,011 -> 002 -> 003 -> 004 -> 020 -> 000,DECL_APPROVED_ADMINISTRATION -> DECL_APPROVED_BUDGET_OWNER -> DECL_FINAL_APPROVED_SUPERVISOR -> Request_Payment -> Payment_Handled -> <E>,DECL_APPROVED_ADMINISTRATION -> DECL_FINAL_APPROVED_SUPERVISOR -> Request_Payment -> Payment_Handled -> <E> -> <P>
100,100,3,2,3,0.3333333333333333,0.3333333333333333,0.6666666666666666,0.4444444444444444,0.33333333333333337,0.33333333333333337,0.33333333333333337,0.6666666666666666,0.5555555555555555,0.33333333333333337,0.33333333333333337,0.33333333333333326,0.6618189176584932,019 | 019-001 | 019-001-014,008 -> 020 -> 000,001 -> 020 -> 020,DECL_REJECTED_EMPLOYEE -> <E> -> <P>,DECL_SUBMITTED_EMPLOYEE -> <E> -> <E>
101,101,1,9,6,0.1111111111111111,0.1111111111111111,0.05555555555555555,0.07407407407407407,0.33333333333333337,0.33333333333333337,0.33333333333333337,0.5555555555555556,0.7999999999999999,0.6666666666666667,0.6666666666666667,0.6666666666666666,0.8874169436503909,019,001 -> 014 -> 008 -> 001 -> 011 -> 002 -> 003 -> 004 -> 020,001 -> 011 -> 002 -> 003 -> 004 -> 020 -> 000 -> 000 -> 000,DECL_SUBMITTED_EMPLOYEE -> DECL_REJECTED_ADMINISTRATION -> DECL_REJECTED_EMPLOYEE -> DECL_SUBMITTED_EMPLOYEE -> DECL_APPROVED_ADMINISTRATION -> DECL_FINAL_APPROVED_SUPERVISOR -> Request_Payment -> Payment_Handled -> <E>,DECL_SUBMITTED_EMPLOYEE -> DECL_APPROVED_ADMINISTRATION -> DECL_FINAL_APPROVED_SUPERVISOR -> Request_Payment -> Payment_Handled -> <E> -> <P> -> <P> -> <P>
102,102,3,3,3,1.0,1.0,1.0,1.0,1.0,1.0,1.0,1.0,1.0,1.0,1.0,1.0,1.0,019 | 019-001 | 019-001-002,003 -> 004 -> 020,003 -> 004 -> 020,Request_Payment -> Payment_Handled -> <E>,Request_Payment -> Payment_Handled -> <E>
103,103,2,5,5,1.0,1.0,1.0,1.0,1.0,1.0,1.0,1.0,1.0,1.0,1.0,1.0,1.0,019 | 019-001,011 -> 002 -> 003 -> 004 -> 020,011 -> 002 -> 003 -> 004 -> 020,DECL_APPROVED_ADMINISTRATION -> DECL_FINAL_APPROVED_SUPERVISOR -> Request_Payment -> Payment_Handled -> <E>,DECL_APPROVED_ADMINISTRATION -> DECL_FINAL_APPROVED_SUPERVISOR -> Request_Payment -> Payment_Handled -> <E>
104,104,2,5,5,1.0,1.0,1.0,1.0,1.0,1.0,1.0,1.0,1.0,1.0,1.0,1.0,1.0,019 | 019-001,011 -> 002 -> 003 -> 004 -> 020,011 -> 002 -> 003 -> 004 -> 020,DECL_APPROVED_ADMINISTRATION -> DECL_FINAL_APPROVED_SUPERVISOR -> Request_Payment -> Payment_Handled -> <E>,DECL_APPROVED_ADMINISTRATION -> DECL_FINAL_APPROVED_SUPERVISOR -> Request_Payment -> Payment_Handled -> <E>
105,105,2,8,5,0.0,0.0,0.0,0.0,0.125,0.125,0.125,0.5,0.6666666666666666,0.5,0.5,0.5,0.8007048827786958,019 | 019-001,007 -> 008 -> 001 -> 005 -> 002 -> 003 -> 004 -> 020,011 -> 002 -> 003 -> 004 -> 020 -> 000 -> 000 -> 000,DECL_REJECTED_PRE_APPROVER -> DECL_REJECTED_EMPLOYEE -> DECL_SUBMITTED_EMPLOYEE -> DECL_APPROVED_PRE_APPROVER -> DECL_FINAL_APPROVED_SUPERVISOR -> Request_Payment -> Payment_Handled -> <E>,DECL_APPROVED_ADMINISTRATION -> DECL_FINAL_APPROVED_SUPERVISOR -> Request_Payment -> Payment_Handled -> <E> -> <P> -> <P> -> <P>
106,106,7,1,1,1.0,1.0,1.0,1.0,1.0,1.0,1.0,1.0,1.0,1.0,1.0,1.0,1.0,019 | 019-001 | 019-001-011 | 019-001-011-012 | 019-001-011-012-002 | 019-001-011-012-002-003 | 019-001-011-012-002-003-004,020,020,<E>,<E>
107,107,3,4,4,1.0,1.0,1.0,1.0,1.0,1.0,1.0,1.0,1.0,1.0,1.0,1.0,1.0,019 | 019-001 | 019-001-011,002 -> 003 -> 004 -> 020,002 -> 003 -> 004 -> 020,DECL_FINAL_APPROVED_SUPERVISOR -> Request_Payment -> Payment_Handled -> <E>,DECL_FINAL_APPROVED_SUPERVISOR -> Request_Payment -> Payment_Handled -> <E>
108,108,1,6,6,1.0,1.0,1.0,1.0,1.0,1.0,1.0,1.0,1.0,1.0,1.0,1.0,1.0,019,001 -> 011 -> 002 -> 003 -> 004 -> 020,001 -> 011 -> 002 -> 003 -> 004 -> 020,DECL_SUBMITTED_EMPLOYEE -> DECL_APPROVED_ADMINISTRATION -> DECL_FINAL_APPROVED_SUPERVISOR -> Request_Payment -> Payment_Handled -> <E>,DECL_SUBMITTED_EMPLOYEE -> DECL_APPROVED_ADMINISTRATION -> DECL_FINAL_APPROVED_SUPERVISOR -> Request_Payment -> Payment_Handled -> <E>
109,109,4,4,4,1.0,1.0,1.0,1.0,1.0,1.0,1.0,1.0,1.0,1.0,1.0,1.0,1.0,019 | 019-001 | 019-001-011 | 019-001-011-012,002 -> 003 -> 004 -> 020,002 -> 003 -> 004 -> 020,DECL_FINAL_APPROVED_SUPERVISOR -> Request_Payment -> Payment_Handled -> <E>,DECL_FINAL_APPROVED_SUPERVISOR -> Request_Payment -> Payment_Handled -> <E>
110,110,4,9,6,0.1111111111111111,0.1111111111111111,0.05555555555555555,0.07407407407407407,0.11111111111111116,0.11111111111111116,0.11111111111111116,0.5555555555555556,0.5555555555555555,0.33333333333333337,0.2222222222222222,0.33333333333333326,0.6889912000574796,019 | 019-001 | 019-001-014 | 019-001-014-008,001 -> 014 -> 008 -> 001 -> 011 -> 002 -> 003 -> 004 -> 020,001 -> 011 -> 000 -> 000 -> 020 -> 020 -> 000 -> 000 -> 000,DECL_SUBMITTED_EMPLOYEE -> DECL_REJECTED_ADMINISTRATION -> DECL_REJECTED_EMPLOYEE -> DECL_SUBMITTED_EMPLOYEE -> DECL_APPROVED_ADMINISTRATION -> DECL_FINAL_APPROVED_SUPERVISOR -> Request_Payment -> Payment_Handled -> <E>,DECL_SUBMITTED_EMPLOYEE -> DECL_APPROVED_ADMINISTRATION -> <P> -> <P> -> <E> -> <E> -> <P> -> <P> -> <P>
