experiment,model_name,rank,likelihood,viability,sparcity,similarity,feasibility,delta,cf_num_zeros,result_outcome,source_outcome,target_outcome,cf,fa,run.mask,run.duration,run.duration_sec,run.short_name,run.full_name,run.no,wrapper.type,gen.vocab_len,gen.max_len,gen.feature_len,gen.ft_mode,gen.model,gen.max_iter,gen.num_survivors,gen.sample_size,gen.evo.num_survivors,gen.initiator.type,gen.selector.type,gen.crosser.type,gen.crosser.crossover_rate,gen.mutator.type,gen.mutator.edit_rate,gen.mutator.p_delete,gen.mutator.p_insert,gen.mutator.p_change,gen.mutator.p_transp,gen.mutator.p_none,viab.data_distribution,viab.vocab_len,viab.max_len,viab.measure_mask,viab.type,instance.no,iteration.no,row.no
1,EvolutionaryStrategy,10,0.0004928128328174353,2.320252304022798,0.9807692307692307,0.9834064506528406,0.022743279333285963,0.3333333432674408,1,0,0,1,33 > 01 > 02 > 03 > 04 > 05 > 06 > 05 > 07 > 09 > 08 > 10 > 11 > 12 > 06 > 13 > 14 > 13 > 14 > 13 > 14 > 13 > 24 > 25 > 14 > 34,33 > 01 > 02 > 03 > 04 > 05 > 06 > 05 > 07 > 09 > 08 > 10 > 11 > 12 > 06 > 13 > 14 > 13 > 14 > 13 > 14 > 13 > 24 > 25 > 14 > 34,1111,0:00:00.035687,0.03568696975708008,EGW_ES_EGW_FI_RWS_OPC_DDM_IM,EvoGeneratorWrapper_EvolutionaryStrategy_EvoGeneratorWrapper_FactualInitiator_RouletteWheelSelector_OnePointCrosser_DataDistributionMutator_ImprovementMeasure,1,EvoGeneratorWrapper,35,27,21,1,EvolutionaryStrategy,5,50,100,50,FactualInitiator,RouletteWheelSelector,OnePointCrosser,,DataDistributionMutator,0.1,0.2,0.2,0.2,0.2,0.19999999999999996,486,35,27,1111,ImprovementMeasure,1,1,1
1,EvolutionaryStrategy,9,0.0004928128328174353,2.320252304022798,0.9807692307692307,0.9834064506528406,0.022743279333285963,0.3333333432674408,1,0,0,1,33 > 01 > 02 > 03 > 04 > 05 > 06 > 05 > 07 > 09 > 08 > 10 > 11 > 12 > 06 > 13 > 14 > 13 > 14 > 13 > 14 > 13 > 24 > 25 > 14 > 34,33 > 01 > 02 > 03 > 04 > 05 > 06 > 05 > 07 > 09 > 08 > 10 > 11 > 12 > 06 > 13 > 14 > 13 > 14 > 13 > 14 > 13 > 24 > 25 > 14 > 34,1111,0:00:00.035687,0.03568696975708008,EGW_ES_EGW_FI_RWS_OPC_DDM_IM,EvoGeneratorWrapper_EvolutionaryStrategy_EvoGeneratorWrapper_FactualInitiator_RouletteWheelSelector_OnePointCrosser_DataDistributionMutator_ImprovementMeasure,1,EvoGeneratorWrapper,35,27,21,1,EvolutionaryStrategy,5,50,100,50,FactualInitiator,RouletteWheelSelector,OnePointCrosser,,DataDistributionMutator,0.1,0.2,0.2,0.2,0.2,0.19999999999999996,486,35,27,1111,ImprovementMeasure,1,1,2
1,EvolutionaryStrategy,8,0.0004928128328174353,2.320252304022798,0.9807692307692307,0.9834064506528406,0.022743279333285963,0.3333333432674408,1,0,0,1,33 > 01 > 02 > 03 > 04 > 05 > 06 > 05 > 07 > 09 > 08 > 10 > 11 > 12 > 06 > 13 > 14 > 13 > 14 > 13 > 14 > 13 > 24 > 25 > 14 > 34,33 > 01 > 02 > 03 > 04 > 05 > 06 > 05 > 07 > 09 > 08 > 10 > 11 > 12 > 06 > 13 > 14 > 13 > 14 > 13 > 14 > 13 > 24 > 25 > 14 > 34,1111,0:00:00.035687,0.03568696975708008,EGW_ES_EGW_FI_RWS_OPC_DDM_IM,EvoGeneratorWrapper_EvolutionaryStrategy_EvoGeneratorWrapper_FactualInitiator_RouletteWheelSelector_OnePointCrosser_DataDistributionMutator_ImprovementMeasure,1,EvoGeneratorWrapper,35,27,21,1,EvolutionaryStrategy,5,50,100,50,FactualInitiator,RouletteWheelSelector,OnePointCrosser,,DataDistributionMutator,0.1,0.2,0.2,0.2,0.2,0.19999999999999996,486,35,27,1111,ImprovementMeasure,1,1,3
1,EvolutionaryStrategy,7,0.0004928119014948606,2.333333343267441,1.0,1.0,0.0,0.3333333432674408,0,0,0,1,33 > 33 > 01 > 02 > 03 > 04 > 05 > 06 > 05 > 07 > 09 > 08 > 10 > 11 > 12 > 06 > 13 > 14 > 13 > 14 > 13 > 14 > 13 > 24 > 25 > 14 > 34,33 > 01 > 02 > 03 > 04 > 05 > 06 > 05 > 07 > 09 > 08 > 10 > 11 > 12 > 06 > 13 > 14 > 13 > 14 > 13 > 14 > 13 > 24 > 25 > 14 > 34,1111,0:00:00.035687,0.03568696975708008,EGW_ES_EGW_FI_RWS_OPC_DDM_IM,EvoGeneratorWrapper_EvolutionaryStrategy_EvoGeneratorWrapper_FactualInitiator_RouletteWheelSelector_OnePointCrosser_DataDistributionMutator_ImprovementMeasure,1,EvoGeneratorWrapper,35,27,21,1,EvolutionaryStrategy,5,50,100,50,FactualInitiator,RouletteWheelSelector,OnePointCrosser,,DataDistributionMutator,0.1,0.2,0.2,0.2,0.2,0.19999999999999996,486,35,27,1111,ImprovementMeasure,1,1,4
1,EvolutionaryStrategy,6,0.9824705719947815,2.4672737767826414,0.7023809523809523,0.776907690276933,0.0,0.9879851341247559,6,1,0,1,33 > 01 > 02 > 00 > 04 > 00 > 06 > 05 > 00 > 09 > 08 > 10 > 11 > 12 > 06 > 33 > 14 > 13 > 14 > 13 > 00 > 13 > 24 > 25 > 00 > 27,33 > 01 > 02 > 03 > 04 > 05 > 06 > 05 > 07 > 09 > 08 > 10 > 11 > 12 > 06 > 13 > 14 > 13 > 14 > 13 > 14 > 13 > 24 > 25 > 14 > 34,1111,0:00:00.035687,0.03568696975708008,EGW_ES_EGW_FI_RWS_OPC_DDM_IM,EvoGeneratorWrapper_EvolutionaryStrategy_EvoGeneratorWrapper_FactualInitiator_RouletteWheelSelector_OnePointCrosser_DataDistributionMutator_ImprovementMeasure,1,EvoGeneratorWrapper,35,27,21,1,EvolutionaryStrategy,5,50,100,50,FactualInitiator,RouletteWheelSelector,OnePointCrosser,,DataDistributionMutator,0.1,0.2,0.2,0.2,0.2,0.19999999999999996,486,35,27,1111,ImprovementMeasure,1,1,5
1,EvolutionaryStrategy,5,0.9986360669136047,2.565004508605706,0.7564102564102564,0.809832121458145,0.0,0.9987621307373047,1,1,0,1,01 > 33 > 02 > 03 > 04 > 05 > 06 > 05 > 07 > 09 > 08 > 10 > 11 > 12 > 06 > 33 > 14 > 13 > 14 > 13 > 14 > 13 > 24 > 25 > 14 > 27,33 > 01 > 02 > 03 > 04 > 05 > 06 > 05 > 07 > 09 > 08 > 10 > 11 > 12 > 06 > 13 > 14 > 13 > 14 > 13 > 14 > 13 > 24 > 25 > 14 > 34,1111,0:00:00.035687,0.03568696975708008,EGW_ES_EGW_FI_RWS_OPC_DDM_IM,EvoGeneratorWrapper_EvolutionaryStrategy_EvoGeneratorWrapper_FactualInitiator_RouletteWheelSelector_OnePointCrosser_DataDistributionMutator_ImprovementMeasure,1,EvoGeneratorWrapper,35,27,21,1,EvolutionaryStrategy,5,50,100,50,FactualInitiator,RouletteWheelSelector,OnePointCrosser,,DataDistributionMutator,0.1,0.2,0.2,0.2,0.2,0.19999999999999996,486,35,27,1111,ImprovementMeasure,1,1,6
1,EvolutionaryStrategy,4,0.9986360669136047,2.565004508605706,0.7564102564102564,0.809832121458145,0.0,0.9987621307373047,1,1,0,1,33 > 01 > 02 > 03 > 04 > 05 > 06 > 05 > 07 > 09 > 08 > 10 > 11 > 12 > 06 > 33 > 14 > 13 > 14 > 13 > 14 > 13 > 24 > 25 > 14 > 27,33 > 01 > 02 > 03 > 04 > 05 > 06 > 05 > 07 > 09 > 08 > 10 > 11 > 12 > 06 > 13 > 14 > 13 > 14 > 13 > 14 > 13 > 24 > 25 > 14 > 34,1111,0:00:00.035687,0.03568696975708008,EGW_ES_EGW_FI_RWS_OPC_DDM_IM,EvoGeneratorWrapper_EvolutionaryStrategy_EvoGeneratorWrapper_FactualInitiator_RouletteWheelSelector_OnePointCrosser_DataDistributionMutator_ImprovementMeasure,1,EvoGeneratorWrapper,35,27,21,1,EvolutionaryStrategy,5,50,100,50,FactualInitiator,RouletteWheelSelector,OnePointCrosser,,DataDistributionMutator,0.1,0.2,0.2,0.2,0.2,0.19999999999999996,486,35,27,1111,ImprovementMeasure,1,1,7
1,EvolutionaryStrategy,3,0.9986373782157898,2.746496711966052,0.8516483516483516,0.8960852759060793,0.0,0.9987630844116211,2,1,0,1,01 > 02 > 03 > 04 > 05 > 06 > 05 > 07 > 09 > 08 > 10 > 11 > 06 > 12 > 13 > 13 > 14 > 14 > 13 > 13 > 14 > 24 > 25 > 14 > 27,33 > 01 > 02 > 03 > 04 > 05 > 06 > 05 > 07 > 09 > 08 > 10 > 11 > 12 > 06 > 13 > 14 > 13 > 14 > 13 > 14 > 13 > 24 > 25 > 14 > 34,1111,0:00:00.035687,0.03568696975708008,EGW_ES_EGW_FI_RWS_OPC_DDM_IM,EvoGeneratorWrapper_EvolutionaryStrategy_EvoGeneratorWrapper_FactualInitiator_RouletteWheelSelector_OnePointCrosser_DataDistributionMutator_ImprovementMeasure,1,EvoGeneratorWrapper,35,27,21,1,EvolutionaryStrategy,5,50,100,50,FactualInitiator,RouletteWheelSelector,OnePointCrosser,,DataDistributionMutator,0.1,0.2,0.2,0.2,0.2,0.19999999999999996,486,35,27,1111,ImprovementMeasure,1,1,8
1,EvolutionaryStrategy,2,0.9986364245414734,2.8381699829432367,0.9120879120879121,0.927319642094796,0.0,0.9987624287605286,4,1,0,1,01 > 02 > 03 > 04 > 05 > 06 > 05 > 07 > 09 > 08 > 10 > 11 > 12 > 06 > 13 > 14 > 13 > 14 > 00 > 00 > 13 > 24 > 25 > 14 > 27,33 > 01 > 02 > 03 > 04 > 05 > 06 > 05 > 07 > 09 > 08 > 10 > 11 > 12 > 06 > 13 > 14 > 13 > 14 > 13 > 14 > 13 > 24 > 25 > 14 > 34,1111,0:00:00.035687,0.03568696975708008,EGW_ES_EGW_FI_RWS_OPC_DDM_IM,EvoGeneratorWrapper_EvolutionaryStrategy_EvoGeneratorWrapper_FactualInitiator_RouletteWheelSelector_OnePointCrosser_DataDistributionMutator_ImprovementMeasure,1,EvoGeneratorWrapper,35,27,21,1,EvolutionaryStrategy,5,50,100,50,FactualInitiator,RouletteWheelSelector,OnePointCrosser,,DataDistributionMutator,0.1,0.2,0.2,0.2,0.2,0.19999999999999996,486,35,27,1111,ImprovementMeasure,1,1,9
1,EvolutionaryStrategy,1,0.9986364245414734,2.8381699829432367,0.9120879120879121,0.927319642094796,0.0,0.9987624287605286,4,1,0,1,01 > 02 > 03 > 04 > 05 > 06 > 05 > 07 > 09 > 08 > 10 > 11 > 12 > 06 > 13 > 14 > 13 > 14 > 00 > 00 > 13 > 24 > 25 > 14 > 27,33 > 01 > 02 > 03 > 04 > 05 > 06 > 05 > 07 > 09 > 08 > 10 > 11 > 12 > 06 > 13 > 14 > 13 > 14 > 13 > 14 > 13 > 24 > 25 > 14 > 34,1111,0:00:00.035687,0.03568696975708008,EGW_ES_EGW_FI_RWS_OPC_DDM_IM,EvoGeneratorWrapper_EvolutionaryStrategy_EvoGeneratorWrapper_FactualInitiator_RouletteWheelSelector_OnePointCrosser_DataDistributionMutator_ImprovementMeasure,1,EvoGeneratorWrapper,35,27,21,1,EvolutionaryStrategy,5,50,100,50,FactualInitiator,RouletteWheelSelector,OnePointCrosser,,DataDistributionMutator,0.1,0.2,0.2,0.2,0.2,0.19999999999999996,486,35,27,1111,ImprovementMeasure,1,1,10
1,EvolutionaryStrategy,10,0.998752236366272,2.3419854505804443,1.0,1.0,0.008652107313003254,0.3333333432674408,0,1,1,0,33 > 01 > 02 > 21 > 22 > 03 > 04 > 23 > 05 > 07 > 09 > 08 > 10 > 11 > 12 > 06 > 13 > 15 > 16 > 14 > 17 > 29 > 26 > 28 > 27 > 20 > 34,33 > 01 > 02 > 21 > 22 > 03 > 04 > 23 > 05 > 07 > 09 > 08 > 10 > 11 > 12 > 06 > 13 > 15 > 16 > 14 > 17 > 29 > 26 > 28 > 27 > 20 > 34,1111,0:00:00.035687,0.03568696975708008,EGW_ES_EGW_FI_RWS_OPC_DDM_IM,EvoGeneratorWrapper_EvolutionaryStrategy_EvoGeneratorWrapper_FactualInitiator_RouletteWheelSelector_OnePointCrosser_DataDistributionMutator_ImprovementMeasure,1,EvoGeneratorWrapper,35,27,21,1,EvolutionaryStrategy,5,50,100,50,FactualInitiator,RouletteWheelSelector,OnePointCrosser,,DataDistributionMutator,0.1,0.2,0.2,0.2,0.2,0.19999999999999996,486,35,27,1111,ImprovementMeasure,1,2,1
1,EvolutionaryStrategy,9,0.998752236366272,2.3419854505804443,1.0,1.0,0.008652107313003254,0.3333333432674408,0,1,1,0,33 > 01 > 02 > 21 > 22 > 03 > 04 > 23 > 05 > 07 > 09 > 08 > 10 > 11 > 12 > 06 > 13 > 15 > 16 > 14 > 17 > 29 > 26 > 28 > 27 > 20 > 34,33 > 01 > 02 > 21 > 22 > 03 > 04 > 23 > 05 > 07 > 09 > 08 > 10 > 11 > 12 > 06 > 13 > 15 > 16 > 14 > 17 > 29 > 26 > 28 > 27 > 20 > 34,1111,0:00:00.035687,0.03568696975708008,EGW_ES_EGW_FI_RWS_OPC_DDM_IM,EvoGeneratorWrapper_EvolutionaryStrategy_EvoGeneratorWrapper_FactualInitiator_RouletteWheelSelector_OnePointCrosser_DataDistributionMutator_ImprovementMeasure,1,EvoGeneratorWrapper,35,27,21,1,EvolutionaryStrategy,5,50,100,50,FactualInitiator,RouletteWheelSelector,OnePointCrosser,,DataDistributionMutator,0.1,0.2,0.2,0.2,0.2,0.19999999999999996,486,35,27,1111,ImprovementMeasure,1,2,2
1,EvolutionaryStrategy,8,0.998752236366272,2.3419854505804443,1.0,1.0,0.008652107313003254,0.3333333432674408,0,1,1,0,33 > 01 > 02 > 21 > 22 > 03 > 04 > 23 > 05 > 07 > 09 > 08 > 10 > 11 > 12 > 06 > 13 > 15 > 16 > 14 > 17 > 29 > 26 > 28 > 27 > 20 > 34,33 > 01 > 02 > 21 > 22 > 03 > 04 > 23 > 05 > 07 > 09 > 08 > 10 > 11 > 12 > 06 > 13 > 15 > 16 > 14 > 17 > 29 > 26 > 28 > 27 > 20 > 34,1111,0:00:00.035687,0.03568696975708008,EGW_ES_EGW_FI_RWS_OPC_DDM_IM,EvoGeneratorWrapper_EvolutionaryStrategy_EvoGeneratorWrapper_FactualInitiator_RouletteWheelSelector_OnePointCrosser_DataDistributionMutator_ImprovementMeasure,1,EvoGeneratorWrapper,35,27,21,1,EvolutionaryStrategy,5,50,100,50,FactualInitiator,RouletteWheelSelector,OnePointCrosser,,DataDistributionMutator,0.1,0.2,0.2,0.2,0.2,0.19999999999999996,486,35,27,1111,ImprovementMeasure,1,2,3
1,EvolutionaryStrategy,7,0.0004964815452694893,2.706709818837912,0.8415750915750916,0.8662975542777437,0.0,0.9988371729850769,0,0,1,0,33 > 01 > 02 > 21 > 22 > 03 > 04 > 23 > 05 > 07 > 09 > 08 > 10 > 11 > 12 > 06 > 13 > 15 > 16 > 17 > 14 > 29 > 26 > 28 > 06 > 12 > 34,33 > 01 > 02 > 21 > 22 > 03 > 04 > 23 > 05 > 07 > 09 > 08 > 10 > 11 > 12 > 06 > 13 > 15 > 16 > 14 > 17 > 29 > 26 > 28 > 27 > 20 > 34,1111,0:00:00.035687,0.03568696975708008,EGW_ES_EGW_FI_RWS_OPC_DDM_IM,EvoGeneratorWrapper_EvolutionaryStrategy_EvoGeneratorWrapper_FactualInitiator_RouletteWheelSelector_OnePointCrosser_DataDistributionMutator_ImprovementMeasure,1,EvoGeneratorWrapper,35,27,21,1,EvolutionaryStrategy,5,50,100,50,FactualInitiator,RouletteWheelSelector,OnePointCrosser,,DataDistributionMutator,0.1,0.2,0.2,0.2,0.2,0.19999999999999996,486,35,27,1111,ImprovementMeasure,1,2,4
1,EvolutionaryStrategy,6,0.0004964815452694893,2.706709818837912,0.8415750915750916,0.8662975542777437,0.0,0.9988371729850769,0,0,1,0,33 > 01 > 02 > 21 > 22 > 03 > 04 > 23 > 05 > 07 > 09 > 08 > 10 > 11 > 12 > 06 > 13 > 15 > 16 > 17 > 14 > 29 > 26 > 28 > 06 > 12 > 34,33 > 01 > 02 > 21 > 22 > 03 > 04 > 23 > 05 > 07 > 09 > 08 > 10 > 11 > 12 > 06 > 13 > 15 > 16 > 14 > 17 > 29 > 26 > 28 > 27 > 20 > 34,1111,0:00:00.035687,0.03568696975708008,EGW_ES_EGW_FI_RWS_OPC_DDM_IM,EvoGeneratorWrapper_EvolutionaryStrategy_EvoGeneratorWrapper_FactualInitiator_RouletteWheelSelector_OnePointCrosser_DataDistributionMutator_ImprovementMeasure,1,EvoGeneratorWrapper,35,27,21,1,EvolutionaryStrategy,5,50,100,50,FactualInitiator,RouletteWheelSelector,OnePointCrosser,,DataDistributionMutator,0.1,0.2,0.2,0.2,0.2,0.19999999999999996,486,35,27,1111,ImprovementMeasure,1,2,5
1,EvolutionaryStrategy,5,0.028824517503380775,2.8154736408769105,0.9065934065934066,0.9289283757629959,0.0,0.9799518585205078,3,0,1,0,33 > 01 > 02 > 21 > 22 > 03 > 04 > 23 > 05 > 07 > 09 > 08 > 10 > 11 > 12 > 06 > 13 > 00 > 16 > 14 > 17 > 29 > 00 > 28 > 00 > 20 > 34,33 > 01 > 02 > 21 > 22 > 03 > 04 > 23 > 05 > 07 > 09 > 08 > 10 > 11 > 12 > 06 > 13 > 15 > 16 > 14 > 17 > 29 > 26 > 28 > 27 > 20 > 34,1111,0:00:00.035687,0.03568696975708008,EGW_ES_EGW_FI_RWS_OPC_DDM_IM,EvoGeneratorWrapper_EvolutionaryStrategy_EvoGeneratorWrapper_FactualInitiator_RouletteWheelSelector_OnePointCrosser_DataDistributionMutator_ImprovementMeasure,1,EvoGeneratorWrapper,35,27,21,1,EvolutionaryStrategy,5,50,100,50,FactualInitiator,RouletteWheelSelector,OnePointCrosser,,DataDistributionMutator,0.1,0.2,0.2,0.2,0.2,0.19999999999999996,486,35,27,1111,ImprovementMeasure,1,2,6
1,EvolutionaryStrategy,4,0.028824517503380775,2.8154736408769105,0.9065934065934066,0.9289283757629959,0.0,0.9799518585205078,3,0,1,0,33 > 01 > 02 > 21 > 22 > 03 > 04 > 23 > 05 > 07 > 09 > 08 > 10 > 11 > 12 > 06 > 13 > 00 > 16 > 14 > 17 > 29 > 00 > 28 > 00 > 20 > 34,33 > 01 > 02 > 21 > 22 > 03 > 04 > 23 > 05 > 07 > 09 > 08 > 10 > 11 > 12 > 06 > 13 > 15 > 16 > 14 > 17 > 29 > 26 > 28 > 27 > 20 > 34,1111,0:00:00.035687,0.03568696975708008,EGW_ES_EGW_FI_RWS_OPC_DDM_IM,EvoGeneratorWrapper_EvolutionaryStrategy_EvoGeneratorWrapper_FactualInitiator_RouletteWheelSelector_OnePointCrosser_DataDistributionMutator_ImprovementMeasure,1,EvoGeneratorWrapper,35,27,21,1,EvolutionaryStrategy,5,50,100,50,FactualInitiator,RouletteWheelSelector,OnePointCrosser,,DataDistributionMutator,0.1,0.2,0.2,0.2,0.2,0.19999999999999996,486,35,27,1111,ImprovementMeasure,1,2,7
1,EvolutionaryStrategy,3,0.028823569416999817,2.8768298960212815,0.9423076923076923,0.9545696895419888,0.0,0.9799525141716003,3,0,1,0,33 > 01 > 02 > 21 > 22 > 03 > 04 > 23 > 05 > 07 > 09 > 08 > 10 > 11 > 12 > 06 > 13 > 00 > 16 > 14 > 17 > 29 > 00 > 28 > 00 > 20 > 34,33 > 01 > 02 > 21 > 22 > 03 > 04 > 23 > 05 > 07 > 09 > 08 > 10 > 11 > 12 > 06 > 13 > 15 > 16 > 14 > 17 > 29 > 26 > 28 > 27 > 20 > 34,1111,0:00:00.035687,0.03568696975708008,EGW_ES_EGW_FI_RWS_OPC_DDM_IM,EvoGeneratorWrapper_EvolutionaryStrategy_EvoGeneratorWrapper_FactualInitiator_RouletteWheelSelector_OnePointCrosser_DataDistributionMutator_ImprovementMeasure,1,EvoGeneratorWrapper,35,27,21,1,EvolutionaryStrategy,5,50,100,50,FactualInitiator,RouletteWheelSelector,OnePointCrosser,,DataDistributionMutator,0.1,0.2,0.2,0.2,0.2,0.19999999999999996,486,35,27,1111,ImprovementMeasure,1,2,8
1,EvolutionaryStrategy,2,0.028837641701102257,2.8775326820688356,0.9423076923076923,0.9552818931234175,0.0,0.9799430966377258,3,0,1,0,33 > 01 > 02 > 21 > 22 > 03 > 04 > 23 > 05 > 00 > 09 > 08 > 10 > 11 > 12 > 06 > 13 > 15 > 16 > 14 > 17 > 29 > 00 > 28 > 00 > 20 > 34,33 > 01 > 02 > 21 > 22 > 03 > 04 > 23 > 05 > 07 > 09 > 08 > 10 > 11 > 12 > 06 > 13 > 15 > 16 > 14 > 17 > 29 > 26 > 28 > 27 > 20 > 34,1111,0:00:00.035687,0.03568696975708008,EGW_ES_EGW_FI_RWS_OPC_DDM_IM,EvoGeneratorWrapper_EvolutionaryStrategy_EvoGeneratorWrapper_FactualInitiator_RouletteWheelSelector_OnePointCrosser_DataDistributionMutator_ImprovementMeasure,1,EvoGeneratorWrapper,35,27,21,1,EvolutionaryStrategy,5,50,100,50,FactualInitiator,RouletteWheelSelector,OnePointCrosser,,DataDistributionMutator,0.1,0.2,0.2,0.2,0.2,0.19999999999999996,486,35,27,1111,ImprovementMeasure,1,2,9
1,EvolutionaryStrategy,1,0.06468743085861206,2.9003910861504743,0.9706959706959707,0.9736518720463002,0.0,0.9560432434082031,0,0,1,0,33 > 01 > 02 > 21 > 22 > 03 > 04 > 23 > 05 > 07 > 09 > 08 > 10 > 11 > 12 > 06 > 13 > 15 > 16 > 14 > 17 > 29 > 26 > 28 > 27 > 20 > 25,33 > 01 > 02 > 21 > 22 > 03 > 04 > 23 > 05 > 07 > 09 > 08 > 10 > 11 > 12 > 06 > 13 > 15 > 16 > 14 > 17 > 29 > 26 > 28 > 27 > 20 > 34,1111,0:00:00.035687,0.03568696975708008,EGW_ES_EGW_FI_RWS_OPC_DDM_IM,EvoGeneratorWrapper_EvolutionaryStrategy_EvoGeneratorWrapper_FactualInitiator_RouletteWheelSelector_OnePointCrosser_DataDistributionMutator_ImprovementMeasure,1,EvoGeneratorWrapper,35,27,21,1,EvolutionaryStrategy,5,50,100,50,FactualInitiator,RouletteWheelSelector,OnePointCrosser,,DataDistributionMutator,0.1,0.2,0.2,0.2,0.2,0.19999999999999996,486,35,27,1111,ImprovementMeasure,1,2,10
1,EvolutionaryStrategy,10,0.998752236366272,2.3298460441673807,0.9807692307692307,0.9828021842135015,0.032941285917207526,0.3333333432674408,1,1,1,0,33 > 01 > 02 > 03 > 04 > 05 > 07 > 08 > 09 > 10 > 11 > 12 > 06 > 13 > 14 > 13 > 15 > 16 > 14 > 17 > 27 > 26 > 29 > 28 > 20 > 34,33 > 01 > 02 > 03 > 04 > 05 > 07 > 08 > 09 > 10 > 11 > 12 > 06 > 13 > 14 > 13 > 15 > 16 > 14 > 17 > 27 > 26 > 29 > 28 > 20 > 34,1111,0:00:00.035687,0.03568696975708008,EGW_ES_EGW_FI_RWS_OPC_DDM_IM,EvoGeneratorWrapper_EvolutionaryStrategy_EvoGeneratorWrapper_FactualInitiator_RouletteWheelSelector_OnePointCrosser_DataDistributionMutator_ImprovementMeasure,1,EvoGeneratorWrapper,35,27,21,1,EvolutionaryStrategy,5,50,100,50,FactualInitiator,RouletteWheelSelector,OnePointCrosser,,DataDistributionMutator,0.1,0.2,0.2,0.2,0.2,0.19999999999999996,486,35,27,1111,ImprovementMeasure,1,3,1
1,EvolutionaryStrategy,9,0.998752236366272,2.3298460441673807,0.9807692307692307,0.9828021842135015,0.032941285917207526,0.3333333432674408,1,1,1,0,33 > 01 > 02 > 03 > 04 > 05 > 07 > 08 > 09 > 10 > 11 > 12 > 06 > 13 > 14 > 13 > 15 > 16 > 14 > 17 > 27 > 26 > 29 > 28 > 20 > 34,33 > 01 > 02 > 03 > 04 > 05 > 07 > 08 > 09 > 10 > 11 > 12 > 06 > 13 > 14 > 13 > 15 > 16 > 14 > 17 > 27 > 26 > 29 > 28 > 20 > 34,1111,0:00:00.035687,0.03568696975708008,EGW_ES_EGW_FI_RWS_OPC_DDM_IM,EvoGeneratorWrapper_EvolutionaryStrategy_EvoGeneratorWrapper_FactualInitiator_RouletteWheelSelector_OnePointCrosser_DataDistributionMutator_ImprovementMeasure,1,EvoGeneratorWrapper,35,27,21,1,EvolutionaryStrategy,5,50,100,50,FactualInitiator,RouletteWheelSelector,OnePointCrosser,,DataDistributionMutator,0.1,0.2,0.2,0.2,0.2,0.19999999999999996,486,35,27,1111,ImprovementMeasure,1,3,2
1,EvolutionaryStrategy,8,0.998752236366272,2.3298460441673807,0.9807692307692307,0.9828021842135015,0.032941285917207526,0.3333333432674408,1,1,1,0,33 > 01 > 02 > 03 > 04 > 05 > 07 > 08 > 09 > 10 > 11 > 12 > 06 > 13 > 14 > 13 > 15 > 16 > 14 > 17 > 27 > 26 > 29 > 28 > 20 > 34,33 > 01 > 02 > 03 > 04 > 05 > 07 > 08 > 09 > 10 > 11 > 12 > 06 > 13 > 14 > 13 > 15 > 16 > 14 > 17 > 27 > 26 > 29 > 28 > 20 > 34,1111,0:00:00.035687,0.03568696975708008,EGW_ES_EGW_FI_RWS_OPC_DDM_IM,EvoGeneratorWrapper_EvolutionaryStrategy_EvoGeneratorWrapper_FactualInitiator_RouletteWheelSelector_OnePointCrosser_DataDistributionMutator_ImprovementMeasure,1,EvoGeneratorWrapper,35,27,21,1,EvolutionaryStrategy,5,50,100,50,FactualInitiator,RouletteWheelSelector,OnePointCrosser,,DataDistributionMutator,0.1,0.2,0.2,0.2,0.2,0.19999999999999996,486,35,27,1111,ImprovementMeasure,1,3,3
1,EvolutionaryStrategy,7,0.998752236366272,2.3298460441673807,0.9807692307692307,0.9828021842135015,0.032941285917207526,0.3333333432674408,1,1,1,0,33 > 01 > 02 > 03 > 04 > 05 > 07 > 08 > 09 > 10 > 11 > 12 > 06 > 13 > 14 > 13 > 15 > 16 > 14 > 17 > 27 > 26 > 29 > 28 > 20 > 34,33 > 01 > 02 > 03 > 04 > 05 > 07 > 08 > 09 > 10 > 11 > 12 > 06 > 13 > 14 > 13 > 15 > 16 > 14 > 17 > 27 > 26 > 29 > 28 > 20 > 34,1111,0:00:00.035687,0.03568696975708008,EGW_ES_EGW_FI_RWS_OPC_DDM_IM,EvoGeneratorWrapper_EvolutionaryStrategy_EvoGeneratorWrapper_FactualInitiator_RouletteWheelSelector_OnePointCrosser_DataDistributionMutator_ImprovementMeasure,1,EvoGeneratorWrapper,35,27,21,1,EvolutionaryStrategy,5,50,100,50,FactualInitiator,RouletteWheelSelector,OnePointCrosser,,DataDistributionMutator,0.1,0.2,0.2,0.2,0.2,0.19999999999999996,486,35,27,1111,ImprovementMeasure,1,3,4
1,EvolutionaryStrategy,6,0.0005120289279147983,2.4646000584017456,0.7078754578754578,0.7578977987494019,0.0,0.998826801776886,1,0,1,0,33 > 01 > 02 > 03 > 04 > 05 > 07 > 08 > 09 > 10 > 11 > 12 > 06 > 13 > 01 > 13 > 15 > 16 > 32 > 17 > 27 > 26 > 29 > 28 > 25 > 34,33 > 01 > 02 > 03 > 04 > 05 > 07 > 08 > 09 > 10 > 11 > 12 > 06 > 13 > 14 > 13 > 15 > 16 > 14 > 17 > 27 > 26 > 29 > 28 > 20 > 34,1111,0:00:00.035687,0.03568696975708008,EGW_ES_EGW_FI_RWS_OPC_DDM_IM,EvoGeneratorWrapper_EvolutionaryStrategy_EvoGeneratorWrapper_FactualInitiator_RouletteWheelSelector_OnePointCrosser_DataDistributionMutator_ImprovementMeasure,1,EvoGeneratorWrapper,35,27,21,1,EvolutionaryStrategy,5,50,100,50,FactualInitiator,RouletteWheelSelector,OnePointCrosser,,DataDistributionMutator,0.1,0.2,0.2,0.2,0.2,0.19999999999999996,486,35,27,1111,ImprovementMeasure,1,3,5
1,EvolutionaryStrategy,5,0.0005120289279147983,2.4646000584017456,0.7078754578754578,0.7578977987494019,0.0,0.998826801776886,1,0,1,0,33 > 01 > 02 > 03 > 04 > 05 > 07 > 08 > 09 > 10 > 11 > 12 > 06 > 13 > 01 > 13 > 15 > 16 > 32 > 17 > 27 > 26 > 29 > 28 > 25 > 34,33 > 01 > 02 > 03 > 04 > 05 > 07 > 08 > 09 > 10 > 11 > 12 > 06 > 13 > 14 > 13 > 15 > 16 > 14 > 17 > 27 > 26 > 29 > 28 > 20 > 34,1111,0:00:00.035687,0.03568696975708008,EGW_ES_EGW_FI_RWS_OPC_DDM_IM,EvoGeneratorWrapper_EvolutionaryStrategy_EvoGeneratorWrapper_FactualInitiator_RouletteWheelSelector_OnePointCrosser_DataDistributionMutator_ImprovementMeasure,1,EvoGeneratorWrapper,35,27,21,1,EvolutionaryStrategy,5,50,100,50,FactualInitiator,RouletteWheelSelector,OnePointCrosser,,DataDistributionMutator,0.1,0.2,0.2,0.2,0.2,0.19999999999999996,486,35,27,1111,ImprovementMeasure,1,3,6
1,EvolutionaryStrategy,4,0.01092971209436655,2.692026676189673,0.8269230769230769,0.8732219306989386,0.0,0.9918816685676575,7,0,1,0,33 > 01 > 00 > 03 > 04 > 05 > 08 > 07 > 08 > 10 > 00 > 12 > 06 > 13 > 14 > 13 > 00 > 16 > 00 > 17 > 27 > 26 > 00 > 00 > 20 > 34,33 > 01 > 02 > 03 > 04 > 05 > 07 > 08 > 09 > 10 > 11 > 12 > 06 > 13 > 14 > 13 > 15 > 16 > 14 > 17 > 27 > 26 > 29 > 28 > 20 > 34,1111,0:00:00.035687,0.03568696975708008,EGW_ES_EGW_FI_RWS_OPC_DDM_IM,EvoGeneratorWrapper_EvolutionaryStrategy_EvoGeneratorWrapper_FactualInitiator_RouletteWheelSelector_OnePointCrosser_DataDistributionMutator_ImprovementMeasure,1,EvoGeneratorWrapper,35,27,21,1,EvolutionaryStrategy,5,50,100,50,FactualInitiator,RouletteWheelSelector,OnePointCrosser,,DataDistributionMutator,0.1,0.2,0.2,0.2,0.2,0.19999999999999996,486,35,27,1111,ImprovementMeasure,1,3,7
1,EvolutionaryStrategy,3,0.12941214442253113,2.7072971765253477,0.8846153846153846,0.9097884370172322,0.0,0.9128933548927307,2,0,1,0,33 > 01 > 02 > 03 > 04 > 07 > 05 > 08 > 10 > 09 > 11 > 12 > 06 > 13 > 14 > 13 > 15 > 16 > 14 > 17 > 27 > 26 > 29 > 00 > 20 > 34,33 > 01 > 02 > 03 > 04 > 05 > 07 > 08 > 09 > 10 > 11 > 12 > 06 > 13 > 14 > 13 > 15 > 16 > 14 > 17 > 27 > 26 > 29 > 28 > 20 > 34,1111,0:00:00.035687,0.03568696975708008,EGW_ES_EGW_FI_RWS_OPC_DDM_IM,EvoGeneratorWrapper_EvolutionaryStrategy_EvoGeneratorWrapper_FactualInitiator_RouletteWheelSelector_OnePointCrosser_DataDistributionMutator_ImprovementMeasure,1,EvoGeneratorWrapper,35,27,21,1,EvolutionaryStrategy,5,50,100,50,FactualInitiator,RouletteWheelSelector,OnePointCrosser,,DataDistributionMutator,0.1,0.2,0.2,0.2,0.2,0.19999999999999996,486,35,27,1111,ImprovementMeasure,1,3,8
1,EvolutionaryStrategy,2,0.12941330671310425,2.7431273605276423,0.9038461538461539,0.926388567044495,0.0,0.9128926396369934,3,0,1,0,33 > 01 > 00 > 03 > 04 > 05 > 08 > 07 > 08 > 10 > 11 > 12 > 06 > 13 > 14 > 13 > 15 > 16 > 14 > 17 > 27 > 26 > 29 > 00 > 20 > 34,33 > 01 > 02 > 03 > 04 > 05 > 07 > 08 > 09 > 10 > 11 > 12 > 06 > 13 > 14 > 13 > 15 > 16 > 14 > 17 > 27 > 26 > 29 > 28 > 20 > 34,1111,0:00:00.035687,0.03568696975708008,EGW_ES_EGW_FI_RWS_OPC_DDM_IM,EvoGeneratorWrapper_EvolutionaryStrategy_EvoGeneratorWrapper_FactualInitiator_RouletteWheelSelector_OnePointCrosser_DataDistributionMutator_ImprovementMeasure,1,EvoGeneratorWrapper,35,27,21,1,EvolutionaryStrategy,5,50,100,50,FactualInitiator,RouletteWheelSelector,OnePointCrosser,,DataDistributionMutator,0.1,0.2,0.2,0.2,0.2,0.19999999999999996,486,35,27,1111,ImprovementMeasure,1,3,9
1,EvolutionaryStrategy,1,0.12941236793994904,2.8062714022997466,0.9423076923076923,0.9510704147039685,0.0,0.9128932952880859,3,0,1,0,33 > 01 > 02 > 03 > 04 > 05 > 07 > 08 > 09 > 10 > 11 > 12 > 06 > 00 > 14 > 13 > 15 > 16 > 14 > 17 > 27 > 26 > 29 > 00 > 20 > 34,33 > 01 > 02 > 03 > 04 > 05 > 07 > 08 > 09 > 10 > 11 > 12 > 06 > 13 > 14 > 13 > 15 > 16 > 14 > 17 > 27 > 26 > 29 > 28 > 20 > 34,1111,0:00:00.035687,0.03568696975708008,EGW_ES_EGW_FI_RWS_OPC_DDM_IM,EvoGeneratorWrapper_EvolutionaryStrategy_EvoGeneratorWrapper_FactualInitiator_RouletteWheelSelector_OnePointCrosser_DataDistributionMutator_ImprovementMeasure,1,EvoGeneratorWrapper,35,27,21,1,EvolutionaryStrategy,5,50,100,50,FactualInitiator,RouletteWheelSelector,OnePointCrosser,,DataDistributionMutator,0.1,0.2,0.2,0.2,0.2,0.19999999999999996,486,35,27,1111,ImprovementMeasure,1,3,10
1,EvolutionaryStrategy,10,0.9978640675544739,2.7511243525797844,0.8644688644688645,0.8884054804815253,0.0,0.9982500076293945,3,1,0,1,21 > 22 > 03 > 04 > 23 > 05 > 06 > 05 > 06 > 05 > 07 > 09 > 08 > 10 > 11 > 12 > 06 > 13 > 31 > 13 > 25 > 24 > 14 > 27,33 > 01 > 02 > 21 > 22 > 03 > 04 > 23 > 05 > 06 > 05 > 06 > 05 > 07 > 09 > 08 > 10 > 11 > 12 > 06 > 13 > 14 > 13 > 25 > 24 > 14 > 34,1111,0:00:00.035687,0.03568696975708008,EGW_ES_EGW_FI_RWS_OPC_DDM_IM,EvoGeneratorWrapper_EvolutionaryStrategy_EvoGeneratorWrapper_FactualInitiator_RouletteWheelSelector_OnePointCrosser_DataDistributionMutator_ImprovementMeasure,1,EvoGeneratorWrapper,35,27,21,1,EvolutionaryStrategy,5,50,100,50,FactualInitiator,RouletteWheelSelector,OnePointCrosser,,DataDistributionMutator,0.1,0.2,0.2,0.2,0.2,0.19999999999999996,486,35,27,1111,ImprovementMeasure,1,4,1
1,EvolutionaryStrategy,9,0.9978640675544739,2.7587339561190696,0.8736263736263736,0.8868575748633016,0.0,0.9982500076293945,0,1,0,1,33 > 01 > 02 > 21 > 22 > 03 > 04 > 23 > 05 > 06 > 05 > 06 > 05 > 07 > 09 > 08 > 10 > 11 > 12 > 06 > 14 > 31 > 13 > 25 > 24 > 14 > 27,33 > 01 > 02 > 21 > 22 > 03 > 04 > 23 > 05 > 06 > 05 > 06 > 05 > 07 > 09 > 08 > 10 > 11 > 12 > 06 > 13 > 14 > 13 > 25 > 24 > 14 > 34,1111,0:00:00.035687,0.03568696975708008,EGW_ES_EGW_FI_RWS_OPC_DDM_IM,EvoGeneratorWrapper_EvolutionaryStrategy_EvoGeneratorWrapper_FactualInitiator_RouletteWheelSelector_OnePointCrosser_DataDistributionMutator_ImprovementMeasure,1,EvoGeneratorWrapper,35,27,21,1,EvolutionaryStrategy,5,50,100,50,FactualInitiator,RouletteWheelSelector,OnePointCrosser,,DataDistributionMutator,0.1,0.2,0.2,0.2,0.2,0.19999999999999996,486,35,27,1111,ImprovementMeasure,1,4,2
1,EvolutionaryStrategy,8,0.997870922088623,2.8796277182143575,0.9313186813186813,0.9500544993132787,0.0,0.9982545375823975,3,1,0,1,21 > 22 > 03 > 04 > 23 > 05 > 06 > 05 > 06 > 05 > 07 > 09 > 08 > 10 > 11 > 12 > 06 > 13 > 14 > 13 > 25 > 24 > 14 > 27,33 > 01 > 02 > 21 > 22 > 03 > 04 > 23 > 05 > 06 > 05 > 06 > 05 > 07 > 09 > 08 > 10 > 11 > 12 > 06 > 13 > 14 > 13 > 25 > 24 > 14 > 34,1111,0:00:00.035687,0.03568696975708008,EGW_ES_EGW_FI_RWS_OPC_DDM_IM,EvoGeneratorWrapper_EvolutionaryStrategy_EvoGeneratorWrapper_FactualInitiator_RouletteWheelSelector_OnePointCrosser_DataDistributionMutator_ImprovementMeasure,1,EvoGeneratorWrapper,35,27,21,1,EvolutionaryStrategy,5,50,100,50,FactualInitiator,RouletteWheelSelector,OnePointCrosser,,DataDistributionMutator,0.1,0.2,0.2,0.2,0.2,0.19999999999999996,486,35,27,1111,ImprovementMeasure,1,4,3
1,EvolutionaryStrategy,7,0.997870922088623,2.8950885881131354,0.9459706959706959,0.9508633545600422,0.0,0.9982545375823975,0,1,0,1,33 > 01 > 02 > 21 > 22 > 03 > 04 > 23 > 05 > 06 > 05 > 06 > 05 > 07 > 09 > 08 > 10 > 11 > 12 > 06 > 13 > 14 > 13 > 25 > 24 > 14 > 27,33 > 01 > 02 > 21 > 22 > 03 > 04 > 23 > 05 > 06 > 05 > 06 > 05 > 07 > 09 > 08 > 10 > 11 > 12 > 06 > 13 > 14 > 13 > 25 > 24 > 14 > 34,1111,0:00:00.035687,0.03568696975708008,EGW_ES_EGW_FI_RWS_OPC_DDM_IM,EvoGeneratorWrapper_EvolutionaryStrategy_EvoGeneratorWrapper_FactualInitiator_RouletteWheelSelector_OnePointCrosser_DataDistributionMutator_ImprovementMeasure,1,EvoGeneratorWrapper,35,27,21,1,EvolutionaryStrategy,5,50,100,50,FactualInitiator,RouletteWheelSelector,OnePointCrosser,,DataDistributionMutator,0.1,0.2,0.2,0.2,0.2,0.19999999999999996,486,35,27,1111,ImprovementMeasure,1,4,4
1,EvolutionaryStrategy,6,0.997870922088623,2.8950885881131354,0.9459706959706959,0.9508633545600422,0.0,0.9982545375823975,0,1,0,1,33 > 01 > 02 > 21 > 22 > 03 > 04 > 23 > 05 > 06 > 05 > 06 > 05 > 07 > 09 > 08 > 10 > 11 > 12 > 06 > 13 > 14 > 13 > 25 > 24 > 14 > 27,33 > 01 > 02 > 21 > 22 > 03 > 04 > 23 > 05 > 06 > 05 > 06 > 05 > 07 > 09 > 08 > 10 > 11 > 12 > 06 > 13 > 14 > 13 > 25 > 24 > 14 > 34,1111,0:00:00.035687,0.03568696975708008,EGW_ES_EGW_FI_RWS_OPC_DDM_IM,EvoGeneratorWrapper_EvolutionaryStrategy_EvoGeneratorWrapper_FactualInitiator_RouletteWheelSelector_OnePointCrosser_DataDistributionMutator_ImprovementMeasure,1,EvoGeneratorWrapper,35,27,21,1,EvolutionaryStrategy,5,50,100,50,FactualInitiator,RouletteWheelSelector,OnePointCrosser,,DataDistributionMutator,0.1,0.2,0.2,0.2,0.2,0.19999999999999996,486,35,27,1111,ImprovementMeasure,1,4,5
1,EvolutionaryStrategy,5,0.997870922088623,2.8950885881131354,0.9459706959706959,0.9508633545600422,0.0,0.9982545375823975,0,1,0,1,33 > 01 > 02 > 21 > 22 > 03 > 04 > 23 > 05 > 06 > 05 > 06 > 05 > 07 > 09 > 08 > 10 > 11 > 12 > 06 > 13 > 14 > 13 > 25 > 24 > 14 > 27,33 > 01 > 02 > 21 > 22 > 03 > 04 > 23 > 05 > 06 > 05 > 06 > 05 > 07 > 09 > 08 > 10 > 11 > 12 > 06 > 13 > 14 > 13 > 25 > 24 > 14 > 34,1111,0:00:00.035687,0.03568696975708008,EGW_ES_EGW_FI_RWS_OPC_DDM_IM,EvoGeneratorWrapper_EvolutionaryStrategy_EvoGeneratorWrapper_FactualInitiator_RouletteWheelSelector_OnePointCrosser_DataDistributionMutator_ImprovementMeasure,1,EvoGeneratorWrapper,35,27,21,1,EvolutionaryStrategy,5,50,100,50,FactualInitiator,RouletteWheelSelector,OnePointCrosser,,DataDistributionMutator,0.1,0.2,0.2,0.2,0.2,0.19999999999999996,486,35,27,1111,ImprovementMeasure,1,4,6
1,EvolutionaryStrategy,4,0.997870922088623,2.8950885881131354,0.9459706959706959,0.9508633545600422,0.0,0.9982545375823975,0,1,0,1,33 > 01 > 02 > 21 > 22 > 03 > 04 > 23 > 05 > 06 > 05 > 06 > 05 > 07 > 09 > 08 > 10 > 11 > 12 > 06 > 13 > 14 > 13 > 25 > 24 > 14 > 27,33 > 01 > 02 > 21 > 22 > 03 > 04 > 23 > 05 > 06 > 05 > 06 > 05 > 07 > 09 > 08 > 10 > 11 > 12 > 06 > 13 > 14 > 13 > 25 > 24 > 14 > 34,1111,0:00:00.035687,0.03568696975708008,EGW_ES_EGW_FI_RWS_OPC_DDM_IM,EvoGeneratorWrapper_EvolutionaryStrategy_EvoGeneratorWrapper_FactualInitiator_RouletteWheelSelector_OnePointCrosser_DataDistributionMutator_ImprovementMeasure,1,EvoGeneratorWrapper,35,27,21,1,EvolutionaryStrategy,5,50,100,50,FactualInitiator,RouletteWheelSelector,OnePointCrosser,,DataDistributionMutator,0.1,0.2,0.2,0.2,0.2,0.19999999999999996,486,35,27,1111,ImprovementMeasure,1,4,7
1,EvolutionaryStrategy,3,0.9978644251823425,2.911339628026859,0.9551282051282051,0.9579612364553249,0.0,0.9982501864433289,0,1,0,1,33 > 01 > 02 > 21 > 22 > 03 > 04 > 23 > 05 > 06 > 05 > 06 > 05 > 07 > 09 > 08 > 10 > 11 > 12 > 06 > 13 > 14 > 13 > 25 > 24 > 14 > 27,33 > 01 > 02 > 21 > 22 > 03 > 04 > 23 > 05 > 06 > 05 > 06 > 05 > 07 > 09 > 08 > 10 > 11 > 12 > 06 > 13 > 14 > 13 > 25 > 24 > 14 > 34,1111,0:00:00.035687,0.03568696975708008,EGW_ES_EGW_FI_RWS_OPC_DDM_IM,EvoGeneratorWrapper_EvolutionaryStrategy_EvoGeneratorWrapper_FactualInitiator_RouletteWheelSelector_OnePointCrosser_DataDistributionMutator_ImprovementMeasure,1,EvoGeneratorWrapper,35,27,21,1,EvolutionaryStrategy,5,50,100,50,FactualInitiator,RouletteWheelSelector,OnePointCrosser,,DataDistributionMutator,0.1,0.2,0.2,0.2,0.2,0.19999999999999996,486,35,27,1111,ImprovementMeasure,1,4,8
1,EvolutionaryStrategy,2,0.9986159801483154,2.998751223087311,1.0,1.0,0.0,0.9987512230873108,0,1,0,1,33 > 01 > 02 > 21 > 22 > 03 > 04 > 23 > 05 > 06 > 05 > 06 > 05 > 07 > 09 > 08 > 10 > 11 > 12 > 06 > 13 > 14 > 13 > 25 > 24 > 14 > 27,33 > 01 > 02 > 21 > 22 > 03 > 04 > 23 > 05 > 06 > 05 > 06 > 05 > 07 > 09 > 08 > 10 > 11 > 12 > 06 > 13 > 14 > 13 > 25 > 24 > 14 > 34,1111,0:00:00.035687,0.03568696975708008,EGW_ES_EGW_FI_RWS_OPC_DDM_IM,EvoGeneratorWrapper_EvolutionaryStrategy_EvoGeneratorWrapper_FactualInitiator_RouletteWheelSelector_OnePointCrosser_DataDistributionMutator_ImprovementMeasure,1,EvoGeneratorWrapper,35,27,21,1,EvolutionaryStrategy,5,50,100,50,FactualInitiator,RouletteWheelSelector,OnePointCrosser,,DataDistributionMutator,0.1,0.2,0.2,0.2,0.2,0.19999999999999996,486,35,27,1111,ImprovementMeasure,1,4,9
1,EvolutionaryStrategy,1,0.9986159801483154,2.998751223087311,1.0,1.0,0.0,0.9987512230873108,0,1,0,1,33 > 01 > 02 > 21 > 22 > 03 > 04 > 23 > 05 > 06 > 05 > 06 > 05 > 07 > 09 > 08 > 10 > 11 > 12 > 06 > 13 > 14 > 13 > 25 > 24 > 14 > 27,33 > 01 > 02 > 21 > 22 > 03 > 04 > 23 > 05 > 06 > 05 > 06 > 05 > 07 > 09 > 08 > 10 > 11 > 12 > 06 > 13 > 14 > 13 > 25 > 24 > 14 > 34,1111,0:00:00.035687,0.03568696975708008,EGW_ES_EGW_FI_RWS_OPC_DDM_IM,EvoGeneratorWrapper_EvolutionaryStrategy_EvoGeneratorWrapper_FactualInitiator_RouletteWheelSelector_OnePointCrosser_DataDistributionMutator_ImprovementMeasure,1,EvoGeneratorWrapper,35,27,21,1,EvolutionaryStrategy,5,50,100,50,FactualInitiator,RouletteWheelSelector,OnePointCrosser,,DataDistributionMutator,0.1,0.2,0.2,0.2,0.2,0.19999999999999996,486,35,27,1111,ImprovementMeasure,1,4,10
1,EvolutionaryStrategy,10,0.000501976755913347,2.380262985360558,1.0,1.0,0.046929642093117535,0.3333333432674408,7,0,0,1,33 > 01 > 02 > 03 > 04 > 05 > 07 > 08 > 09 > 10 > 11 > 12 > 06 > 13 > 14 > 13 > 25 > 24 > 14 > 34,33 > 01 > 02 > 03 > 04 > 05 > 07 > 08 > 09 > 10 > 11 > 12 > 06 > 13 > 14 > 13 > 25 > 24 > 14 > 34,1111,0:00:00.035687,0.03568696975708008,EGW_ES_EGW_FI_RWS_OPC_DDM_IM,EvoGeneratorWrapper_EvolutionaryStrategy_EvoGeneratorWrapper_FactualInitiator_RouletteWheelSelector_OnePointCrosser_DataDistributionMutator_ImprovementMeasure,1,EvoGeneratorWrapper,35,27,21,1,EvolutionaryStrategy,5,50,100,50,FactualInitiator,RouletteWheelSelector,OnePointCrosser,,DataDistributionMutator,0.1,0.2,0.2,0.2,0.2,0.19999999999999996,486,35,27,1111,ImprovementMeasure,1,5,1
1,EvolutionaryStrategy,9,0.000501976755913347,2.380262985360558,1.0,1.0,0.046929642093117535,0.3333333432674408,7,0,0,1,33 > 01 > 02 > 03 > 04 > 05 > 07 > 08 > 09 > 10 > 11 > 12 > 06 > 13 > 14 > 13 > 25 > 24 > 14 > 34,33 > 01 > 02 > 03 > 04 > 05 > 07 > 08 > 09 > 10 > 11 > 12 > 06 > 13 > 14 > 13 > 25 > 24 > 14 > 34,1111,0:00:00.035687,0.03568696975708008,EGW_ES_EGW_FI_RWS_OPC_DDM_IM,EvoGeneratorWrapper_EvolutionaryStrategy_EvoGeneratorWrapper_FactualInitiator_RouletteWheelSelector_OnePointCrosser_DataDistributionMutator_ImprovementMeasure,1,EvoGeneratorWrapper,35,27,21,1,EvolutionaryStrategy,5,50,100,50,FactualInitiator,RouletteWheelSelector,OnePointCrosser,,DataDistributionMutator,0.1,0.2,0.2,0.2,0.2,0.19999999999999996,486,35,27,1111,ImprovementMeasure,1,5,2
1,EvolutionaryStrategy,8,0.000501976755913347,2.380262985360558,1.0,1.0,0.046929642093117535,0.3333333432674408,7,0,0,1,33 > 01 > 02 > 03 > 04 > 05 > 07 > 08 > 09 > 10 > 11 > 12 > 06 > 13 > 14 > 13 > 25 > 24 > 14 > 34,33 > 01 > 02 > 03 > 04 > 05 > 07 > 08 > 09 > 10 > 11 > 12 > 06 > 13 > 14 > 13 > 25 > 24 > 14 > 34,1111,0:00:00.035687,0.03568696975708008,EGW_ES_EGW_FI_RWS_OPC_DDM_IM,EvoGeneratorWrapper_EvolutionaryStrategy_EvoGeneratorWrapper_FactualInitiator_RouletteWheelSelector_OnePointCrosser_DataDistributionMutator_ImprovementMeasure,1,EvoGeneratorWrapper,35,27,21,1,EvolutionaryStrategy,5,50,100,50,FactualInitiator,RouletteWheelSelector,OnePointCrosser,,DataDistributionMutator,0.1,0.2,0.2,0.2,0.2,0.19999999999999996,486,35,27,1111,ImprovementMeasure,1,5,3
1,EvolutionaryStrategy,7,0.000501976755913347,2.380262985360558,1.0,1.0,0.046929642093117535,0.3333333432674408,7,0,0,1,33 > 01 > 02 > 03 > 04 > 05 > 07 > 08 > 09 > 10 > 11 > 12 > 06 > 13 > 14 > 13 > 25 > 24 > 14 > 34,33 > 01 > 02 > 03 > 04 > 05 > 07 > 08 > 09 > 10 > 11 > 12 > 06 > 13 > 14 > 13 > 25 > 24 > 14 > 34,1111,0:00:00.035687,0.03568696975708008,EGW_ES_EGW_FI_RWS_OPC_DDM_IM,EvoGeneratorWrapper_EvolutionaryStrategy_EvoGeneratorWrapper_FactualInitiator_RouletteWheelSelector_OnePointCrosser_DataDistributionMutator_ImprovementMeasure,1,EvoGeneratorWrapper,35,27,21,1,EvolutionaryStrategy,5,50,100,50,FactualInitiator,RouletteWheelSelector,OnePointCrosser,,DataDistributionMutator,0.1,0.2,0.2,0.2,0.2,0.19999999999999996,486,35,27,1111,ImprovementMeasure,1,5,4
1,EvolutionaryStrategy,6,0.000501976755913347,2.380262985360558,1.0,1.0,0.046929642093117535,0.3333333432674408,7,0,0,1,33 > 01 > 02 > 03 > 04 > 05 > 07 > 08 > 09 > 10 > 11 > 12 > 06 > 13 > 14 > 13 > 25 > 24 > 14 > 34,33 > 01 > 02 > 03 > 04 > 05 > 07 > 08 > 09 > 10 > 11 > 12 > 06 > 13 > 14 > 13 > 25 > 24 > 14 > 34,1111,0:00:00.035687,0.03568696975708008,EGW_ES_EGW_FI_RWS_OPC_DDM_IM,EvoGeneratorWrapper_EvolutionaryStrategy_EvoGeneratorWrapper_FactualInitiator_RouletteWheelSelector_OnePointCrosser_DataDistributionMutator_ImprovementMeasure,1,EvoGeneratorWrapper,35,27,21,1,EvolutionaryStrategy,5,50,100,50,FactualInitiator,RouletteWheelSelector,OnePointCrosser,,DataDistributionMutator,0.1,0.2,0.2,0.2,0.2,0.19999999999999996,486,35,27,1111,ImprovementMeasure,1,5,5
1,EvolutionaryStrategy,5,0.000501976755913347,2.380262985360558,1.0,1.0,0.046929642093117535,0.3333333432674408,7,0,0,1,33 > 01 > 02 > 03 > 04 > 05 > 07 > 08 > 09 > 10 > 11 > 12 > 06 > 13 > 14 > 13 > 25 > 24 > 14 > 34,33 > 01 > 02 > 03 > 04 > 05 > 07 > 08 > 09 > 10 > 11 > 12 > 06 > 13 > 14 > 13 > 25 > 24 > 14 > 34,1111,0:00:00.035687,0.03568696975708008,EGW_ES_EGW_FI_RWS_OPC_DDM_IM,EvoGeneratorWrapper_EvolutionaryStrategy_EvoGeneratorWrapper_FactualInitiator_RouletteWheelSelector_OnePointCrosser_DataDistributionMutator_ImprovementMeasure,1,EvoGeneratorWrapper,35,27,21,1,EvolutionaryStrategy,5,50,100,50,FactualInitiator,RouletteWheelSelector,OnePointCrosser,,DataDistributionMutator,0.1,0.2,0.2,0.2,0.2,0.19999999999999996,486,35,27,1111,ImprovementMeasure,1,5,6
1,EvolutionaryStrategy,4,0.000501976755913347,2.380262985360558,1.0,1.0,0.046929642093117535,0.3333333432674408,7,0,0,1,33 > 01 > 02 > 03 > 04 > 05 > 07 > 08 > 09 > 10 > 11 > 12 > 06 > 13 > 14 > 13 > 25 > 24 > 14 > 34,33 > 01 > 02 > 03 > 04 > 05 > 07 > 08 > 09 > 10 > 11 > 12 > 06 > 13 > 14 > 13 > 25 > 24 > 14 > 34,1111,0:00:00.035687,0.03568696975708008,EGW_ES_EGW_FI_RWS_OPC_DDM_IM,EvoGeneratorWrapper_EvolutionaryStrategy_EvoGeneratorWrapper_FactualInitiator_RouletteWheelSelector_OnePointCrosser_DataDistributionMutator_ImprovementMeasure,1,EvoGeneratorWrapper,35,27,21,1,EvolutionaryStrategy,5,50,100,50,FactualInitiator,RouletteWheelSelector,OnePointCrosser,,DataDistributionMutator,0.1,0.2,0.2,0.2,0.2,0.19999999999999996,486,35,27,1111,ImprovementMeasure,1,5,7
1,EvolutionaryStrategy,3,0.000501976755913347,2.380262985360558,1.0,1.0,0.046929642093117535,0.3333333432674408,7,0,0,1,33 > 01 > 02 > 03 > 04 > 05 > 07 > 08 > 09 > 10 > 11 > 12 > 06 > 13 > 14 > 13 > 25 > 24 > 14 > 34,33 > 01 > 02 > 03 > 04 > 05 > 07 > 08 > 09 > 10 > 11 > 12 > 06 > 13 > 14 > 13 > 25 > 24 > 14 > 34,1111,0:00:00.035687,0.03568696975708008,EGW_ES_EGW_FI_RWS_OPC_DDM_IM,EvoGeneratorWrapper_EvolutionaryStrategy_EvoGeneratorWrapper_FactualInitiator_RouletteWheelSelector_OnePointCrosser_DataDistributionMutator_ImprovementMeasure,1,EvoGeneratorWrapper,35,27,21,1,EvolutionaryStrategy,5,50,100,50,FactualInitiator,RouletteWheelSelector,OnePointCrosser,,DataDistributionMutator,0.1,0.2,0.2,0.2,0.2,0.19999999999999996,486,35,27,1111,ImprovementMeasure,1,5,8
1,EvolutionaryStrategy,2,0.000501976755913347,2.380262985360558,1.0,1.0,0.046929642093117535,0.3333333432674408,7,0,0,1,33 > 01 > 02 > 03 > 04 > 05 > 07 > 08 > 09 > 10 > 11 > 12 > 06 > 13 > 14 > 13 > 25 > 24 > 14 > 34,33 > 01 > 02 > 03 > 04 > 05 > 07 > 08 > 09 > 10 > 11 > 12 > 06 > 13 > 14 > 13 > 25 > 24 > 14 > 34,1111,0:00:00.035687,0.03568696975708008,EGW_ES_EGW_FI_RWS_OPC_DDM_IM,EvoGeneratorWrapper_EvolutionaryStrategy_EvoGeneratorWrapper_FactualInitiator_RouletteWheelSelector_OnePointCrosser_DataDistributionMutator_ImprovementMeasure,1,EvoGeneratorWrapper,35,27,21,1,EvolutionaryStrategy,5,50,100,50,FactualInitiator,RouletteWheelSelector,OnePointCrosser,,DataDistributionMutator,0.1,0.2,0.2,0.2,0.2,0.19999999999999996,486,35,27,1111,ImprovementMeasure,1,5,9
1,EvolutionaryStrategy,1,0.000501976755913347,2.380262985360558,1.0,1.0,0.046929642093117535,0.3333333432674408,7,0,0,1,33 > 01 > 02 > 03 > 04 > 05 > 07 > 08 > 09 > 10 > 11 > 12 > 06 > 13 > 14 > 13 > 25 > 24 > 14 > 34,33 > 01 > 02 > 03 > 04 > 05 > 07 > 08 > 09 > 10 > 11 > 12 > 06 > 13 > 14 > 13 > 25 > 24 > 14 > 34,1111,0:00:00.035687,0.03568696975708008,EGW_ES_EGW_FI_RWS_OPC_DDM_IM,EvoGeneratorWrapper_EvolutionaryStrategy_EvoGeneratorWrapper_FactualInitiator_RouletteWheelSelector_OnePointCrosser_DataDistributionMutator_ImprovementMeasure,1,EvoGeneratorWrapper,35,27,21,1,EvolutionaryStrategy,5,50,100,50,FactualInitiator,RouletteWheelSelector,OnePointCrosser,,DataDistributionMutator,0.1,0.2,0.2,0.2,0.2,0.19999999999999996,486,35,27,1111,ImprovementMeasure,1,5,10
1,EvolutionaryStrategy,10,0.0004928128328174353,2.320242425054415,0.9807692307692307,0.9833965716844577,0.022743279333285963,0.3333333432674408,1,0,0,1,33 > 01 > 02 > 03 > 04 > 05 > 06 > 05 > 07 > 09 > 08 > 10 > 11 > 12 > 06 > 13 > 14 > 13 > 14 > 13 > 14 > 13 > 24 > 25 > 14 > 34,33 > 01 > 02 > 03 > 04 > 05 > 06 > 05 > 07 > 09 > 08 > 10 > 11 > 12 > 06 > 13 > 14 > 13 > 14 > 13 > 14 > 13 > 24 > 25 > 14 > 34,1111,0:00:00.034076,0.03407645225524902,EGW_ES_EGW_FI_RWS_TPC_DDM_IM,EvoGeneratorWrapper_EvolutionaryStrategy_EvoGeneratorWrapper_FactualInitiator_RouletteWheelSelector_TwoPointCrosser_DataDistributionMutator_ImprovementMeasure,2,EvoGeneratorWrapper,35,27,21,1,EvolutionaryStrategy,5,50,100,50,FactualInitiator,RouletteWheelSelector,TwoPointCrosser,,DataDistributionMutator,0.1,0.2,0.2,0.2,0.2,0.19999999999999996,486,35,27,1111,ImprovementMeasure,1,1,1
1,EvolutionaryStrategy,9,0.0004928128328174353,2.320242425054415,0.9807692307692307,0.9833965716844577,0.022743279333285963,0.3333333432674408,1,0,0,1,33 > 01 > 02 > 03 > 04 > 05 > 06 > 05 > 07 > 09 > 08 > 10 > 11 > 12 > 06 > 13 > 14 > 13 > 14 > 13 > 14 > 13 > 24 > 25 > 14 > 34,33 > 01 > 02 > 03 > 04 > 05 > 06 > 05 > 07 > 09 > 08 > 10 > 11 > 12 > 06 > 13 > 14 > 13 > 14 > 13 > 14 > 13 > 24 > 25 > 14 > 34,1111,0:00:00.034076,0.03407645225524902,EGW_ES_EGW_FI_RWS_TPC_DDM_IM,EvoGeneratorWrapper_EvolutionaryStrategy_EvoGeneratorWrapper_FactualInitiator_RouletteWheelSelector_TwoPointCrosser_DataDistributionMutator_ImprovementMeasure,2,EvoGeneratorWrapper,35,27,21,1,EvolutionaryStrategy,5,50,100,50,FactualInitiator,RouletteWheelSelector,TwoPointCrosser,,DataDistributionMutator,0.1,0.2,0.2,0.2,0.2,0.19999999999999996,486,35,27,1111,ImprovementMeasure,1,1,2
1,EvolutionaryStrategy,8,0.0004928128328174353,2.320242425054415,0.9807692307692307,0.9833965716844577,0.022743279333285963,0.3333333432674408,1,0,0,1,33 > 01 > 02 > 03 > 04 > 05 > 06 > 05 > 07 > 09 > 08 > 10 > 11 > 12 > 06 > 13 > 14 > 13 > 14 > 13 > 14 > 13 > 24 > 25 > 14 > 34,33 > 01 > 02 > 03 > 04 > 05 > 06 > 05 > 07 > 09 > 08 > 10 > 11 > 12 > 06 > 13 > 14 > 13 > 14 > 13 > 14 > 13 > 24 > 25 > 14 > 34,1111,0:00:00.034076,0.03407645225524902,EGW_ES_EGW_FI_RWS_TPC_DDM_IM,EvoGeneratorWrapper_EvolutionaryStrategy_EvoGeneratorWrapper_FactualInitiator_RouletteWheelSelector_TwoPointCrosser_DataDistributionMutator_ImprovementMeasure,2,EvoGeneratorWrapper,35,27,21,1,EvolutionaryStrategy,5,50,100,50,FactualInitiator,RouletteWheelSelector,TwoPointCrosser,,DataDistributionMutator,0.1,0.2,0.2,0.2,0.2,0.19999999999999996,486,35,27,1111,ImprovementMeasure,1,1,3
1,EvolutionaryStrategy,7,0.0004928128328174353,2.320242425054415,0.9807692307692307,0.9833965716844577,0.022743279333285963,0.3333333432674408,1,0,0,1,33 > 01 > 02 > 03 > 04 > 05 > 06 > 05 > 07 > 09 > 08 > 10 > 11 > 12 > 06 > 13 > 14 > 13 > 14 > 13 > 14 > 13 > 24 > 25 > 14 > 34,33 > 01 > 02 > 03 > 04 > 05 > 06 > 05 > 07 > 09 > 08 > 10 > 11 > 12 > 06 > 13 > 14 > 13 > 14 > 13 > 14 > 13 > 24 > 25 > 14 > 34,1111,0:00:00.034076,0.03407645225524902,EGW_ES_EGW_FI_RWS_TPC_DDM_IM,EvoGeneratorWrapper_EvolutionaryStrategy_EvoGeneratorWrapper_FactualInitiator_RouletteWheelSelector_TwoPointCrosser_DataDistributionMutator_ImprovementMeasure,2,EvoGeneratorWrapper,35,27,21,1,EvolutionaryStrategy,5,50,100,50,FactualInitiator,RouletteWheelSelector,TwoPointCrosser,,DataDistributionMutator,0.1,0.2,0.2,0.2,0.2,0.19999999999999996,486,35,27,1111,ImprovementMeasure,1,1,4
1,EvolutionaryStrategy,6,0.0004928128328174353,2.320242425054415,0.9807692307692307,0.9833965716844577,0.022743279333285963,0.3333333432674408,1,0,0,1,33 > 01 > 02 > 03 > 04 > 05 > 06 > 05 > 07 > 09 > 08 > 10 > 11 > 12 > 06 > 13 > 14 > 13 > 14 > 13 > 14 > 13 > 24 > 25 > 14 > 34,33 > 01 > 02 > 03 > 04 > 05 > 06 > 05 > 07 > 09 > 08 > 10 > 11 > 12 > 06 > 13 > 14 > 13 > 14 > 13 > 14 > 13 > 24 > 25 > 14 > 34,1111,0:00:00.034076,0.03407645225524902,EGW_ES_EGW_FI_RWS_TPC_DDM_IM,EvoGeneratorWrapper_EvolutionaryStrategy_EvoGeneratorWrapper_FactualInitiator_RouletteWheelSelector_TwoPointCrosser_DataDistributionMutator_ImprovementMeasure,2,EvoGeneratorWrapper,35,27,21,1,EvolutionaryStrategy,5,50,100,50,FactualInitiator,RouletteWheelSelector,TwoPointCrosser,,DataDistributionMutator,0.1,0.2,0.2,0.2,0.2,0.19999999999999996,486,35,27,1111,ImprovementMeasure,1,1,5
1,EvolutionaryStrategy,5,0.0004928128328174353,2.320242425054415,0.9807692307692307,0.9833965716844577,0.022743279333285963,0.3333333432674408,1,0,0,1,33 > 01 > 02 > 03 > 04 > 05 > 06 > 05 > 07 > 09 > 08 > 10 > 11 > 12 > 06 > 13 > 14 > 13 > 14 > 13 > 14 > 13 > 24 > 25 > 14 > 34,33 > 01 > 02 > 03 > 04 > 05 > 06 > 05 > 07 > 09 > 08 > 10 > 11 > 12 > 06 > 13 > 14 > 13 > 14 > 13 > 14 > 13 > 24 > 25 > 14 > 34,1111,0:00:00.034076,0.03407645225524902,EGW_ES_EGW_FI_RWS_TPC_DDM_IM,EvoGeneratorWrapper_EvolutionaryStrategy_EvoGeneratorWrapper_FactualInitiator_RouletteWheelSelector_TwoPointCrosser_DataDistributionMutator_ImprovementMeasure,2,EvoGeneratorWrapper,35,27,21,1,EvolutionaryStrategy,5,50,100,50,FactualInitiator,RouletteWheelSelector,TwoPointCrosser,,DataDistributionMutator,0.1,0.2,0.2,0.2,0.2,0.19999999999999996,486,35,27,1111,ImprovementMeasure,1,1,6
1,EvolutionaryStrategy,4,0.0004928128328174353,2.320242425054415,0.9807692307692307,0.9833965716844577,0.022743279333285963,0.3333333432674408,1,0,0,1,33 > 01 > 02 > 03 > 04 > 05 > 06 > 05 > 07 > 09 > 08 > 10 > 11 > 12 > 06 > 13 > 14 > 13 > 14 > 13 > 14 > 13 > 24 > 25 > 14 > 34,33 > 01 > 02 > 03 > 04 > 05 > 06 > 05 > 07 > 09 > 08 > 10 > 11 > 12 > 06 > 13 > 14 > 13 > 14 > 13 > 14 > 13 > 24 > 25 > 14 > 34,1111,0:00:00.034076,0.03407645225524902,EGW_ES_EGW_FI_RWS_TPC_DDM_IM,EvoGeneratorWrapper_EvolutionaryStrategy_EvoGeneratorWrapper_FactualInitiator_RouletteWheelSelector_TwoPointCrosser_DataDistributionMutator_ImprovementMeasure,2,EvoGeneratorWrapper,35,27,21,1,EvolutionaryStrategy,5,50,100,50,FactualInitiator,RouletteWheelSelector,TwoPointCrosser,,DataDistributionMutator,0.1,0.2,0.2,0.2,0.2,0.19999999999999996,486,35,27,1111,ImprovementMeasure,1,1,7
1,EvolutionaryStrategy,3,0.0004928128328174353,2.320242425054415,0.9807692307692307,0.9833965716844577,0.022743279333285963,0.3333333432674408,1,0,0,1,33 > 01 > 02 > 03 > 04 > 05 > 06 > 05 > 07 > 09 > 08 > 10 > 11 > 12 > 06 > 13 > 14 > 13 > 14 > 13 > 14 > 13 > 24 > 25 > 14 > 34,33 > 01 > 02 > 03 > 04 > 05 > 06 > 05 > 07 > 09 > 08 > 10 > 11 > 12 > 06 > 13 > 14 > 13 > 14 > 13 > 14 > 13 > 24 > 25 > 14 > 34,1111,0:00:00.034076,0.03407645225524902,EGW_ES_EGW_FI_RWS_TPC_DDM_IM,EvoGeneratorWrapper_EvolutionaryStrategy_EvoGeneratorWrapper_FactualInitiator_RouletteWheelSelector_TwoPointCrosser_DataDistributionMutator_ImprovementMeasure,2,EvoGeneratorWrapper,35,27,21,1,EvolutionaryStrategy,5,50,100,50,FactualInitiator,RouletteWheelSelector,TwoPointCrosser,,DataDistributionMutator,0.1,0.2,0.2,0.2,0.2,0.19999999999999996,486,35,27,1111,ImprovementMeasure,1,1,8
1,EvolutionaryStrategy,2,0.0004928128328174353,2.320242425054415,0.9807692307692307,0.9833965716844577,0.022743279333285963,0.3333333432674408,1,0,0,1,33 > 01 > 02 > 03 > 04 > 05 > 06 > 05 > 07 > 09 > 08 > 10 > 11 > 12 > 06 > 13 > 14 > 13 > 14 > 13 > 14 > 13 > 24 > 25 > 14 > 34,33 > 01 > 02 > 03 > 04 > 05 > 06 > 05 > 07 > 09 > 08 > 10 > 11 > 12 > 06 > 13 > 14 > 13 > 14 > 13 > 14 > 13 > 24 > 25 > 14 > 34,1111,0:00:00.034076,0.03407645225524902,EGW_ES_EGW_FI_RWS_TPC_DDM_IM,EvoGeneratorWrapper_EvolutionaryStrategy_EvoGeneratorWrapper_FactualInitiator_RouletteWheelSelector_TwoPointCrosser_DataDistributionMutator_ImprovementMeasure,2,EvoGeneratorWrapper,35,27,21,1,EvolutionaryStrategy,5,50,100,50,FactualInitiator,RouletteWheelSelector,TwoPointCrosser,,DataDistributionMutator,0.1,0.2,0.2,0.2,0.2,0.19999999999999996,486,35,27,1111,ImprovementMeasure,1,1,9
1,EvolutionaryStrategy,1,0.0004928128328174353,2.320242425054415,0.9807692307692307,0.9833965716844577,0.022743279333285963,0.3333333432674408,1,0,0,1,33 > 01 > 02 > 03 > 04 > 05 > 06 > 05 > 07 > 09 > 08 > 10 > 11 > 12 > 06 > 13 > 14 > 13 > 14 > 13 > 14 > 13 > 24 > 25 > 14 > 34,33 > 01 > 02 > 03 > 04 > 05 > 06 > 05 > 07 > 09 > 08 > 10 > 11 > 12 > 06 > 13 > 14 > 13 > 14 > 13 > 14 > 13 > 24 > 25 > 14 > 34,1111,0:00:00.034076,0.03407645225524902,EGW_ES_EGW_FI_RWS_TPC_DDM_IM,EvoGeneratorWrapper_EvolutionaryStrategy_EvoGeneratorWrapper_FactualInitiator_RouletteWheelSelector_TwoPointCrosser_DataDistributionMutator_ImprovementMeasure,2,EvoGeneratorWrapper,35,27,21,1,EvolutionaryStrategy,5,50,100,50,FactualInitiator,RouletteWheelSelector,TwoPointCrosser,,DataDistributionMutator,0.1,0.2,0.2,0.2,0.2,0.19999999999999996,486,35,27,1111,ImprovementMeasure,1,1,10
1,EvolutionaryStrategy,10,0.9987310767173767,2.299137219426775,0.9807692307692307,0.9850487716909151,0.0,0.33331921696662903,1,1,1,0,33 > 01 > 02 > 21 > 22 > 03 > 04 > 23 > 05 > 07 > 09 > 08 > 10 > 11 > 12 > 06 > 13 > 15 > 16 > 14 > 17 > 29 > 26 > 00 > 27 > 20 > 34,33 > 01 > 02 > 21 > 22 > 03 > 04 > 23 > 05 > 07 > 09 > 08 > 10 > 11 > 12 > 06 > 13 > 15 > 16 > 14 > 17 > 29 > 26 > 28 > 27 > 20 > 34,1111,0:00:00.034076,0.03407645225524902,EGW_ES_EGW_FI_RWS_TPC_DDM_IM,EvoGeneratorWrapper_EvolutionaryStrategy_EvoGeneratorWrapper_FactualInitiator_RouletteWheelSelector_TwoPointCrosser_DataDistributionMutator_ImprovementMeasure,2,EvoGeneratorWrapper,35,27,21,1,EvolutionaryStrategy,5,50,100,50,FactualInitiator,RouletteWheelSelector,TwoPointCrosser,,DataDistributionMutator,0.1,0.2,0.2,0.2,0.2,0.19999999999999996,486,35,27,1111,ImprovementMeasure,1,2,1
1,EvolutionaryStrategy,9,0.9987310767173767,2.299137219426775,0.9807692307692307,0.9850487716909151,0.0,0.33331921696662903,1,1,1,0,33 > 01 > 02 > 21 > 22 > 03 > 04 > 23 > 05 > 07 > 09 > 08 > 10 > 11 > 12 > 06 > 13 > 15 > 16 > 14 > 17 > 29 > 26 > 00 > 27 > 20 > 34,33 > 01 > 02 > 21 > 22 > 03 > 04 > 23 > 05 > 07 > 09 > 08 > 10 > 11 > 12 > 06 > 13 > 15 > 16 > 14 > 17 > 29 > 26 > 28 > 27 > 20 > 34,1111,0:00:00.034076,0.03407645225524902,EGW_ES_EGW_FI_RWS_TPC_DDM_IM,EvoGeneratorWrapper_EvolutionaryStrategy_EvoGeneratorWrapper_FactualInitiator_RouletteWheelSelector_TwoPointCrosser_DataDistributionMutator_ImprovementMeasure,2,EvoGeneratorWrapper,35,27,21,1,EvolutionaryStrategy,5,50,100,50,FactualInitiator,RouletteWheelSelector,TwoPointCrosser,,DataDistributionMutator,0.1,0.2,0.2,0.2,0.2,0.19999999999999996,486,35,27,1111,ImprovementMeasure,1,2,2
1,EvolutionaryStrategy,8,0.9987310767173767,2.299137219426775,0.9807692307692307,0.9850487716909151,0.0,0.33331921696662903,1,1,1,0,33 > 01 > 02 > 21 > 22 > 03 > 04 > 23 > 05 > 07 > 09 > 08 > 10 > 11 > 12 > 06 > 13 > 15 > 16 > 14 > 17 > 29 > 26 > 00 > 27 > 20 > 34,33 > 01 > 02 > 21 > 22 > 03 > 04 > 23 > 05 > 07 > 09 > 08 > 10 > 11 > 12 > 06 > 13 > 15 > 16 > 14 > 17 > 29 > 26 > 28 > 27 > 20 > 34,1111,0:00:00.034076,0.03407645225524902,EGW_ES_EGW_FI_RWS_TPC_DDM_IM,EvoGeneratorWrapper_EvolutionaryStrategy_EvoGeneratorWrapper_FactualInitiator_RouletteWheelSelector_TwoPointCrosser_DataDistributionMutator_ImprovementMeasure,2,EvoGeneratorWrapper,35,27,21,1,EvolutionaryStrategy,5,50,100,50,FactualInitiator,RouletteWheelSelector,TwoPointCrosser,,DataDistributionMutator,0.1,0.2,0.2,0.2,0.2,0.19999999999999996,486,35,27,1111,ImprovementMeasure,1,2,3
1,EvolutionaryStrategy,7,0.998752236366272,2.299992332508899,0.9807692307692307,0.9858897584722275,0.0,0.3333333432674408,1,1,1,0,33 > 01 > 02 > 21 > 22 > 03 > 04 > 23 > 05 > 07 > 09 > 08 > 00 > 11 > 12 > 06 > 13 > 15 > 16 > 14 > 17 > 29 > 26 > 28 > 27 > 20 > 34,33 > 01 > 02 > 21 > 22 > 03 > 04 > 23 > 05 > 07 > 09 > 08 > 10 > 11 > 12 > 06 > 13 > 15 > 16 > 14 > 17 > 29 > 26 > 28 > 27 > 20 > 34,1111,0:00:00.034076,0.03407645225524902,EGW_ES_EGW_FI_RWS_TPC_DDM_IM,EvoGeneratorWrapper_EvolutionaryStrategy_EvoGeneratorWrapper_FactualInitiator_RouletteWheelSelector_TwoPointCrosser_DataDistributionMutator_ImprovementMeasure,2,EvoGeneratorWrapper,35,27,21,1,EvolutionaryStrategy,5,50,100,50,FactualInitiator,RouletteWheelSelector,TwoPointCrosser,,DataDistributionMutator,0.1,0.2,0.2,0.2,0.2,0.19999999999999996,486,35,27,1111,ImprovementMeasure,1,2,4
1,EvolutionaryStrategy,6,0.998752236366272,2.3419854505804443,1.0,1.0,0.008652107313003254,0.3333333432674408,0,1,1,0,33 > 01 > 02 > 21 > 22 > 03 > 04 > 23 > 05 > 07 > 09 > 08 > 10 > 11 > 12 > 06 > 13 > 15 > 16 > 14 > 17 > 29 > 26 > 28 > 27 > 20 > 34,33 > 01 > 02 > 21 > 22 > 03 > 04 > 23 > 05 > 07 > 09 > 08 > 10 > 11 > 12 > 06 > 13 > 15 > 16 > 14 > 17 > 29 > 26 > 28 > 27 > 20 > 34,1111,0:00:00.034076,0.03407645225524902,EGW_ES_EGW_FI_RWS_TPC_DDM_IM,EvoGeneratorWrapper_EvolutionaryStrategy_EvoGeneratorWrapper_FactualInitiator_RouletteWheelSelector_TwoPointCrosser_DataDistributionMutator_ImprovementMeasure,2,EvoGeneratorWrapper,35,27,21,1,EvolutionaryStrategy,5,50,100,50,FactualInitiator,RouletteWheelSelector,TwoPointCrosser,,DataDistributionMutator,0.1,0.2,0.2,0.2,0.2,0.19999999999999996,486,35,27,1111,ImprovementMeasure,1,2,5
1,EvolutionaryStrategy,5,0.998752236366272,2.3419854505804443,1.0,1.0,0.008652107313003254,0.3333333432674408,0,1,1,0,33 > 01 > 02 > 21 > 22 > 03 > 04 > 23 > 05 > 07 > 09 > 08 > 10 > 11 > 12 > 06 > 13 > 15 > 16 > 14 > 17 > 29 > 26 > 28 > 27 > 20 > 34,33 > 01 > 02 > 21 > 22 > 03 > 04 > 23 > 05 > 07 > 09 > 08 > 10 > 11 > 12 > 06 > 13 > 15 > 16 > 14 > 17 > 29 > 26 > 28 > 27 > 20 > 34,1111,0:00:00.034076,0.03407645225524902,EGW_ES_EGW_FI_RWS_TPC_DDM_IM,EvoGeneratorWrapper_EvolutionaryStrategy_EvoGeneratorWrapper_FactualInitiator_RouletteWheelSelector_TwoPointCrosser_DataDistributionMutator_ImprovementMeasure,2,EvoGeneratorWrapper,35,27,21,1,EvolutionaryStrategy,5,50,100,50,FactualInitiator,RouletteWheelSelector,TwoPointCrosser,,DataDistributionMutator,0.1,0.2,0.2,0.2,0.2,0.19999999999999996,486,35,27,1111,ImprovementMeasure,1,2,6
1,EvolutionaryStrategy,4,0.00167313392739743,2.349179434237229,0.6593406593406594,0.6917859990367369,0.0,0.9980527758598328,7,0,1,0,33 > 01 > 02 > 21 > 22 > 00 > 04 > 00 > 05 > 00 > 09 > 08 > 00 > 11 > 12 > 06 > 13 > 15 > 16 > 14 > 17 > 29 > 26 > 00 > 00 > 20,33 > 01 > 02 > 21 > 22 > 03 > 04 > 23 > 05 > 07 > 09 > 08 > 10 > 11 > 12 > 06 > 13 > 15 > 16 > 14 > 17 > 29 > 26 > 28 > 27 > 20 > 34,1111,0:00:00.034076,0.03407645225524902,EGW_ES_EGW_FI_RWS_TPC_DDM_IM,EvoGeneratorWrapper_EvolutionaryStrategy_EvoGeneratorWrapper_FactualInitiator_RouletteWheelSelector_TwoPointCrosser_DataDistributionMutator_ImprovementMeasure,2,EvoGeneratorWrapper,35,27,21,1,EvolutionaryStrategy,5,50,100,50,FactualInitiator,RouletteWheelSelector,TwoPointCrosser,,DataDistributionMutator,0.1,0.2,0.2,0.2,0.2,0.19999999999999996,486,35,27,1111,ImprovementMeasure,1,2,7
1,EvolutionaryStrategy,3,0.0008672117255628109,2.5755253756823904,0.7646520146520146,0.8122833685071824,0.0,0.9985899925231934,8,0,1,0,20 > 01 > 02 > 22 > 21 > 03 > 04 > 00 > 05 > 00 > 08 > 00 > 00 > 11 > 00 > 12 > 13 > 15 > 16 > 14 > 17 > 29 > 26 > 00 > 00 > 00 > 34,33 > 01 > 02 > 21 > 22 > 03 > 04 > 23 > 05 > 07 > 09 > 08 > 10 > 11 > 12 > 06 > 13 > 15 > 16 > 14 > 17 > 29 > 26 > 28 > 27 > 20 > 34,1111,0:00:00.034076,0.03407645225524902,EGW_ES_EGW_FI_RWS_TPC_DDM_IM,EvoGeneratorWrapper_EvolutionaryStrategy_EvoGeneratorWrapper_FactualInitiator_RouletteWheelSelector_TwoPointCrosser_DataDistributionMutator_ImprovementMeasure,2,EvoGeneratorWrapper,35,27,21,1,EvolutionaryStrategy,5,50,100,50,FactualInitiator,RouletteWheelSelector,TwoPointCrosser,,DataDistributionMutator,0.1,0.2,0.2,0.2,0.2,0.19999999999999996,486,35,27,1111,ImprovementMeasure,1,2,8
1,EvolutionaryStrategy,2,0.19826874136924744,2.5944394437404257,0.8461538461538461,0.8812966406583262,0.0,0.8669889569282532,6,0,1,0,33 > 01 > 02 > 21 > 22 > 04 > 03 > 00 > 05 > 00 > 08 > 00 > 11 > 00 > 12 > 06 > 13 > 15 > 16 > 14 > 17 > 29 > 26 > 28 > 00 > 00 > 34,33 > 01 > 02 > 21 > 22 > 03 > 04 > 23 > 05 > 07 > 09 > 08 > 10 > 11 > 12 > 06 > 13 > 15 > 16 > 14 > 17 > 29 > 26 > 28 > 27 > 20 > 34,1111,0:00:00.034076,0.03407645225524902,EGW_ES_EGW_FI_RWS_TPC_DDM_IM,EvoGeneratorWrapper_EvolutionaryStrategy_EvoGeneratorWrapper_FactualInitiator_RouletteWheelSelector_TwoPointCrosser_DataDistributionMutator_ImprovementMeasure,2,EvoGeneratorWrapper,35,27,21,1,EvolutionaryStrategy,5,50,100,50,FactualInitiator,RouletteWheelSelector,TwoPointCrosser,,DataDistributionMutator,0.1,0.2,0.2,0.2,0.2,0.19999999999999996,486,35,27,1111,ImprovementMeasure,1,2,9
1,EvolutionaryStrategy,1,0.10881195962429047,2.6558962527424086,0.8461538461538461,0.8831155454931339,0.0,0.9266268610954285,4,0,1,0,33 > 01 > 02 > 21 > 22 > 03 > 04 > 23 > 05 > 07 > 09 > 08 > 08 > 11 > 06 > 12 > 13 > 15 > 16 > 14 > 00 > 00 > 00 > 28 > 00 > 27 > 34,33 > 01 > 02 > 21 > 22 > 03 > 04 > 23 > 05 > 07 > 09 > 08 > 10 > 11 > 12 > 06 > 13 > 15 > 16 > 14 > 17 > 29 > 26 > 28 > 27 > 20 > 34,1111,0:00:00.034076,0.03407645225524902,EGW_ES_EGW_FI_RWS_TPC_DDM_IM,EvoGeneratorWrapper_EvolutionaryStrategy_EvoGeneratorWrapper_FactualInitiator_RouletteWheelSelector_TwoPointCrosser_DataDistributionMutator_ImprovementMeasure,2,EvoGeneratorWrapper,35,27,21,1,EvolutionaryStrategy,5,50,100,50,FactualInitiator,RouletteWheelSelector,TwoPointCrosser,,DataDistributionMutator,0.1,0.2,0.2,0.2,0.2,0.19999999999999996,486,35,27,1111,ImprovementMeasure,1,2,10
1,EvolutionaryStrategy,10,0.998752236366272,2.330678010934061,0.9807692307692307,0.9836341509801819,0.032941285917207526,0.3333333432674408,1,1,1,0,33 > 01 > 02 > 03 > 04 > 05 > 07 > 08 > 09 > 10 > 11 > 12 > 06 > 13 > 14 > 13 > 15 > 16 > 14 > 17 > 27 > 26 > 29 > 28 > 20 > 34,33 > 01 > 02 > 03 > 04 > 05 > 07 > 08 > 09 > 10 > 11 > 12 > 06 > 13 > 14 > 13 > 15 > 16 > 14 > 17 > 27 > 26 > 29 > 28 > 20 > 34,1111,0:00:00.034076,0.03407645225524902,EGW_ES_EGW_FI_RWS_TPC_DDM_IM,EvoGeneratorWrapper_EvolutionaryStrategy_EvoGeneratorWrapper_FactualInitiator_RouletteWheelSelector_TwoPointCrosser_DataDistributionMutator_ImprovementMeasure,2,EvoGeneratorWrapper,35,27,21,1,EvolutionaryStrategy,5,50,100,50,FactualInitiator,RouletteWheelSelector,TwoPointCrosser,,DataDistributionMutator,0.1,0.2,0.2,0.2,0.2,0.19999999999999996,486,35,27,1111,ImprovementMeasure,1,3,1
1,EvolutionaryStrategy,9,0.998752236366272,2.330678010934061,0.9807692307692307,0.9836341509801819,0.032941285917207526,0.3333333432674408,1,1,1,0,33 > 01 > 02 > 03 > 04 > 05 > 07 > 08 > 09 > 10 > 11 > 12 > 06 > 13 > 14 > 13 > 15 > 16 > 14 > 17 > 27 > 26 > 29 > 28 > 20 > 34,33 > 01 > 02 > 03 > 04 > 05 > 07 > 08 > 09 > 10 > 11 > 12 > 06 > 13 > 14 > 13 > 15 > 16 > 14 > 17 > 27 > 26 > 29 > 28 > 20 > 34,1111,0:00:00.034076,0.03407645225524902,EGW_ES_EGW_FI_RWS_TPC_DDM_IM,EvoGeneratorWrapper_EvolutionaryStrategy_EvoGeneratorWrapper_FactualInitiator_RouletteWheelSelector_TwoPointCrosser_DataDistributionMutator_ImprovementMeasure,2,EvoGeneratorWrapper,35,27,21,1,EvolutionaryStrategy,5,50,100,50,FactualInitiator,RouletteWheelSelector,TwoPointCrosser,,DataDistributionMutator,0.1,0.2,0.2,0.2,0.2,0.19999999999999996,486,35,27,1111,ImprovementMeasure,1,3,2
1,EvolutionaryStrategy,8,0.998752236366272,2.330678010934061,0.9807692307692307,0.9836341509801819,0.032941285917207526,0.3333333432674408,1,1,1,0,33 > 01 > 02 > 03 > 04 > 05 > 07 > 08 > 09 > 10 > 11 > 12 > 06 > 13 > 14 > 13 > 15 > 16 > 14 > 17 > 27 > 26 > 29 > 28 > 20 > 34,33 > 01 > 02 > 03 > 04 > 05 > 07 > 08 > 09 > 10 > 11 > 12 > 06 > 13 > 14 > 13 > 15 > 16 > 14 > 17 > 27 > 26 > 29 > 28 > 20 > 34,1111,0:00:00.034076,0.03407645225524902,EGW_ES_EGW_FI_RWS_TPC_DDM_IM,EvoGeneratorWrapper_EvolutionaryStrategy_EvoGeneratorWrapper_FactualInitiator_RouletteWheelSelector_TwoPointCrosser_DataDistributionMutator_ImprovementMeasure,2,EvoGeneratorWrapper,35,27,21,1,EvolutionaryStrategy,5,50,100,50,FactualInitiator,RouletteWheelSelector,TwoPointCrosser,,DataDistributionMutator,0.1,0.2,0.2,0.2,0.2,0.19999999999999996,486,35,27,1111,ImprovementMeasure,1,3,3
1,EvolutionaryStrategy,7,0.998752236366272,2.330678010934061,0.9807692307692307,0.9836341509801819,0.032941285917207526,0.3333333432674408,1,1,1,0,33 > 01 > 02 > 03 > 04 > 05 > 07 > 08 > 09 > 10 > 11 > 12 > 06 > 13 > 14 > 13 > 15 > 16 > 14 > 17 > 27 > 26 > 29 > 28 > 20 > 34,33 > 01 > 02 > 03 > 04 > 05 > 07 > 08 > 09 > 10 > 11 > 12 > 06 > 13 > 14 > 13 > 15 > 16 > 14 > 17 > 27 > 26 > 29 > 28 > 20 > 34,1111,0:00:00.034076,0.03407645225524902,EGW_ES_EGW_FI_RWS_TPC_DDM_IM,EvoGeneratorWrapper_EvolutionaryStrategy_EvoGeneratorWrapper_FactualInitiator_RouletteWheelSelector_TwoPointCrosser_DataDistributionMutator_ImprovementMeasure,2,EvoGeneratorWrapper,35,27,21,1,EvolutionaryStrategy,5,50,100,50,FactualInitiator,RouletteWheelSelector,TwoPointCrosser,,DataDistributionMutator,0.1,0.2,0.2,0.2,0.2,0.19999999999999996,486,35,27,1111,ImprovementMeasure,1,3,4
1,EvolutionaryStrategy,6,0.998752236366272,2.330678010934061,0.9807692307692307,0.9836341509801819,0.032941285917207526,0.3333333432674408,1,1,1,0,33 > 01 > 02 > 03 > 04 > 05 > 07 > 08 > 09 > 10 > 11 > 12 > 06 > 13 > 14 > 13 > 15 > 16 > 14 > 17 > 27 > 26 > 29 > 28 > 20 > 34,33 > 01 > 02 > 03 > 04 > 05 > 07 > 08 > 09 > 10 > 11 > 12 > 06 > 13 > 14 > 13 > 15 > 16 > 14 > 17 > 27 > 26 > 29 > 28 > 20 > 34,1111,0:00:00.034076,0.03407645225524902,EGW_ES_EGW_FI_RWS_TPC_DDM_IM,EvoGeneratorWrapper_EvolutionaryStrategy_EvoGeneratorWrapper_FactualInitiator_RouletteWheelSelector_TwoPointCrosser_DataDistributionMutator_ImprovementMeasure,2,EvoGeneratorWrapper,35,27,21,1,EvolutionaryStrategy,5,50,100,50,FactualInitiator,RouletteWheelSelector,TwoPointCrosser,,DataDistributionMutator,0.1,0.2,0.2,0.2,0.2,0.19999999999999996,486,35,27,1111,ImprovementMeasure,1,3,5
1,EvolutionaryStrategy,5,0.998752236366272,2.330678010934061,0.9807692307692307,0.9836341509801819,0.032941285917207526,0.3333333432674408,1,1,1,0,33 > 01 > 02 > 03 > 04 > 05 > 07 > 08 > 09 > 10 > 11 > 12 > 06 > 13 > 14 > 13 > 15 > 16 > 14 > 17 > 27 > 26 > 29 > 28 > 20 > 34,33 > 01 > 02 > 03 > 04 > 05 > 07 > 08 > 09 > 10 > 11 > 12 > 06 > 13 > 14 > 13 > 15 > 16 > 14 > 17 > 27 > 26 > 29 > 28 > 20 > 34,1111,0:00:00.034076,0.03407645225524902,EGW_ES_EGW_FI_RWS_TPC_DDM_IM,EvoGeneratorWrapper_EvolutionaryStrategy_EvoGeneratorWrapper_FactualInitiator_RouletteWheelSelector_TwoPointCrosser_DataDistributionMutator_ImprovementMeasure,2,EvoGeneratorWrapper,35,27,21,1,EvolutionaryStrategy,5,50,100,50,FactualInitiator,RouletteWheelSelector,TwoPointCrosser,,DataDistributionMutator,0.1,0.2,0.2,0.2,0.2,0.19999999999999996,486,35,27,1111,ImprovementMeasure,1,3,6
1,EvolutionaryStrategy,4,0.998752236366272,2.330678010934061,0.9807692307692307,0.9836341509801819,0.032941285917207526,0.3333333432674408,1,1,1,0,33 > 01 > 02 > 03 > 04 > 05 > 07 > 08 > 09 > 10 > 11 > 12 > 06 > 13 > 14 > 13 > 15 > 16 > 14 > 17 > 27 > 26 > 29 > 28 > 20 > 34,33 > 01 > 02 > 03 > 04 > 05 > 07 > 08 > 09 > 10 > 11 > 12 > 06 > 13 > 14 > 13 > 15 > 16 > 14 > 17 > 27 > 26 > 29 > 28 > 20 > 34,1111,0:00:00.034076,0.03407645225524902,EGW_ES_EGW_FI_RWS_TPC_DDM_IM,EvoGeneratorWrapper_EvolutionaryStrategy_EvoGeneratorWrapper_FactualInitiator_RouletteWheelSelector_TwoPointCrosser_DataDistributionMutator_ImprovementMeasure,2,EvoGeneratorWrapper,35,27,21,1,EvolutionaryStrategy,5,50,100,50,FactualInitiator,RouletteWheelSelector,TwoPointCrosser,,DataDistributionMutator,0.1,0.2,0.2,0.2,0.2,0.19999999999999996,486,35,27,1111,ImprovementMeasure,1,3,7
1,EvolutionaryStrategy,3,0.998752236366272,2.330678010934061,0.9807692307692307,0.9836341509801819,0.032941285917207526,0.3333333432674408,1,1,1,0,33 > 01 > 02 > 03 > 04 > 05 > 07 > 08 > 09 > 10 > 11 > 12 > 06 > 13 > 14 > 13 > 15 > 16 > 14 > 17 > 27 > 26 > 29 > 28 > 20 > 34,33 > 01 > 02 > 03 > 04 > 05 > 07 > 08 > 09 > 10 > 11 > 12 > 06 > 13 > 14 > 13 > 15 > 16 > 14 > 17 > 27 > 26 > 29 > 28 > 20 > 34,1111,0:00:00.034076,0.03407645225524902,EGW_ES_EGW_FI_RWS_TPC_DDM_IM,EvoGeneratorWrapper_EvolutionaryStrategy_EvoGeneratorWrapper_FactualInitiator_RouletteWheelSelector_TwoPointCrosser_DataDistributionMutator_ImprovementMeasure,2,EvoGeneratorWrapper,35,27,21,1,EvolutionaryStrategy,5,50,100,50,FactualInitiator,RouletteWheelSelector,TwoPointCrosser,,DataDistributionMutator,0.1,0.2,0.2,0.2,0.2,0.19999999999999996,486,35,27,1111,ImprovementMeasure,1,3,8
1,EvolutionaryStrategy,2,0.998752236366272,2.330678010934061,0.9807692307692307,0.9836341509801819,0.032941285917207526,0.3333333432674408,1,1,1,0,33 > 01 > 02 > 03 > 04 > 05 > 07 > 08 > 09 > 10 > 11 > 12 > 06 > 13 > 14 > 13 > 15 > 16 > 14 > 17 > 27 > 26 > 29 > 28 > 20 > 34,33 > 01 > 02 > 03 > 04 > 05 > 07 > 08 > 09 > 10 > 11 > 12 > 06 > 13 > 14 > 13 > 15 > 16 > 14 > 17 > 27 > 26 > 29 > 28 > 20 > 34,1111,0:00:00.034076,0.03407645225524902,EGW_ES_EGW_FI_RWS_TPC_DDM_IM,EvoGeneratorWrapper_EvolutionaryStrategy_EvoGeneratorWrapper_FactualInitiator_RouletteWheelSelector_TwoPointCrosser_DataDistributionMutator_ImprovementMeasure,2,EvoGeneratorWrapper,35,27,21,1,EvolutionaryStrategy,5,50,100,50,FactualInitiator,RouletteWheelSelector,TwoPointCrosser,,DataDistributionMutator,0.1,0.2,0.2,0.2,0.2,0.19999999999999996,486,35,27,1111,ImprovementMeasure,1,3,9
1,EvolutionaryStrategy,1,0.998752236366272,2.330678010934061,0.9807692307692307,0.9836341509801819,0.032941285917207526,0.3333333432674408,1,1,1,0,33 > 01 > 02 > 03 > 04 > 05 > 07 > 08 > 09 > 10 > 11 > 12 > 06 > 13 > 14 > 13 > 15 > 16 > 14 > 17 > 27 > 26 > 29 > 28 > 20 > 34,33 > 01 > 02 > 03 > 04 > 05 > 07 > 08 > 09 > 10 > 11 > 12 > 06 > 13 > 14 > 13 > 15 > 16 > 14 > 17 > 27 > 26 > 29 > 28 > 20 > 34,1111,0:00:00.034076,0.03407645225524902,EGW_ES_EGW_FI_RWS_TPC_DDM_IM,EvoGeneratorWrapper_EvolutionaryStrategy_EvoGeneratorWrapper_FactualInitiator_RouletteWheelSelector_TwoPointCrosser_DataDistributionMutator_ImprovementMeasure,2,EvoGeneratorWrapper,35,27,21,1,EvolutionaryStrategy,5,50,100,50,FactualInitiator,RouletteWheelSelector,TwoPointCrosser,,DataDistributionMutator,0.1,0.2,0.2,0.2,0.2,0.19999999999999996,486,35,27,1111,ImprovementMeasure,1,3,10
1,EvolutionaryStrategy,10,0.0004891036078333855,2.3418611359330286,1.0,1.0,0.008527792665587982,0.3333333432674408,0,0,0,1,33 > 01 > 02 > 21 > 22 > 03 > 04 > 23 > 05 > 06 > 05 > 06 > 05 > 07 > 09 > 08 > 10 > 11 > 12 > 06 > 13 > 14 > 13 > 25 > 24 > 14 > 34,33 > 01 > 02 > 21 > 22 > 03 > 04 > 23 > 05 > 06 > 05 > 06 > 05 > 07 > 09 > 08 > 10 > 11 > 12 > 06 > 13 > 14 > 13 > 25 > 24 > 14 > 34,1111,0:00:00.034076,0.03407645225524902,EGW_ES_EGW_FI_RWS_TPC_DDM_IM,EvoGeneratorWrapper_EvolutionaryStrategy_EvoGeneratorWrapper_FactualInitiator_RouletteWheelSelector_TwoPointCrosser_DataDistributionMutator_ImprovementMeasure,2,EvoGeneratorWrapper,35,27,21,1,EvolutionaryStrategy,5,50,100,50,FactualInitiator,RouletteWheelSelector,TwoPointCrosser,,DataDistributionMutator,0.1,0.2,0.2,0.2,0.2,0.19999999999999996,486,35,27,1111,ImprovementMeasure,1,4,1
1,EvolutionaryStrategy,9,0.0004891036078333855,2.3418611359330286,1.0,1.0,0.008527792665587982,0.3333333432674408,0,0,0,1,33 > 01 > 02 > 21 > 22 > 03 > 04 > 23 > 05 > 06 > 05 > 06 > 05 > 07 > 09 > 08 > 10 > 11 > 12 > 06 > 13 > 14 > 13 > 25 > 24 > 14 > 34,33 > 01 > 02 > 21 > 22 > 03 > 04 > 23 > 05 > 06 > 05 > 06 > 05 > 07 > 09 > 08 > 10 > 11 > 12 > 06 > 13 > 14 > 13 > 25 > 24 > 14 > 34,1111,0:00:00.034076,0.03407645225524902,EGW_ES_EGW_FI_RWS_TPC_DDM_IM,EvoGeneratorWrapper_EvolutionaryStrategy_EvoGeneratorWrapper_FactualInitiator_RouletteWheelSelector_TwoPointCrosser_DataDistributionMutator_ImprovementMeasure,2,EvoGeneratorWrapper,35,27,21,1,EvolutionaryStrategy,5,50,100,50,FactualInitiator,RouletteWheelSelector,TwoPointCrosser,,DataDistributionMutator,0.1,0.2,0.2,0.2,0.2,0.19999999999999996,486,35,27,1111,ImprovementMeasure,1,4,2
1,EvolutionaryStrategy,8,0.0004891036078333855,2.3418611359330286,1.0,1.0,0.008527792665587982,0.3333333432674408,0,0,0,1,33 > 01 > 02 > 21 > 22 > 03 > 04 > 23 > 05 > 06 > 05 > 06 > 05 > 07 > 09 > 08 > 10 > 11 > 12 > 06 > 13 > 14 > 13 > 25 > 24 > 14 > 34,33 > 01 > 02 > 21 > 22 > 03 > 04 > 23 > 05 > 06 > 05 > 06 > 05 > 07 > 09 > 08 > 10 > 11 > 12 > 06 > 13 > 14 > 13 > 25 > 24 > 14 > 34,1111,0:00:00.034076,0.03407645225524902,EGW_ES_EGW_FI_RWS_TPC_DDM_IM,EvoGeneratorWrapper_EvolutionaryStrategy_EvoGeneratorWrapper_FactualInitiator_RouletteWheelSelector_TwoPointCrosser_DataDistributionMutator_ImprovementMeasure,2,EvoGeneratorWrapper,35,27,21,1,EvolutionaryStrategy,5,50,100,50,FactualInitiator,RouletteWheelSelector,TwoPointCrosser,,DataDistributionMutator,0.1,0.2,0.2,0.2,0.2,0.19999999999999996,486,35,27,1111,ImprovementMeasure,1,4,3
1,EvolutionaryStrategy,7,0.0004891036078333855,2.3418611359330286,1.0,1.0,0.008527792665587982,0.3333333432674408,0,0,0,1,33 > 01 > 02 > 21 > 22 > 03 > 04 > 23 > 05 > 06 > 05 > 06 > 05 > 07 > 09 > 08 > 10 > 11 > 12 > 06 > 13 > 14 > 13 > 25 > 24 > 14 > 34,33 > 01 > 02 > 21 > 22 > 03 > 04 > 23 > 05 > 06 > 05 > 06 > 05 > 07 > 09 > 08 > 10 > 11 > 12 > 06 > 13 > 14 > 13 > 25 > 24 > 14 > 34,1111,0:00:00.034076,0.03407645225524902,EGW_ES_EGW_FI_RWS_TPC_DDM_IM,EvoGeneratorWrapper_EvolutionaryStrategy_EvoGeneratorWrapper_FactualInitiator_RouletteWheelSelector_TwoPointCrosser_DataDistributionMutator_ImprovementMeasure,2,EvoGeneratorWrapper,35,27,21,1,EvolutionaryStrategy,5,50,100,50,FactualInitiator,RouletteWheelSelector,TwoPointCrosser,,DataDistributionMutator,0.1,0.2,0.2,0.2,0.2,0.19999999999999996,486,35,27,1111,ImprovementMeasure,1,4,4
1,EvolutionaryStrategy,6,0.0004891036078333855,2.3418611359330286,1.0,1.0,0.008527792665587982,0.3333333432674408,0,0,0,1,33 > 01 > 02 > 21 > 22 > 03 > 04 > 23 > 05 > 06 > 05 > 06 > 05 > 07 > 09 > 08 > 10 > 11 > 12 > 06 > 13 > 14 > 13 > 25 > 24 > 14 > 34,33 > 01 > 02 > 21 > 22 > 03 > 04 > 23 > 05 > 06 > 05 > 06 > 05 > 07 > 09 > 08 > 10 > 11 > 12 > 06 > 13 > 14 > 13 > 25 > 24 > 14 > 34,1111,0:00:00.034076,0.03407645225524902,EGW_ES_EGW_FI_RWS_TPC_DDM_IM,EvoGeneratorWrapper_EvolutionaryStrategy_EvoGeneratorWrapper_FactualInitiator_RouletteWheelSelector_TwoPointCrosser_DataDistributionMutator_ImprovementMeasure,2,EvoGeneratorWrapper,35,27,21,1,EvolutionaryStrategy,5,50,100,50,FactualInitiator,RouletteWheelSelector,TwoPointCrosser,,DataDistributionMutator,0.1,0.2,0.2,0.2,0.2,0.19999999999999996,486,35,27,1111,ImprovementMeasure,1,4,5
1,EvolutionaryStrategy,5,0.0004891036078333855,2.3418611359330286,1.0,1.0,0.008527792665587982,0.3333333432674408,0,0,0,1,33 > 01 > 02 > 21 > 22 > 03 > 04 > 23 > 05 > 06 > 05 > 06 > 05 > 07 > 09 > 08 > 10 > 11 > 12 > 06 > 13 > 14 > 13 > 25 > 24 > 14 > 34,33 > 01 > 02 > 21 > 22 > 03 > 04 > 23 > 05 > 06 > 05 > 06 > 05 > 07 > 09 > 08 > 10 > 11 > 12 > 06 > 13 > 14 > 13 > 25 > 24 > 14 > 34,1111,0:00:00.034076,0.03407645225524902,EGW_ES_EGW_FI_RWS_TPC_DDM_IM,EvoGeneratorWrapper_EvolutionaryStrategy_EvoGeneratorWrapper_FactualInitiator_RouletteWheelSelector_TwoPointCrosser_DataDistributionMutator_ImprovementMeasure,2,EvoGeneratorWrapper,35,27,21,1,EvolutionaryStrategy,5,50,100,50,FactualInitiator,RouletteWheelSelector,TwoPointCrosser,,DataDistributionMutator,0.1,0.2,0.2,0.2,0.2,0.19999999999999996,486,35,27,1111,ImprovementMeasure,1,4,6
1,EvolutionaryStrategy,4,0.0004891036078333855,2.3418611359330286,1.0,1.0,0.008527792665587982,0.3333333432674408,0,0,0,1,33 > 01 > 02 > 21 > 22 > 03 > 04 > 23 > 05 > 06 > 05 > 06 > 05 > 07 > 09 > 08 > 10 > 11 > 12 > 06 > 13 > 14 > 13 > 25 > 24 > 14 > 34,33 > 01 > 02 > 21 > 22 > 03 > 04 > 23 > 05 > 06 > 05 > 06 > 05 > 07 > 09 > 08 > 10 > 11 > 12 > 06 > 13 > 14 > 13 > 25 > 24 > 14 > 34,1111,0:00:00.034076,0.03407645225524902,EGW_ES_EGW_FI_RWS_TPC_DDM_IM,EvoGeneratorWrapper_EvolutionaryStrategy_EvoGeneratorWrapper_FactualInitiator_RouletteWheelSelector_TwoPointCrosser_DataDistributionMutator_ImprovementMeasure,2,EvoGeneratorWrapper,35,27,21,1,EvolutionaryStrategy,5,50,100,50,FactualInitiator,RouletteWheelSelector,TwoPointCrosser,,DataDistributionMutator,0.1,0.2,0.2,0.2,0.2,0.19999999999999996,486,35,27,1111,ImprovementMeasure,1,4,7
1,EvolutionaryStrategy,3,0.0004891036078333855,2.3418611359330286,1.0,1.0,0.008527792665587982,0.3333333432674408,0,0,0,1,33 > 01 > 02 > 21 > 22 > 03 > 04 > 23 > 05 > 06 > 05 > 06 > 05 > 07 > 09 > 08 > 10 > 11 > 12 > 06 > 13 > 14 > 13 > 25 > 24 > 14 > 34,33 > 01 > 02 > 21 > 22 > 03 > 04 > 23 > 05 > 06 > 05 > 06 > 05 > 07 > 09 > 08 > 10 > 11 > 12 > 06 > 13 > 14 > 13 > 25 > 24 > 14 > 34,1111,0:00:00.034076,0.03407645225524902,EGW_ES_EGW_FI_RWS_TPC_DDM_IM,EvoGeneratorWrapper_EvolutionaryStrategy_EvoGeneratorWrapper_FactualInitiator_RouletteWheelSelector_TwoPointCrosser_DataDistributionMutator_ImprovementMeasure,2,EvoGeneratorWrapper,35,27,21,1,EvolutionaryStrategy,5,50,100,50,FactualInitiator,RouletteWheelSelector,TwoPointCrosser,,DataDistributionMutator,0.1,0.2,0.2,0.2,0.2,0.19999999999999996,486,35,27,1111,ImprovementMeasure,1,4,8
1,EvolutionaryStrategy,2,0.0004891036078333855,2.3418611359330286,1.0,1.0,0.008527792665587982,0.3333333432674408,0,0,0,1,33 > 01 > 02 > 21 > 22 > 03 > 04 > 23 > 05 > 06 > 05 > 06 > 05 > 07 > 09 > 08 > 10 > 11 > 12 > 06 > 13 > 14 > 13 > 25 > 24 > 14 > 34,33 > 01 > 02 > 21 > 22 > 03 > 04 > 23 > 05 > 06 > 05 > 06 > 05 > 07 > 09 > 08 > 10 > 11 > 12 > 06 > 13 > 14 > 13 > 25 > 24 > 14 > 34,1111,0:00:00.034076,0.03407645225524902,EGW_ES_EGW_FI_RWS_TPC_DDM_IM,EvoGeneratorWrapper_EvolutionaryStrategy_EvoGeneratorWrapper_FactualInitiator_RouletteWheelSelector_TwoPointCrosser_DataDistributionMutator_ImprovementMeasure,2,EvoGeneratorWrapper,35,27,21,1,EvolutionaryStrategy,5,50,100,50,FactualInitiator,RouletteWheelSelector,TwoPointCrosser,,DataDistributionMutator,0.1,0.2,0.2,0.2,0.2,0.19999999999999996,486,35,27,1111,ImprovementMeasure,1,4,9
1,EvolutionaryStrategy,1,0.0004891036078333855,2.3418611359330286,1.0,1.0,0.008527792665587982,0.3333333432674408,0,0,0,1,33 > 01 > 02 > 21 > 22 > 03 > 04 > 23 > 05 > 06 > 05 > 06 > 05 > 07 > 09 > 08 > 10 > 11 > 12 > 06 > 13 > 14 > 13 > 25 > 24 > 14 > 34,33 > 01 > 02 > 21 > 22 > 03 > 04 > 23 > 05 > 06 > 05 > 06 > 05 > 07 > 09 > 08 > 10 > 11 > 12 > 06 > 13 > 14 > 13 > 25 > 24 > 14 > 34,1111,0:00:00.034076,0.03407645225524902,EGW_ES_EGW_FI_RWS_TPC_DDM_IM,EvoGeneratorWrapper_EvolutionaryStrategy_EvoGeneratorWrapper_FactualInitiator_RouletteWheelSelector_TwoPointCrosser_DataDistributionMutator_ImprovementMeasure,2,EvoGeneratorWrapper,35,27,21,1,EvolutionaryStrategy,5,50,100,50,FactualInitiator,RouletteWheelSelector,TwoPointCrosser,,DataDistributionMutator,0.1,0.2,0.2,0.2,0.2,0.19999999999999996,486,35,27,1111,ImprovementMeasure,1,4,10
1,EvolutionaryStrategy,10,0.000501976755913347,2.380262985360558,1.0,1.0,0.046929642093117535,0.3333333432674408,7,0,0,1,33 > 01 > 02 > 03 > 04 > 05 > 07 > 08 > 09 > 10 > 11 > 12 > 06 > 13 > 14 > 13 > 25 > 24 > 14 > 34,33 > 01 > 02 > 03 > 04 > 05 > 07 > 08 > 09 > 10 > 11 > 12 > 06 > 13 > 14 > 13 > 25 > 24 > 14 > 34,1111,0:00:00.034076,0.03407645225524902,EGW_ES_EGW_FI_RWS_TPC_DDM_IM,EvoGeneratorWrapper_EvolutionaryStrategy_EvoGeneratorWrapper_FactualInitiator_RouletteWheelSelector_TwoPointCrosser_DataDistributionMutator_ImprovementMeasure,2,EvoGeneratorWrapper,35,27,21,1,EvolutionaryStrategy,5,50,100,50,FactualInitiator,RouletteWheelSelector,TwoPointCrosser,,DataDistributionMutator,0.1,0.2,0.2,0.2,0.2,0.19999999999999996,486,35,27,1111,ImprovementMeasure,1,5,1
1,EvolutionaryStrategy,9,0.000501976755913347,2.380262985360558,1.0,1.0,0.046929642093117535,0.3333333432674408,7,0,0,1,33 > 01 > 02 > 03 > 04 > 05 > 07 > 08 > 09 > 10 > 11 > 12 > 06 > 13 > 14 > 13 > 25 > 24 > 14 > 34,33 > 01 > 02 > 03 > 04 > 05 > 07 > 08 > 09 > 10 > 11 > 12 > 06 > 13 > 14 > 13 > 25 > 24 > 14 > 34,1111,0:00:00.034076,0.03407645225524902,EGW_ES_EGW_FI_RWS_TPC_DDM_IM,EvoGeneratorWrapper_EvolutionaryStrategy_EvoGeneratorWrapper_FactualInitiator_RouletteWheelSelector_TwoPointCrosser_DataDistributionMutator_ImprovementMeasure,2,EvoGeneratorWrapper,35,27,21,1,EvolutionaryStrategy,5,50,100,50,FactualInitiator,RouletteWheelSelector,TwoPointCrosser,,DataDistributionMutator,0.1,0.2,0.2,0.2,0.2,0.19999999999999996,486,35,27,1111,ImprovementMeasure,1,5,2
1,EvolutionaryStrategy,8,0.000501976755913347,2.380262985360558,1.0,1.0,0.046929642093117535,0.3333333432674408,7,0,0,1,33 > 01 > 02 > 03 > 04 > 05 > 07 > 08 > 09 > 10 > 11 > 12 > 06 > 13 > 14 > 13 > 25 > 24 > 14 > 34,33 > 01 > 02 > 03 > 04 > 05 > 07 > 08 > 09 > 10 > 11 > 12 > 06 > 13 > 14 > 13 > 25 > 24 > 14 > 34,1111,0:00:00.034076,0.03407645225524902,EGW_ES_EGW_FI_RWS_TPC_DDM_IM,EvoGeneratorWrapper_EvolutionaryStrategy_EvoGeneratorWrapper_FactualInitiator_RouletteWheelSelector_TwoPointCrosser_DataDistributionMutator_ImprovementMeasure,2,EvoGeneratorWrapper,35,27,21,1,EvolutionaryStrategy,5,50,100,50,FactualInitiator,RouletteWheelSelector,TwoPointCrosser,,DataDistributionMutator,0.1,0.2,0.2,0.2,0.2,0.19999999999999996,486,35,27,1111,ImprovementMeasure,1,5,3
1,EvolutionaryStrategy,7,0.000501976755913347,2.380262985360558,1.0,1.0,0.046929642093117535,0.3333333432674408,7,0,0,1,33 > 01 > 02 > 03 > 04 > 05 > 07 > 08 > 09 > 10 > 11 > 12 > 06 > 13 > 14 > 13 > 25 > 24 > 14 > 34,33 > 01 > 02 > 03 > 04 > 05 > 07 > 08 > 09 > 10 > 11 > 12 > 06 > 13 > 14 > 13 > 25 > 24 > 14 > 34,1111,0:00:00.034076,0.03407645225524902,EGW_ES_EGW_FI_RWS_TPC_DDM_IM,EvoGeneratorWrapper_EvolutionaryStrategy_EvoGeneratorWrapper_FactualInitiator_RouletteWheelSelector_TwoPointCrosser_DataDistributionMutator_ImprovementMeasure,2,EvoGeneratorWrapper,35,27,21,1,EvolutionaryStrategy,5,50,100,50,FactualInitiator,RouletteWheelSelector,TwoPointCrosser,,DataDistributionMutator,0.1,0.2,0.2,0.2,0.2,0.19999999999999996,486,35,27,1111,ImprovementMeasure,1,5,4
1,EvolutionaryStrategy,6,0.000501976755913347,2.380262985360558,1.0,1.0,0.046929642093117535,0.3333333432674408,7,0,0,1,33 > 01 > 02 > 03 > 04 > 05 > 07 > 08 > 09 > 10 > 11 > 12 > 06 > 13 > 14 > 13 > 25 > 24 > 14 > 34,33 > 01 > 02 > 03 > 04 > 05 > 07 > 08 > 09 > 10 > 11 > 12 > 06 > 13 > 14 > 13 > 25 > 24 > 14 > 34,1111,0:00:00.034076,0.03407645225524902,EGW_ES_EGW_FI_RWS_TPC_DDM_IM,EvoGeneratorWrapper_EvolutionaryStrategy_EvoGeneratorWrapper_FactualInitiator_RouletteWheelSelector_TwoPointCrosser_DataDistributionMutator_ImprovementMeasure,2,EvoGeneratorWrapper,35,27,21,1,EvolutionaryStrategy,5,50,100,50,FactualInitiator,RouletteWheelSelector,TwoPointCrosser,,DataDistributionMutator,0.1,0.2,0.2,0.2,0.2,0.19999999999999996,486,35,27,1111,ImprovementMeasure,1,5,5
1,EvolutionaryStrategy,5,0.000501976755913347,2.380262985360558,1.0,1.0,0.046929642093117535,0.3333333432674408,7,0,0,1,33 > 01 > 02 > 03 > 04 > 05 > 07 > 08 > 09 > 10 > 11 > 12 > 06 > 13 > 14 > 13 > 25 > 24 > 14 > 34,33 > 01 > 02 > 03 > 04 > 05 > 07 > 08 > 09 > 10 > 11 > 12 > 06 > 13 > 14 > 13 > 25 > 24 > 14 > 34,1111,0:00:00.034076,0.03407645225524902,EGW_ES_EGW_FI_RWS_TPC_DDM_IM,EvoGeneratorWrapper_EvolutionaryStrategy_EvoGeneratorWrapper_FactualInitiator_RouletteWheelSelector_TwoPointCrosser_DataDistributionMutator_ImprovementMeasure,2,EvoGeneratorWrapper,35,27,21,1,EvolutionaryStrategy,5,50,100,50,FactualInitiator,RouletteWheelSelector,TwoPointCrosser,,DataDistributionMutator,0.1,0.2,0.2,0.2,0.2,0.19999999999999996,486,35,27,1111,ImprovementMeasure,1,5,6
1,EvolutionaryStrategy,4,0.000501976755913347,2.380262985360558,1.0,1.0,0.046929642093117535,0.3333333432674408,7,0,0,1,33 > 01 > 02 > 03 > 04 > 05 > 07 > 08 > 09 > 10 > 11 > 12 > 06 > 13 > 14 > 13 > 25 > 24 > 14 > 34,33 > 01 > 02 > 03 > 04 > 05 > 07 > 08 > 09 > 10 > 11 > 12 > 06 > 13 > 14 > 13 > 25 > 24 > 14 > 34,1111,0:00:00.034076,0.03407645225524902,EGW_ES_EGW_FI_RWS_TPC_DDM_IM,EvoGeneratorWrapper_EvolutionaryStrategy_EvoGeneratorWrapper_FactualInitiator_RouletteWheelSelector_TwoPointCrosser_DataDistributionMutator_ImprovementMeasure,2,EvoGeneratorWrapper,35,27,21,1,EvolutionaryStrategy,5,50,100,50,FactualInitiator,RouletteWheelSelector,TwoPointCrosser,,DataDistributionMutator,0.1,0.2,0.2,0.2,0.2,0.19999999999999996,486,35,27,1111,ImprovementMeasure,1,5,7
1,EvolutionaryStrategy,3,0.000501976755913347,2.380262985360558,1.0,1.0,0.046929642093117535,0.3333333432674408,7,0,0,1,33 > 01 > 02 > 03 > 04 > 05 > 07 > 08 > 09 > 10 > 11 > 12 > 06 > 13 > 14 > 13 > 25 > 24 > 14 > 34,33 > 01 > 02 > 03 > 04 > 05 > 07 > 08 > 09 > 10 > 11 > 12 > 06 > 13 > 14 > 13 > 25 > 24 > 14 > 34,1111,0:00:00.034076,0.03407645225524902,EGW_ES_EGW_FI_RWS_TPC_DDM_IM,EvoGeneratorWrapper_EvolutionaryStrategy_EvoGeneratorWrapper_FactualInitiator_RouletteWheelSelector_TwoPointCrosser_DataDistributionMutator_ImprovementMeasure,2,EvoGeneratorWrapper,35,27,21,1,EvolutionaryStrategy,5,50,100,50,FactualInitiator,RouletteWheelSelector,TwoPointCrosser,,DataDistributionMutator,0.1,0.2,0.2,0.2,0.2,0.19999999999999996,486,35,27,1111,ImprovementMeasure,1,5,8
1,EvolutionaryStrategy,2,0.000501976755913347,2.380262985360558,1.0,1.0,0.046929642093117535,0.3333333432674408,7,0,0,1,33 > 01 > 02 > 03 > 04 > 05 > 07 > 08 > 09 > 10 > 11 > 12 > 06 > 13 > 14 > 13 > 25 > 24 > 14 > 34,33 > 01 > 02 > 03 > 04 > 05 > 07 > 08 > 09 > 10 > 11 > 12 > 06 > 13 > 14 > 13 > 25 > 24 > 14 > 34,1111,0:00:00.034076,0.03407645225524902,EGW_ES_EGW_FI_RWS_TPC_DDM_IM,EvoGeneratorWrapper_EvolutionaryStrategy_EvoGeneratorWrapper_FactualInitiator_RouletteWheelSelector_TwoPointCrosser_DataDistributionMutator_ImprovementMeasure,2,EvoGeneratorWrapper,35,27,21,1,EvolutionaryStrategy,5,50,100,50,FactualInitiator,RouletteWheelSelector,TwoPointCrosser,,DataDistributionMutator,0.1,0.2,0.2,0.2,0.2,0.19999999999999996,486,35,27,1111,ImprovementMeasure,1,5,9
1,EvolutionaryStrategy,1,0.000501976755913347,2.380262985360558,1.0,1.0,0.046929642093117535,0.3333333432674408,7,0,0,1,33 > 01 > 02 > 03 > 04 > 05 > 07 > 08 > 09 > 10 > 11 > 12 > 06 > 13 > 14 > 13 > 25 > 24 > 14 > 34,33 > 01 > 02 > 03 > 04 > 05 > 07 > 08 > 09 > 10 > 11 > 12 > 06 > 13 > 14 > 13 > 25 > 24 > 14 > 34,1111,0:00:00.034076,0.03407645225524902,EGW_ES_EGW_FI_RWS_TPC_DDM_IM,EvoGeneratorWrapper_EvolutionaryStrategy_EvoGeneratorWrapper_FactualInitiator_RouletteWheelSelector_TwoPointCrosser_DataDistributionMutator_ImprovementMeasure,2,EvoGeneratorWrapper,35,27,21,1,EvolutionaryStrategy,5,50,100,50,FactualInitiator,RouletteWheelSelector,TwoPointCrosser,,DataDistributionMutator,0.1,0.2,0.2,0.2,0.2,0.19999999999999996,486,35,27,1111,ImprovementMeasure,1,5,10
